Periode,Wilayah,Kode Wilayah,Kota/Kab,Kode Kota/Kab,Status Sekolah,Baik,Rusak Ringan,Rusak Sedang,Rusak Berat,Total Rusak,Jumlah
2021,PROV. ACEH,11,KAB. ACEH SELATAN,1101,Negeri,85,200,0,0,285,285
2021,PROV. ACEH,11,KAB. ACEH SELATAN,1101,Negeri dan Swasta,89,211,0,0,300,300
2021,PROV. ACEH,11,KAB. ACEH SELATAN,1101,Swasta,4,11,0,0,15,15
2021,PROV. ACEH,11,KAB. ACEH TENGGARA,1102,Negeri dan Swasta,67,198,0,0,265,265
2021,PROV. ACEH,11,KAB. ACEH TENGGARA,1102,Negeri,44,170,0,0,214,214
2021,PROV. ACEH,11,KAB. ACEH TENGGARA,1102,Swasta,23,28,0,0,51,51
2021,PROV. ACEH,11,KAB. ACEH TIMUR,1103,Negeri dan Swasta,125,209,0,0,334,334
2021,PROV. ACEH,11,KAB. ACEH TIMUR,1103,Negeri,117,206,0,0,323,323
2021,PROV. ACEH,11,KAB. ACEH TIMUR,1103,Swasta,8,3,0,0,11,11
2021,PROV. ACEH,11,KAB. ACEH TENGAH,1104,Swasta,11,3,0,0,14,14
2021,PROV. ACEH,11,KAB. ACEH TENGAH,1104,Negeri,77,152,0,0,229,229
2021,PROV. ACEH,11,KAB. ACEH TENGAH,1104,Negeri dan Swasta,88,155,0,0,243,243
2021,PROV. ACEH,11,KAB. ACEH BARAT,1105,Negeri,58,178,2,0,238,238
2021,PROV. ACEH,11,KAB. ACEH BARAT,1105,Swasta,8,10,0,0,18,18
2021,PROV. ACEH,11,KAB. ACEH BARAT,1105,Negeri dan Swasta,66,188,2,0,256,256
2021,PROV. ACEH,11,KAB. ACEH BESAR,1106,Swasta,32,34,0,0,66,66
2021,PROV. ACEH,11,KAB. ACEH BESAR,1106,Negeri,106,196,0,0,302,302
2021,PROV. ACEH,11,KAB. ACEH BESAR,1106,Negeri dan Swasta,138,230,0,0,368,368
2021,PROV. ACEH,11,KAB. PIDIE,1107,Swasta,16,11,0,0,27,27
2021,PROV. ACEH,11,KAB. PIDIE,1107,Negeri dan Swasta,172,245,0,0,417,417
2021,PROV. ACEH,11,KAB. PIDIE,1107,Negeri,156,234,0,0,390,390
2021,PROV. ACEH,11,KAB. ACEH UTARA,1108,Negeri,241,257,0,0,498,498
2021,PROV. ACEH,11,KAB. ACEH UTARA,1108,Negeri dan Swasta,293,283,0,0,576,576
2021,PROV. ACEH,11,KAB. ACEH UTARA,1108,Swasta,52,26,0,0,78,78
2021,PROV. ACEH,11,KAB. SIMEULUE,1109,Negeri,65,162,0,0,227,227
2021,PROV. ACEH,11,KAB. SIMEULUE,1109,Swasta,2,2,0,0,4,4
2021,PROV. ACEH,11,KAB. SIMEULUE,1109,Negeri dan Swasta,67,164,0,0,231,231
2021,PROV. ACEH,11,KAB. ACEH SINGKIL,1110,Negeri dan Swasta,94,115,0,0,209,209
2021,PROV. ACEH,11,KAB. ACEH SINGKIL,1110,Swasta,10,10,0,0,20,20
2021,PROV. ACEH,11,KAB. ACEH SINGKIL,1110,Negeri,84,105,0,0,189,189
2021,PROV. ACEH,11,KAB. BIREUEN,1111,Swasta,24,27,1,0,52,52
2021,PROV. ACEH,11,KAB. BIREUEN,1111,Negeri,102,229,1,0,332,332
2021,PROV. ACEH,11,KAB. BIREUEN,1111,Negeri dan Swasta,126,256,2,0,384,384
2021,PROV. ACEH,11,KAB. ACEH BARAT DAYA,1112,Negeri dan Swasta,74,105,0,0,179,179
2021,PROV. ACEH,11,KAB. ACEH BARAT DAYA,1112,Negeri,70,98,0,0,168,168
2021,PROV. ACEH,11,KAB. ACEH BARAT DAYA,1112,Swasta,4,7,0,0,11,11
2021,PROV. ACEH,11,KAB. GAYO LUES,1113,Negeri,40,97,0,0,137,137
2021,PROV. ACEH,11,KAB. GAYO LUES,1113,Negeri dan Swasta,48,101,0,0,149,149
2021,PROV. ACEH,11,KAB. GAYO LUES,1113,Swasta,8,4,0,0,12,12
2021,PROV. ACEH,11,KAB. ACEH JAYA,1114,Negeri,51,109,0,0,160,160
2021,PROV. ACEH,11,KAB. ACEH JAYA,1114,Negeri dan Swasta,54,117,0,0,171,171
2021,PROV. ACEH,11,KAB. ACEH JAYA,1114,Swasta,3,8,0,0,11,11
2021,PROV. ACEH,11,KAB. NAGAN RAYA,1115,Swasta,1,7,0,0,8,8
2021,PROV. ACEH,11,KAB. NAGAN RAYA,1115,Negeri,80,125,0,0,205,205
2021,PROV. ACEH,11,KAB. NAGAN RAYA,1115,Negeri dan Swasta,81,132,0,0,213,213
2021,PROV. ACEH,11,KAB. ACEH TAMIANG,1116,Negeri,120,137,0,0,257,257
2021,PROV. ACEH,11,KAB. ACEH TAMIANG,1116,Negeri dan Swasta,134,150,0,0,284,284
2021,PROV. ACEH,11,KAB. ACEH TAMIANG,1116,Swasta,14,13,0,0,27,27
2021,PROV. ACEH,11,KAB. BENER MERIAH,1117,Negeri,87,100,0,0,187,187
2021,PROV. ACEH,11,KAB. BENER MERIAH,1117,Negeri dan Swasta,102,101,0,0,203,203
2021,PROV. ACEH,11,KAB. BENER MERIAH,1117,Swasta,15,1,0,0,16,16
2021,PROV. ACEH,11,KAB. PIDIE JAYA,1118,Swasta,10,8,0,0,18,18
2021,PROV. ACEH,11,KAB. PIDIE JAYA,1118,Negeri,89,53,0,0,142,142
2021,PROV. ACEH,11,KAB. PIDIE JAYA,1118,Negeri dan Swasta,99,61,0,0,160,160
2021,PROV. ACEH,11,KOTA BANDA ACEH,1171,Swasta,34,16,0,0,50,50
2021,PROV. ACEH,11,KOTA BANDA ACEH,1171,Negeri dan Swasta,94,78,0,0,172,172
2021,PROV. ACEH,11,KOTA BANDA ACEH,1171,Negeri,60,62,0,0,122,122
2021,PROV. ACEH,11,KOTA SABANG,1172,Swasta,2,0,0,0,2,2
2021,PROV. ACEH,11,KOTA SABANG,1172,Negeri dan Swasta,10,29,0,0,39,39
2021,PROV. ACEH,11,KOTA SABANG,1172,Negeri,8,29,0,0,37,37
2021,PROV. ACEH,11,KOTA LHOKSEUMAWE,1173,Negeri dan Swasta,69,63,0,0,132,132
2021,PROV. ACEH,11,KOTA LHOKSEUMAWE,1173,Swasta,25,10,0,0,35,35
2021,PROV. ACEH,11,KOTA LHOKSEUMAWE,1173,Negeri,44,53,0,0,97,97
2021,PROV. ACEH,11,KOTA LANGSA,1174,Negeri,40,49,0,0,89,89
2021,PROV. ACEH,11,KOTA LANGSA,1174,Swasta,11,12,0,0,23,23
2021,PROV. ACEH,11,KOTA LANGSA,1174,Negeri dan Swasta,51,61,0,0,112,112
2021,PROV. ACEH,11,KOTA SUBULUSSALAM,1175,Swasta,3,12,0,0,15,15
2021,PROV. ACEH,11,KOTA SUBULUSSALAM,1175,Negeri,55,76,0,0,131,131
2021,PROV. ACEH,11,KOTA SUBULUSSALAM,1175,Negeri dan Swasta,58,88,0,0,146,146
2021,PROV. SUMATERA UTARA,12,KAB. TAPANULI TENGAH,1201,Swasta,27,23,0,0,50,50
2021,PROV. SUMATERA UTARA,12,KAB. TAPANULI TENGAH,1201,Negeri dan Swasta,120,217,0,0,337,337
2021,PROV. SUMATERA UTARA,12,KAB. TAPANULI TENGAH,1201,Negeri,93,194,0,0,287,287
2021,PROV. SUMATERA UTARA,12,KAB. TAPANULI UTARA,1202,Negeri,106,140,0,0,246,246
2021,PROV. SUMATERA UTARA,12,KAB. TAPANULI UTARA,1202,Negeri dan Swasta,121,160,0,0,281,281
2021,PROV. SUMATERA UTARA,12,KAB. TAPANULI UTARA,1202,Swasta,15,20,0,0,35,35
2021,PROV. SUMATERA UTARA,12,KAB. TAPANULI SELATAN,1203,Swasta,5,9,0,0,14,14
2021,PROV. SUMATERA UTARA,12,KAB. TAPANULI SELATAN,1203,Negeri dan Swasta,73,143,0,0,216,216
2021,PROV. SUMATERA UTARA,12,KAB. TAPANULI SELATAN,1203,Negeri,68,134,0,0,202,202
2021,PROV. SUMATERA UTARA,12,KAB. NIAS,1204,Negeri,77,153,0,0,230,230
2021,PROV. SUMATERA UTARA,12,KAB. NIAS,1204,Swasta,8,4,0,0,12,12
2021,PROV. SUMATERA UTARA,12,KAB. NIAS,1204,Negeri dan Swasta,85,157,0,0,242,242
2021,PROV. SUMATERA UTARA,12,KAB. LANGKAT,1205,Negeri,150,260,0,0,410,410
2021,PROV. SUMATERA UTARA,12,KAB. LANGKAT,1205,Swasta,105,126,0,0,231,231
2021,PROV. SUMATERA UTARA,12,KAB. LANGKAT,1205,Negeri dan Swasta,255,386,0,0,641,641
2021,PROV. SUMATERA UTARA,12,KAB. KARO,1206,Negeri dan Swasta,155,223,0,0,378,378
2021,PROV. SUMATERA UTARA,12,KAB. KARO,1206,Negeri,116,183,0,0,299,299
2021,PROV. SUMATERA UTARA,12,KAB. KARO,1206,Swasta,39,40,0,0,79,79
2021,PROV. SUMATERA UTARA,12,KAB. DELI SERDANG,1207,Negeri dan Swasta,744,562,1,0,1307,1307
2021,PROV. SUMATERA UTARA,12,KAB. DELI SERDANG,1207,Swasta,414,248,1,0,663,663
2021,PROV. SUMATERA UTARA,12,KAB. DELI SERDANG,1207,Negeri,330,314,0,0,644,644
2021,PROV. SUMATERA UTARA,12,KAB. SIMALUNGUN,1208,Negeri,194,257,0,0,451,451
2021,PROV. SUMATERA UTARA,12,KAB. SIMALUNGUN,1208,Negeri dan Swasta,281,356,0,0,637,637
2021,PROV. SUMATERA UTARA,12,KAB. SIMALUNGUN,1208,Swasta,87,99,0,0,186,186
2021,PROV. SUMATERA UTARA,12,KAB. ASAHAN,1209,Negeri,129,190,1,0,320,320
2021,PROV. SUMATERA UTARA,12,KAB. ASAHAN,1209,Swasta,71,49,0,0,120,120
2021,PROV. SUMATERA UTARA,12,KAB. ASAHAN,1209,Negeri dan Swasta,200,239,1,0,440,440
2021,PROV. SUMATERA UTARA,12,KAB. LABUHANBATU,1210,Swasta,56,28,0,0,84,84
2021,PROV. SUMATERA UTARA,12,KAB. LABUHANBATU,1210,Negeri,92,139,0,0,231,231
2021,PROV. SUMATERA UTARA,12,KAB. LABUHANBATU,1210,Negeri dan Swasta,148,167,0,0,315,315
2021,PROV. SUMATERA UTARA,12,KAB. DAIRI,1211,Negeri,114,175,0,0,289,289
2021,PROV. SUMATERA UTARA,12,KAB. DAIRI,1211,Swasta,23,29,0,0,52,52
2021,PROV. SUMATERA UTARA,12,KAB. DAIRI,1211,Negeri dan Swasta,137,204,0,0,341,341
2021,PROV. SUMATERA UTARA,12,KAB. TOBA,1212,Negeri,78,167,0,0,245,245
2021,PROV. SUMATERA UTARA,12,KAB. TOBA,1212,Negeri dan Swasta,89,185,0,0,274,274
2021,PROV. SUMATERA UTARA,12,KAB. TOBA,1212,Swasta,11,18,0,0,29,29
2021,PROV. SUMATERA UTARA,12,KAB. MANDAILING NATAL,1213,Swasta,15,11,0,0,26,26
2021,PROV. SUMATERA UTARA,12,KAB. MANDAILING NATAL,1213,Negeri,140,209,0,0,349,349
2021,PROV. SUMATERA UTARA,12,KAB. MANDAILING NATAL,1213,Negeri dan Swasta,155,220,0,0,375,375
2021,PROV. SUMATERA UTARA,12,KAB. NIAS SELATAN,1214,Negeri,122,232,1,0,355,355
2021,PROV. SUMATERA UTARA,12,KAB. NIAS SELATAN,1214,Swasta,11,26,0,0,37,37
2021,PROV. SUMATERA UTARA,12,KAB. NIAS SELATAN,1214,Negeri dan Swasta,133,258,1,0,392,392
2021,PROV. SUMATERA UTARA,12,KAB. PAKPAK BHARAT,1215,Swasta,0,0,0,0,0,0
2021,PROV. SUMATERA UTARA,12,KAB. PAKPAK BHARAT,1215,Negeri,30,63,0,0,93,93
2021,PROV. SUMATERA UTARA,12,KAB. PAKPAK BHARAT,1215,Negeri dan Swasta,30,63,0,0,93,93
2021,PROV. SUMATERA UTARA,12,KAB. HUMBANG HASUNDUTAN,1216,Negeri,84,161,0,0,245,245
2021,PROV. SUMATERA UTARA,12,KAB. HUMBANG HASUNDUTAN,1216,Swasta,7,13,0,0,20,20
2021,PROV. SUMATERA UTARA,12,KAB. HUMBANG HASUNDUTAN,1216,Negeri dan Swasta,91,174,0,0,265,265
2021,PROV. SUMATERA UTARA,12,KAB. SAMOSIR,1217,Negeri dan Swasta,90,160,0,0,250,250
2021,PROV. SUMATERA UTARA,12,KAB. SAMOSIR,1217,Swasta,15,14,0,0,29,29
2021,PROV. SUMATERA UTARA,12,KAB. SAMOSIR,1217,Negeri,75,146,0,0,221,221
2021,PROV. SUMATERA UTARA,12,KAB. SERDANG BEDAGAI,1218,Negeri,168,281,0,0,449,449
2021,PROV. SUMATERA UTARA,12,KAB. SERDANG BEDAGAI,1218,Negeri dan Swasta,238,333,0,0,571,571
2021,PROV. SUMATERA UTARA,12,KAB. SERDANG BEDAGAI,1218,Swasta,70,52,0,0,122,122
2021,PROV. SUMATERA UTARA,12,KAB. BATU BARA,1219,Swasta,41,28,0,0,69,69
2021,PROV. SUMATERA UTARA,12,KAB. BATU BARA,1219,Negeri,100,180,0,0,280,280
2021,PROV. SUMATERA UTARA,12,KAB. BATU BARA,1219,Negeri dan Swasta,141,208,0,0,349,349
2021,PROV. SUMATERA UTARA,12,KAB. PADANG LAWAS UTARA,1220,Negeri,188,125,0,0,313,313
2021,PROV. SUMATERA UTARA,12,KAB. PADANG LAWAS UTARA,1220,Swasta,8,10,0,0,18,18
2021,PROV. SUMATERA UTARA,12,KAB. PADANG LAWAS UTARA,1220,Negeri dan Swasta,196,135,0,0,331,331
2021,PROV. SUMATERA UTARA,12,KAB. PADANG LAWAS,1221,Swasta,13,12,0,0,25,25
2021,PROV. SUMATERA UTARA,12,KAB. PADANG LAWAS,1221,Negeri dan Swasta,71,93,0,0,164,164
2021,PROV. SUMATERA UTARA,12,KAB. PADANG LAWAS,1221,Negeri,58,81,0,0,139,139
2021,PROV. SUMATERA UTARA,12,KAB. LABUHANBATU SELATAN,1222,Swasta,23,23,0,0,46,46
2021,PROV. SUMATERA UTARA,12,KAB. LABUHANBATU SELATAN,1222,Negeri dan Swasta,134,140,0,0,274,274
2021,PROV. SUMATERA UTARA,12,KAB. LABUHANBATU SELATAN,1222,Negeri,111,117,0,0,228,228
2021,PROV. SUMATERA UTARA,12,KAB. LABUHANBATU UTARA,1223,Negeri dan Swasta,101,152,0,0,253,253
2021,PROV. SUMATERA UTARA,12,KAB. LABUHANBATU UTARA,1223,Negeri,71,124,0,0,195,195
2021,PROV. SUMATERA UTARA,12,KAB. LABUHANBATU UTARA,1223,Swasta,30,28,0,0,58,58
2021,PROV. SUMATERA UTARA,12,KAB. NIAS UTARA,1224,Swasta,3,10,0,0,13,13
2021,PROV. SUMATERA UTARA,12,KAB. NIAS UTARA,1224,Negeri dan Swasta,53,170,1,0,224,224
2021,PROV. SUMATERA UTARA,12,KAB. NIAS UTARA,1224,Negeri,50,160,1,0,211,211
2021,PROV. SUMATERA UTARA,12,KAB. NIAS BARAT,1225,Negeri,62,118,0,0,180,180
2021,PROV. SUMATERA UTARA,12,KAB. NIAS BARAT,1225,Negeri dan Swasta,63,120,0,0,183,183
2021,PROV. SUMATERA UTARA,12,KAB. NIAS BARAT,1225,Swasta,1,2,0,0,3,3
2021,PROV. SUMATERA UTARA,12,KOTA MEDAN,1271,Negeri dan Swasta,1048,503,0,0,1551,1551
2021,PROV. SUMATERA UTARA,12,KOTA MEDAN,1271,Swasta,830,340,0,0,1170,1170
2021,PROV. SUMATERA UTARA,12,KOTA MEDAN,1271,Negeri,218,163,0,0,381,381
2021,PROV. SUMATERA UTARA,12,KOTA PEMATANGSIANTAR,1272,Swasta,74,49,0,0,123,123
2021,PROV. SUMATERA UTARA,12,KOTA PEMATANGSIANTAR,1272,Negeri dan Swasta,131,118,0,0,249,249
2021,PROV. SUMATERA UTARA,12,KOTA PEMATANGSIANTAR,1272,Negeri,57,69,0,0,126,126
2021,PROV. SUMATERA UTARA,12,KOTA SIBOLGA,1273,Negeri,30,16,0,0,46,46
2021,PROV. SUMATERA UTARA,12,KOTA SIBOLGA,1273,Swasta,15,9,0,0,24,24
2021,PROV. SUMATERA UTARA,12,KOTA SIBOLGA,1273,Negeri dan Swasta,45,25,0,0,70,70
2021,PROV. SUMATERA UTARA,12,KOTA TANJUNG BALAI,1274,Negeri,34,61,0,0,95,95
2021,PROV. SUMATERA UTARA,12,KOTA TANJUNG BALAI,1274,Negeri dan Swasta,51,67,0,0,118,118
2021,PROV. SUMATERA UTARA,12,KOTA TANJUNG BALAI,1274,Swasta,17,6,0,0,23,23
2021,PROV. SUMATERA UTARA,12,KOTA BINJAI,1275,Swasta,53,62,0,0,115,115
2021,PROV. SUMATERA UTARA,12,KOTA BINJAI,1275,Negeri,58,95,0,0,153,153
2021,PROV. SUMATERA UTARA,12,KOTA BINJAI,1275,Negeri dan Swasta,111,157,0,0,268,268
2021,PROV. SUMATERA UTARA,12,KOTA TEBING TINGGI,1276,Negeri dan Swasta,87,56,0,0,143,143
2021,PROV. SUMATERA UTARA,12,KOTA TEBING TINGGI,1276,Swasta,34,14,0,0,48,48
2021,PROV. SUMATERA UTARA,12,KOTA TEBING TINGGI,1276,Negeri,53,42,0,0,95,95
2021,PROV. SUMATERA UTARA,12,KOTA PADANG SIDEMPUAN,1277,Negeri dan Swasta,67,80,0,0,147,147
2021,PROV. SUMATERA UTARA,12,KOTA PADANG SIDEMPUAN,1277,Negeri,38,58,0,0,96,96
2021,PROV. SUMATERA UTARA,12,KOTA PADANG SIDEMPUAN,1277,Swasta,29,22,0,0,51,51
2021,PROV. SUMATERA UTARA,12,KOTA GUNUNGSITOLI,1278,Negeri dan Swasta,57,107,0,0,164,164
2021,PROV. SUMATERA UTARA,12,KOTA GUNUNGSITOLI,1278,Swasta,14,11,0,0,25,25
2021,PROV. SUMATERA UTARA,12,KOTA GUNUNGSITOLI,1278,Negeri,43,96,0,0,139,139
2021,PROV. SUMATERA BARAT,13,KAB. PESISIR SELATAN,1301,Negeri dan Swasta,176,301,0,0,477,477
2021,PROV. SUMATERA BARAT,13,KAB. PESISIR SELATAN,1301,Swasta,14,7,0,0,21,21
2021,PROV. SUMATERA BARAT,13,KAB. PESISIR SELATAN,1301,Negeri,162,294,0,0,456,456
2021,PROV. SUMATERA BARAT,13,KAB. SOLOK,1302,Negeri,133,193,0,0,326,326
2021,PROV. SUMATERA BARAT,13,KAB. SOLOK,1302,Negeri dan Swasta,148,199,0,0,347,347
2021,PROV. SUMATERA BARAT,13,KAB. SOLOK,1302,Swasta,15,6,0,0,21,21
2021,PROV. SUMATERA BARAT,13,KAB. SIJUNJUNG,1303,Negeri,107,139,0,0,246,246
2021,PROV. SUMATERA BARAT,13,KAB. SIJUNJUNG,1303,Swasta,15,6,0,0,21,21
2021,PROV. SUMATERA BARAT,13,KAB. SIJUNJUNG,1303,Negeri dan Swasta,122,145,0,0,267,267
2021,PROV. SUMATERA BARAT,13,KAB. TANAH DATAR,1304,Negeri dan Swasta,129,208,1,0,338,338
2021,PROV. SUMATERA BARAT,13,KAB. TANAH DATAR,1304,Negeri,110,203,1,0,314,314
2021,PROV. SUMATERA BARAT,13,KAB. TANAH DATAR,1304,Swasta,19,5,0,0,24,24
2021,PROV. SUMATERA BARAT,13,KAB. PADANG PARIAMAN,1305,Negeri,149,260,0,0,409,409
2021,PROV. SUMATERA BARAT,13,KAB. PADANG PARIAMAN,1305,Negeri dan Swasta,159,274,0,0,433,433
2021,PROV. SUMATERA BARAT,13,KAB. PADANG PARIAMAN,1305,Swasta,10,14,0,0,24,24
2021,PROV. SUMATERA BARAT,13,KAB. AGAM,1306,Swasta,17,10,0,0,27,27
2021,PROV. SUMATERA BARAT,13,KAB. AGAM,1306,Negeri dan Swasta,200,217,0,0,417,417
2021,PROV. SUMATERA BARAT,13,KAB. AGAM,1306,Negeri,183,207,0,0,390,390
2021,PROV. SUMATERA BARAT,13,KAB. LIMA PULUH KOTA,1307,Negeri dan Swasta,175,220,0,0,395,395
2021,PROV. SUMATERA BARAT,13,KAB. LIMA PULUH KOTA,1307,Swasta,13,5,0,0,18,18
2021,PROV. SUMATERA BARAT,13,KAB. LIMA PULUH KOTA,1307,Negeri,162,215,0,0,377,377
2021,PROV. SUMATERA BARAT,13,KAB. PASAMAN,1308,Negeri,133,145,0,0,278,278
2021,PROV. SUMATERA BARAT,13,KAB. PASAMAN,1308,Negeri dan Swasta,138,146,0,0,284,284
2021,PROV. SUMATERA BARAT,13,KAB. PASAMAN,1308,Swasta,5,1,0,0,6,6
2021,PROV. SUMATERA BARAT,13,KAB. KEPULAUAN MENTAWAI,1309,Negeri dan Swasta,65,92,0,0,157,157
2021,PROV. SUMATERA BARAT,13,KAB. KEPULAUAN MENTAWAI,1309,Swasta,8,8,0,0,16,16
2021,PROV. SUMATERA BARAT,13,KAB. KEPULAUAN MENTAWAI,1309,Negeri,57,84,0,0,141,141
2021,PROV. SUMATERA BARAT,13,KAB. DHARMASRAYA,1310,Swasta,11,6,0,0,17,17
2021,PROV. SUMATERA BARAT,13,KAB. DHARMASRAYA,1310,Negeri dan Swasta,93,143,0,0,236,236
2021,PROV. SUMATERA BARAT,13,KAB. DHARMASRAYA,1310,Negeri,82,137,0,0,219,219
2021,PROV. SUMATERA BARAT,13,KAB. SOLOK SELATAN,1311,Negeri dan Swasta,90,132,0,0,222,222
2021,PROV. SUMATERA BARAT,13,KAB. SOLOK SELATAN,1311,Swasta,7,3,0,0,10,10
2021,PROV. SUMATERA BARAT,13,KAB. SOLOK SELATAN,1311,Negeri,83,129,0,0,212,212
2021,PROV. SUMATERA BARAT,13,KAB. PASAMAN BARAT,1312,Negeri,127,192,0,0,319,319
2021,PROV. SUMATERA BARAT,13,KAB. PASAMAN BARAT,1312,Negeri dan Swasta,151,210,0,0,361,361
2021,PROV. SUMATERA BARAT,13,KAB. PASAMAN BARAT,1312,Swasta,24,18,0,0,42,42
2021,PROV. SUMATERA BARAT,13,KOTA PADANG,1371,Negeri,210,193,0,0,403,403
2021,PROV. SUMATERA BARAT,13,KOTA PADANG,1371,Negeri dan Swasta,341,264,0,0,605,605
2021,PROV. SUMATERA BARAT,13,KOTA PADANG,1371,Swasta,131,71,0,0,202,202
2021,PROV. SUMATERA BARAT,13,KOTA SOLOK,1372,Swasta,7,8,0,0,15,15
2021,PROV. SUMATERA BARAT,13,KOTA SOLOK,1372,Negeri dan Swasta,35,40,0,0,75,75
2021,PROV. SUMATERA BARAT,13,KOTA SOLOK,1372,Negeri,28,32,0,0,60,60
2021,PROV. SUMATERA BARAT,13,KOTA SAWAHLUNTO,1373,Negeri,15,56,0,0,71,71
2021,PROV. SUMATERA BARAT,13,KOTA SAWAHLUNTO,1373,Swasta,8,4,0,0,12,12
2021,PROV. SUMATERA BARAT,13,KOTA SAWAHLUNTO,1373,Negeri dan Swasta,23,60,0,0,83,83
2021,PROV. SUMATERA BARAT,13,KOTA PADANG PANJANG,1374,Negeri dan Swasta,30,42,0,0,72,72
2021,PROV. SUMATERA BARAT,13,KOTA PADANG PANJANG,1374,Swasta,12,8,0,0,20,20
2021,PROV. SUMATERA BARAT,13,KOTA PADANG PANJANG,1374,Negeri,18,34,0,0,52,52
2021,PROV. SUMATERA BARAT,13,KOTA BUKITTINGGI,1375,Negeri,38,27,0,0,65,65
2021,PROV. SUMATERA BARAT,13,KOTA BUKITTINGGI,1375,Swasta,23,20,0,0,43,43
2021,PROV. SUMATERA BARAT,13,KOTA BUKITTINGGI,1375,Negeri dan Swasta,61,47,0,0,108,108
2021,PROV. SUMATERA BARAT,13,KOTA PAYAKUMBUH,1376,Negeri,40,45,0,0,85,85
2021,PROV. SUMATERA BARAT,13,KOTA PAYAKUMBUH,1376,Negeri dan Swasta,57,60,0,0,117,117
2021,PROV. SUMATERA BARAT,13,KOTA PAYAKUMBUH,1376,Swasta,17,15,0,0,32,32
2021,PROV. SUMATERA BARAT,13,KOTA PARIAMAN,1377,Swasta,13,4,0,0,17,17
2021,PROV. SUMATERA BARAT,13,KOTA PARIAMAN,1377,Negeri dan Swasta,45,69,0,0,114,114
2021,PROV. SUMATERA BARAT,13,KOTA PARIAMAN,1377,Negeri,32,65,0,0,97,97
2021,PROV. RIAU,14,KAB. KAMPAR,1401,Negeri,259,264,1,0,524,524
2021,PROV. RIAU,14,KAB. KAMPAR,1401,Negeri dan Swasta,311,292,1,0,604,604
2021,PROV. RIAU,14,KAB. KAMPAR,1401,Swasta,52,28,0,0,80,80
2021,PROV. RIAU,14,KAB. INDRAGIRI HULU,1402,Negeri dan Swasta,145,159,0,0,304,304
2021,PROV. RIAU,14,KAB. INDRAGIRI HULU,1402,Negeri,120,141,0,0,261,261
2021,PROV. RIAU,14,KAB. INDRAGIRI HULU,1402,Swasta,25,18,0,0,43,43
2021,PROV. RIAU,14,KAB. BENGKALIS,1403,Negeri dan Swasta,232,271,0,0,503,503
2021,PROV. RIAU,14,KAB. BENGKALIS,1403,Negeri,189,234,0,0,423,423
2021,PROV. RIAU,14,KAB. BENGKALIS,1403,Swasta,43,37,0,0,80,80
2021,PROV. RIAU,14,KAB. INDRAGIRI HILIR,1404,Negeri dan Swasta,209,333,0,0,542,542
2021,PROV. RIAU,14,KAB. INDRAGIRI HILIR,1404,Negeri,180,281,0,0,461,461
2021,PROV. RIAU,14,KAB. INDRAGIRI HILIR,1404,Swasta,29,52,0,0,81,81
2021,PROV. RIAU,14,KAB. PELALAWAN,1405,Negeri dan Swasta,187,156,0,0,343,343
2021,PROV. RIAU,14,KAB. PELALAWAN,1405,Negeri,141,138,0,0,279,279
2021,PROV. RIAU,14,KAB. PELALAWAN,1405,Swasta,46,18,0,0,64,64
2021,PROV. RIAU,14,KAB. ROKAN HULU,1406,Negeri,173,170,0,0,343,343
2021,PROV. RIAU,14,KAB. ROKAN HULU,1406,Swasta,35,27,0,0,62,62
2021,PROV. RIAU,14,KAB. ROKAN HULU,1406,Negeri dan Swasta,208,197,0,0,405,405
2021,PROV. RIAU,14,KAB. ROKAN HILIR,1407,Negeri dan Swasta,230,196,1,0,427,427
2021,PROV. RIAU,14,KAB. ROKAN HILIR,1407,Swasta,65,78,1,0,144,144
2021,PROV. RIAU,14,KAB. ROKAN HILIR,1407,Negeri,165,118,0,0,283,283
2021,PROV. RIAU,14,KAB. SIAK,1408,Swasta,37,21,0,0,58,58
2021,PROV. RIAU,14,KAB. SIAK,1408,Negeri,175,140,0,0,315,315
2021,PROV. RIAU,14,KAB. SIAK,1408,Negeri dan Swasta,212,161,0,0,373,373
2021,PROV. RIAU,14,KAB. KUANTAN SINGINGI,1409,Swasta,10,4,0,0,14,14
2021,PROV. RIAU,14,KAB. KUANTAN SINGINGI,1409,Negeri,113,185,0,0,298,298
2021,PROV. RIAU,14,KAB. KUANTAN SINGINGI,1409,Negeri dan Swasta,123,189,0,0,312,312
2021,PROV. RIAU,14,KAB. KEPULAUAN MERANTI,1410,Swasta,17,11,0,0,28,28
2021,PROV. RIAU,14,KAB. KEPULAUAN MERANTI,1410,Negeri dan Swasta,122,120,0,0,242,242
2021,PROV. RIAU,14,KAB. KEPULAUAN MERANTI,1410,Negeri,105,109,0,0,214,214
2021,PROV. RIAU,14,KOTA PEKANBARU,1471,Swasta,149,72,0,0,221,221
2021,PROV. RIAU,14,KOTA PEKANBARU,1471,Negeri dan Swasta,240,174,0,0,414,414
2021,PROV. RIAU,14,KOTA PEKANBARU,1471,Negeri,91,102,0,0,193,193
2021,PROV. RIAU,14,KOTA DUMAI,1472,Negeri,72,83,0,0,155,155
2021,PROV. RIAU,14,KOTA DUMAI,1472,Negeri dan Swasta,111,98,0,0,209,209
2021,PROV. RIAU,14,KOTA DUMAI,1472,Swasta,39,15,0,0,54,54
2021,PROV. JAMBI,15,KAB. KERINCI,1501,Negeri,126,196,1,0,323,323
2021,PROV. JAMBI,15,KAB. KERINCI,1501,Negeri dan Swasta,127,201,1,0,329,329
2021,PROV. JAMBI,15,KAB. KERINCI,1501,Swasta,1,5,0,0,6,6
2021,PROV. JAMBI,15,KAB. MERANGIN,1502,Swasta,8,7,0,0,15,15
2021,PROV. JAMBI,15,KAB. MERANGIN,1502,Negeri dan Swasta,118,230,0,0,348,348
2021,PROV. JAMBI,15,KAB. MERANGIN,1502,Negeri,110,223,0,0,333,333
2021,PROV. JAMBI,15,KAB. SAROLANGUN,1503,Swasta,14,28,0,0,42,42
2021,PROV. JAMBI,15,KAB. SAROLANGUN,1503,Negeri dan Swasta,130,204,0,0,334,334
2021,PROV. JAMBI,15,KAB. SAROLANGUN,1503,Negeri,116,176,0,0,292,292
2021,PROV. JAMBI,15,KAB. BATANGHARI,1504,Negeri dan Swasta,139,170,0,0,309,309
2021,PROV. JAMBI,15,KAB. BATANGHARI,1504,Swasta,21,14,0,0,35,35
2021,PROV. JAMBI,15,KAB. BATANGHARI,1504,Negeri,118,156,0,0,274,274
2021,PROV. JAMBI,15,KAB. MUARO JAMBI,1505,Negeri dan Swasta,128,260,0,0,388,388
2021,PROV. JAMBI,15,KAB. MUARO JAMBI,1505,Swasta,14,17,0,0,31,31
2021,PROV. JAMBI,15,KAB. MUARO JAMBI,1505,Negeri,114,243,0,0,357,357
2021,PROV. JAMBI,15,KAB. TANJUNG JABUNG BARAT,1506,Negeri dan Swasta,118,116,0,0,234,234
2021,PROV. JAMBI,15,KAB. TANJUNG JABUNG BARAT,1506,Swasta,15,14,0,0,29,29
2021,PROV. JAMBI,15,KAB. TANJUNG JABUNG BARAT,1506,Negeri,103,102,0,0,205,205
2021,PROV. JAMBI,15,KAB. TANJUNG JABUNG TIMUR,1507,Negeri dan Swasta,136,132,0,0,268,268
2021,PROV. JAMBI,15,KAB. TANJUNG JABUNG TIMUR,1507,Swasta,1,2,0,0,3,3
2021,PROV. JAMBI,15,KAB. TANJUNG JABUNG TIMUR,1507,Negeri,135,130,0,0,265,265
2021,PROV. JAMBI,15,KAB. BUNGO,1508,Swasta,8,14,0,0,22,22
2021,PROV. JAMBI,15,KAB. BUNGO,1508,Negeri,94,193,0,0,287,287
2021,PROV. JAMBI,15,KAB. BUNGO,1508,Negeri dan Swasta,102,207,0,0,309,309
2021,PROV. JAMBI,15,KAB. TEBO,1509,Negeri dan Swasta,134,211,1,0,346,346
2021,PROV. JAMBI,15,KAB. TEBO,1509,Swasta,14,14,0,0,28,28
2021,PROV. JAMBI,15,KAB. TEBO,1509,Negeri,120,197,1,0,318,318
2021,PROV. JAMBI,15,KOTA JAMBI,1571,Negeri dan Swasta,193,195,0,0,388,388
2021,PROV. JAMBI,15,KOTA JAMBI,1571,Negeri,101,131,0,0,232,232
2021,PROV. JAMBI,15,KOTA JAMBI,1571,Swasta,92,64,0,0,156,156
2021,PROV. JAMBI,15,KOTA SUNGAI PENUH,1572,Negeri dan Swasta,39,70,0,0,109,109
2021,PROV. JAMBI,15,KOTA SUNGAI PENUH,1572,Negeri,36,66,0,0,102,102
2021,PROV. JAMBI,15,KOTA SUNGAI PENUH,1572,Swasta,3,4,0,0,7,7
2021,PROV. SUMATERA SELATAN,16,KAB. OGAN KOMERING ULU,1601,Swasta,16,25,0,0,41,41
2021,PROV. SUMATERA SELATAN,16,KAB. OGAN KOMERING ULU,1601,Negeri dan Swasta,121,188,0,0,309,309
2021,PROV. SUMATERA SELATAN,16,KAB. OGAN KOMERING ULU,1601,Negeri,105,163,0,0,268,268
2021,PROV. SUMATERA SELATAN,16,KAB. OGAN KOMERING ILIR,1602,Negeri dan Swasta,205,397,0,0,602,602
2021,PROV. SUMATERA SELATAN,16,KAB. OGAN KOMERING ILIR,1602,Swasta,19,45,0,0,64,64
2021,PROV. SUMATERA SELATAN,16,KAB. OGAN KOMERING ILIR,1602,Negeri,186,352,0,0,538,538
2021,PROV. SUMATERA SELATAN,16,KAB. MUARA ENIM,1603,Negeri,185,249,0,0,434,434
2021,PROV. SUMATERA SELATAN,16,KAB. MUARA ENIM,1603,Negeri dan Swasta,217,268,0,0,485,485
2021,PROV. SUMATERA SELATAN,16,KAB. MUARA ENIM,1603,Swasta,32,19,0,0,51,51
2021,PROV. SUMATERA SELATAN,16,KAB. LAHAT,1604,Negeri dan Swasta,149,249,0,0,398,398
2021,PROV. SUMATERA SELATAN,16,KAB. LAHAT,1604,Negeri,132,231,0,0,363,363
2021,PROV. SUMATERA SELATAN,16,KAB. LAHAT,1604,Swasta,17,18,0,0,35,35
2021,PROV. SUMATERA SELATAN,16,KAB. MUSI RAWAS,1605,Negeri,169,240,0,0,409,409
2021,PROV. SUMATERA SELATAN,16,KAB. MUSI RAWAS,1605,Negeri dan Swasta,187,255,0,0,442,442
2021,PROV. SUMATERA SELATAN,16,KAB. MUSI RAWAS,1605,Swasta,18,15,0,0,33,33
2021,PROV. SUMATERA SELATAN,16,KAB. MUSI BANYUASIN,1606,Negeri dan Swasta,311,344,0,0,655,655
2021,PROV. SUMATERA SELATAN,16,KAB. MUSI BANYUASIN,1606,Negeri,264,301,0,0,565,565
2021,PROV. SUMATERA SELATAN,16,KAB. MUSI BANYUASIN,1606,Swasta,47,43,0,0,90,90
2021,PROV. SUMATERA SELATAN,16,KAB. BANYUASIN,1607,Negeri dan Swasta,262,378,0,0,640,640
2021,PROV. SUMATERA SELATAN,16,KAB. BANYUASIN,1607,Negeri,219,337,0,0,556,556
2021,PROV. SUMATERA SELATAN,16,KAB. BANYUASIN,1607,Swasta,43,41,0,0,84,84
2021,PROV. SUMATERA SELATAN,16,KAB. OGAN KOMERING ULU TIMUR,1608,Negeri dan Swasta,188,288,1,0,477,477
2021,PROV. SUMATERA SELATAN,16,KAB. OGAN KOMERING ULU TIMUR,1608,Swasta,55,42,0,0,97,97
2021,PROV. SUMATERA SELATAN,16,KAB. OGAN KOMERING ULU TIMUR,1608,Negeri,133,246,1,0,380,380
2021,PROV. SUMATERA SELATAN,16,KAB. OGAN KOMERING ULU SELATAN,1609,Negeri dan Swasta,126,157,0,0,283,283
2021,PROV. SUMATERA SELATAN,16,KAB. OGAN KOMERING ULU SELATAN,1609,Negeri,115,145,0,0,260,260
2021,PROV. SUMATERA SELATAN,16,KAB. OGAN KOMERING ULU SELATAN,1609,Swasta,11,12,0,0,23,23
2021,PROV. SUMATERA SELATAN,16,KAB. OGAN ILIR,1610,Negeri,116,172,0,0,288,288
2021,PROV. SUMATERA SELATAN,16,KAB. OGAN ILIR,1610,Swasta,19,11,0,0,30,30
2021,PROV. SUMATERA SELATAN,16,KAB. OGAN ILIR,1610,Negeri dan Swasta,135,183,0,0,318,318
2021,PROV. SUMATERA SELATAN,16,KAB. EMPAT LAWANG,1611,Negeri,79,117,0,0,196,196
2021,PROV. SUMATERA SELATAN,16,KAB. EMPAT LAWANG,1611,Swasta,6,3,0,0,9,9
2021,PROV. SUMATERA SELATAN,16,KAB. EMPAT LAWANG,1611,Negeri dan Swasta,85,120,0,0,205,205
2021,PROV. SUMATERA SELATAN,16,KAB. PENUKAL ABAB LEMATANG ILIR,1612,Negeri,73,63,0,0,136,136
2021,PROV. SUMATERA SELATAN,16,KAB. PENUKAL ABAB LEMATANG ILIR,1612,Swasta,14,12,0,0,26,26
2021,PROV. SUMATERA SELATAN,16,KAB. PENUKAL ABAB LEMATANG ILIR,1612,Negeri dan Swasta,87,75,0,0,162,162
2021,PROV. SUMATERA SELATAN,16,KAB. MUSI RAWAS UTARA,1613,Swasta,3,3,0,0,6,6
2021,PROV. SUMATERA SELATAN,16,KAB. MUSI RAWAS UTARA,1613,Negeri dan Swasta,61,119,0,0,180,180
2021,PROV. SUMATERA SELATAN,16,KAB. MUSI RAWAS UTARA,1613,Negeri,58,116,0,0,174,174
2021,PROV. SUMATERA SELATAN,16,KOTA PALEMBANG,1671,Negeri,169,217,1,0,387,387
2021,PROV. SUMATERA SELATAN,16,KOTA PALEMBANG,1671,Negeri dan Swasta,433,399,1,0,833,833
2021,PROV. SUMATERA SELATAN,16,KOTA PALEMBANG,1671,Swasta,264,182,0,0,446,446
2021,PROV. SUMATERA SELATAN,16,KOTA PAGAR ALAM,1672,Swasta,25,7,0,0,32,32
2021,PROV. SUMATERA SELATAN,16,KOTA PAGAR ALAM,1672,Negeri dan Swasta,53,68,0,0,121,121
2021,PROV. SUMATERA SELATAN,16,KOTA PAGAR ALAM,1672,Negeri,28,61,0,0,89,89
2021,PROV. SUMATERA SELATAN,16,KOTA LUBUK LINGGAU,1673,Swasta,34,27,0,0,61,61
2021,PROV. SUMATERA SELATAN,16,KOTA LUBUK LINGGAU,1673,Negeri dan Swasta,86,93,0,0,179,179
2021,PROV. SUMATERA SELATAN,16,KOTA LUBUK LINGGAU,1673,Negeri,52,66,0,0,118,118
2021,PROV. SUMATERA SELATAN,16,KOTA PRABUMULIH,1674,Negeri,51,58,1,0,110,110
2021,PROV. SUMATERA SELATAN,16,KOTA PRABUMULIH,1674,Negeri dan Swasta,76,71,1,0,148,148
2021,PROV. SUMATERA SELATAN,16,KOTA PRABUMULIH,1674,Swasta,25,13,0,0,38,38
2021,PROV. BENGKULU,17,KAB. BENGKULU SELATAN,1701,Negeri dan Swasta,52,128,0,0,180,180
2021,PROV. BENGKULU,17,KAB. BENGKULU SELATAN,1701,Swasta,8,4,0,0,12,12
2021,PROV. BENGKULU,17,KAB. BENGKULU SELATAN,1701,Negeri,44,124,0,0,168,168
2021,PROV. BENGKULU,17,KAB. REJANG LEBONG,1702,Swasta,18,15,0,0,33,33
2021,PROV. BENGKULU,17,KAB. REJANG LEBONG,1702,Negeri,80,143,0,0,223,223
2021,PROV. BENGKULU,17,KAB. REJANG LEBONG,1702,Negeri dan Swasta,98,158,0,0,256,256
2021,PROV. BENGKULU,17,KAB. BENGKULU UTARA,1703,Negeri dan Swasta,124,187,0,0,311,311
2021,PROV. BENGKULU,17,KAB. BENGKULU UTARA,1703,Swasta,13,6,0,0,19,19
2021,PROV. BENGKULU,17,KAB. BENGKULU UTARA,1703,Negeri,111,181,0,0,292,292
2021,PROV. BENGKULU,17,KAB. KAUR,1704,Negeri,51,123,0,0,174,174
2021,PROV. BENGKULU,17,KAB. KAUR,1704,Swasta,2,11,0,0,13,13
2021,PROV. BENGKULU,17,KAB. KAUR,1704,Negeri dan Swasta,53,134,0,0,187,187
2021,PROV. BENGKULU,17,KAB. SELUMA,1705,Negeri dan Swasta,69,148,0,0,217,217
2021,PROV. BENGKULU,17,KAB. SELUMA,1705,Negeri,68,146,0,0,214,214
2021,PROV. BENGKULU,17,KAB. SELUMA,1705,Swasta,1,2,0,0,3,3
2021,PROV. BENGKULU,17,KAB. MUKOMUKO,1706,Swasta,7,5,0,0,12,12
2021,PROV. BENGKULU,17,KAB. MUKOMUKO,1706,Negeri,77,123,0,0,200,200
2021,PROV. BENGKULU,17,KAB. MUKOMUKO,1706,Negeri dan Swasta,84,128,0,0,212,212
2021,PROV. BENGKULU,17,KAB. LEBONG,1707,Negeri dan Swasta,46,95,0,0,141,141
2021,PROV. BENGKULU,17,KAB. LEBONG,1707,Swasta,6,2,0,0,8,8
2021,PROV. BENGKULU,17,KAB. LEBONG,1707,Negeri,40,93,0,0,133,133
2021,PROV. BENGKULU,17,KAB. KEPAHIANG,1708,Negeri dan Swasta,56,105,0,0,161,161
2021,PROV. BENGKULU,17,KAB. KEPAHIANG,1708,Swasta,3,5,0,0,8,8
2021,PROV. BENGKULU,17,KAB. KEPAHIANG,1708,Negeri,53,100,0,0,153,153
2021,PROV. BENGKULU,17,KAB. BENGKULU TENGAH,1709,Swasta,3,4,0,0,7,7
2021,PROV. BENGKULU,17,KAB. BENGKULU TENGAH,1709,Negeri dan Swasta,53,104,0,0,157,157
2021,PROV. BENGKULU,17,KAB. BENGKULU TENGAH,1709,Negeri,50,100,0,0,150,150
2021,PROV. BENGKULU,17,KOTA BENGKULU,1771,Negeri,66,82,0,0,148,148
2021,PROV. BENGKULU,17,KOTA BENGKULU,1771,Swasta,47,41,0,0,88,88
2021,PROV. BENGKULU,17,KOTA BENGKULU,1771,Negeri dan Swasta,113,123,0,0,236,236
2021,PROV. LAMPUNG,18,KAB. LAMPUNG SELATAN,1801,Negeri dan Swasta,343,382,1,0,726,726
2021,PROV. LAMPUNG,18,KAB. LAMPUNG SELATAN,1801,Swasta,102,96,0,0,198,198
2021,PROV. LAMPUNG,18,KAB. LAMPUNG SELATAN,1801,Negeri,241,286,1,0,528,528
2021,PROV. LAMPUNG,18,KAB. LAMPUNG TENGAH,1802,Negeri dan Swasta,383,490,0,0,873,873
2021,PROV. LAMPUNG,18,KAB. LAMPUNG TENGAH,1802,Negeri,284,353,0,0,637,637
2021,PROV. LAMPUNG,18,KAB. LAMPUNG TENGAH,1802,Swasta,99,137,0,0,236,236
2021,PROV. LAMPUNG,18,KAB. LAMPUNG UTARA,1803,Negeri,113,243,2,0,358,358
2021,PROV. LAMPUNG,18,KAB. LAMPUNG UTARA,1803,Negeri dan Swasta,154,298,2,0,454,454
2021,PROV. LAMPUNG,18,KAB. LAMPUNG UTARA,1803,Swasta,41,55,0,0,96,96
2021,PROV. LAMPUNG,18,KAB. LAMPUNG BARAT,1804,Negeri dan Swasta,123,188,0,0,311,311
2021,PROV. LAMPUNG,18,KAB. LAMPUNG BARAT,1804,Swasta,10,22,0,0,32,32
2021,PROV. LAMPUNG,18,KAB. LAMPUNG BARAT,1804,Negeri,113,166,0,0,279,279
2021,PROV. LAMPUNG,18,KAB. TULANG BAWANG,1805,Negeri dan Swasta,127,134,0,0,261,261
2021,PROV. LAMPUNG,18,KAB. TULANG BAWANG,1805,Negeri,98,101,0,0,199,199
2021,PROV. LAMPUNG,18,KAB. TULANG BAWANG,1805,Swasta,29,33,0,0,62,62
2021,PROV. LAMPUNG,18,KAB. TANGGAMUS,1806,Swasta,15,31,0,0,46,46
2021,PROV. LAMPUNG,18,KAB. TANGGAMUS,1806,Negeri dan Swasta,182,251,0,0,433,433
2021,PROV. LAMPUNG,18,KAB. TANGGAMUS,1806,Negeri,167,220,0,0,387,387
2021,PROV. LAMPUNG,18,KAB. LAMPUNG TIMUR,1807,Negeri,159,327,0,0,486,486
2021,PROV. LAMPUNG,18,KAB. LAMPUNG TIMUR,1807,Swasta,86,127,0,0,213,213
2021,PROV. LAMPUNG,18,KAB. LAMPUNG TIMUR,1807,Negeri dan Swasta,245,454,0,0,699,699
2021,PROV. LAMPUNG,18,KAB. WAY KANAN,1808,Negeri dan Swasta,127,324,1,0,452,452
2021,PROV. LAMPUNG,18,KAB. WAY KANAN,1808,Negeri,112,294,1,0,407,407
2021,PROV. LAMPUNG,18,KAB. WAY KANAN,1808,Swasta,15,30,0,0,45,45
2021,PROV. LAMPUNG,18,KAB. PESAWARAN,1809,Swasta,17,27,0,0,44,44
2021,PROV. LAMPUNG,18,KAB. PESAWARAN,1809,Negeri,76,243,1,0,320,320
2021,PROV. LAMPUNG,18,KAB. PESAWARAN,1809,Negeri dan Swasta,93,270,1,0,364,364
2021,PROV. LAMPUNG,18,KAB. PRINGSEWU,1810,Negeri,98,176,0,0,274,274
2021,PROV. LAMPUNG,18,KAB. PRINGSEWU,1810,Swasta,40,43,0,0,83,83
2021,PROV. LAMPUNG,18,KAB. PRINGSEWU,1810,Negeri dan Swasta,138,219,0,0,357,357
2021,PROV. LAMPUNG,18,KAB. MESUJI,1811,Negeri dan Swasta,80,167,1,0,248,248
2021,PROV. LAMPUNG,18,KAB. MESUJI,1811,Negeri,68,149,1,0,218,218
2021,PROV. LAMPUNG,18,KAB. MESUJI,1811,Swasta,12,18,0,0,30,30
2021,PROV. LAMPUNG,18,KAB. TULANG BAWANG BARAT,1812,Swasta,21,22,0,0,43,43
2021,PROV. LAMPUNG,18,KAB. TULANG BAWANG BARAT,1812,Negeri dan Swasta,106,162,0,0,268,268
2021,PROV. LAMPUNG,18,KAB. TULANG BAWANG BARAT,1812,Negeri,85,140,0,0,225,225
2021,PROV. LAMPUNG,18,KAB. PESISIR BARAT,1813,Negeri,45,97,1,0,143,143
2021,PROV. LAMPUNG,18,KAB. PESISIR BARAT,1813,Negeri dan Swasta,46,107,1,0,154,154
2021,PROV. LAMPUNG,18,KAB. PESISIR BARAT,1813,Swasta,1,10,0,0,11,11
2021,PROV. LAMPUNG,18,KOTA BANDAR LAMPUNG,1871,Negeri,110,129,0,0,239,239
2021,PROV. LAMPUNG,18,KOTA BANDAR LAMPUNG,1871,Swasta,177,93,0,0,270,270
2021,PROV. LAMPUNG,18,KOTA BANDAR LAMPUNG,1871,Negeri dan Swasta,287,222,0,0,509,509
2021,PROV. LAMPUNG,18,KOTA METRO,1872,Negeri dan Swasta,77,66,0,0,143,143
2021,PROV. LAMPUNG,18,KOTA METRO,1872,Negeri,32,41,0,0,73,73
2021,PROV. LAMPUNG,18,KOTA METRO,1872,Swasta,45,25,0,0,70,70
2021,PROV. KEPULAUAN BANGKA BELITUNG,19,KAB. BANGKA,1901,Swasta,33,9,0,0,42,42
2021,PROV. KEPULAUAN BANGKA BELITUNG,19,KAB. BANGKA,1901,Negeri,124,124,0,0,248,248
2021,PROV. KEPULAUAN BANGKA BELITUNG,19,KAB. BANGKA,1901,Negeri dan Swasta,157,133,0,0,290,290
2021,PROV. KEPULAUAN BANGKA BELITUNG,19,KAB. BELITUNG,1902,Swasta,11,7,0,0,18,18
2021,PROV. KEPULAUAN BANGKA BELITUNG,19,KAB. BELITUNG,1902,Negeri dan Swasta,59,106,0,0,165,165
2021,PROV. KEPULAUAN BANGKA BELITUNG,19,KAB. BELITUNG,1902,Negeri,48,99,0,0,147,147
2021,PROV. KEPULAUAN BANGKA BELITUNG,19,KAB. BANGKA SELATAN,1903,Negeri dan Swasta,84,67,0,0,151,151
2021,PROV. KEPULAUAN BANGKA BELITUNG,19,KAB. BANGKA SELATAN,1903,Swasta,7,2,0,0,9,9
2021,PROV. KEPULAUAN BANGKA BELITUNG,19,KAB. BANGKA SELATAN,1903,Negeri,77,65,0,0,142,142
2021,PROV. KEPULAUAN BANGKA BELITUNG,19,KAB. BANGKA TENGAH,1904,Swasta,20,7,0,0,27,27
2021,PROV. KEPULAUAN BANGKA BELITUNG,19,KAB. BANGKA TENGAH,1904,Negeri,112,80,0,0,192,192
2021,PROV. KEPULAUAN BANGKA BELITUNG,19,KAB. BANGKA TENGAH,1904,Negeri dan Swasta,132,87,0,0,219,219
2021,PROV. KEPULAUAN BANGKA BELITUNG,19,KAB. BANGKA BARAT,1905,Swasta,16,4,0,0,20,20
2021,PROV. KEPULAUAN BANGKA BELITUNG,19,KAB. BANGKA BARAT,1905,Negeri,70,106,0,0,176,176
2021,PROV. KEPULAUAN BANGKA BELITUNG,19,KAB. BANGKA BARAT,1905,Negeri dan Swasta,86,110,0,0,196,196
2021,PROV. KEPULAUAN BANGKA BELITUNG,19,KAB. BELITUNG TIMUR,1906,Swasta,5,1,0,0,6,6
2021,PROV. KEPULAUAN BANGKA BELITUNG,19,KAB. BELITUNG TIMUR,1906,Negeri dan Swasta,72,69,0,0,141,141
2021,PROV. KEPULAUAN BANGKA BELITUNG,19,KAB. BELITUNG TIMUR,1906,Negeri,67,68,0,0,135,135
2021,PROV. KEPULAUAN BANGKA BELITUNG,19,KOTA PANGKAL PINANG,1971,Negeri dan Swasta,80,61,0,0,141,141
2021,PROV. KEPULAUAN BANGKA BELITUNG,19,KOTA PANGKAL PINANG,1971,Swasta,34,17,0,0,51,51
2021,PROV. KEPULAUAN BANGKA BELITUNG,19,KOTA PANGKAL PINANG,1971,Negeri,46,44,0,0,90,90
2021,PROV. KEPULAUAN RIAU,21,KAB. BINTAN,2101,Negeri,97,45,0,0,142,142
2021,PROV. KEPULAUAN RIAU,21,KAB. BINTAN,2101,Negeri dan Swasta,107,50,0,0,157,157
2021,PROV. KEPULAUAN RIAU,21,KAB. BINTAN,2101,Swasta,10,5,0,0,15,15
2021,PROV. KEPULAUAN RIAU,21,KAB. KARIMUN,2102,Negeri,93,77,0,0,170,170
2021,PROV. KEPULAUAN RIAU,21,KAB. KARIMUN,2102,Swasta,28,6,0,0,34,34
2021,PROV. KEPULAUAN RIAU,21,KAB. KARIMUN,2102,Negeri dan Swasta,121,83,0,0,204,204
2021,PROV. KEPULAUAN RIAU,21,KAB. NATUNA,2103,Negeri dan Swasta,90,62,0,0,152,152
2021,PROV. KEPULAUAN RIAU,21,KAB. NATUNA,2103,Negeri,88,62,0,0,150,150
2021,PROV. KEPULAUAN RIAU,21,KAB. NATUNA,2103,Swasta,2,0,0,0,2,2
2021,PROV. KEPULAUAN RIAU,21,KAB. LINGGA,2104,Negeri dan Swasta,87,65,0,0,152,152
2021,PROV. KEPULAUAN RIAU,21,KAB. LINGGA,2104,Negeri,83,64,0,0,147,147
2021,PROV. KEPULAUAN RIAU,21,KAB. LINGGA,2104,Swasta,4,1,0,0,5,5
2021,PROV. KEPULAUAN RIAU,21,KAB. KEPULAUAN ANAMBAS,2105,Swasta,2,0,0,0,2,2
2021,PROV. KEPULAUAN RIAU,21,KAB. KEPULAUAN ANAMBAS,2105,Negeri dan Swasta,50,50,0,0,100,100
2021,PROV. KEPULAUAN RIAU,21,KAB. KEPULAUAN ANAMBAS,2105,Negeri,48,50,0,0,98,98
2021,PROV. KEPULAUAN RIAU,21,KOTA BATAM,2171,Swasta,313,131,0,0,444,444
2021,PROV. KEPULAUAN RIAU,21,KOTA BATAM,2171,Negeri dan Swasta,441,235,0,0,676,676
2021,PROV. KEPULAUAN RIAU,21,KOTA BATAM,2171,Negeri,128,104,0,0,232,232
2021,PROV. KEPULAUAN RIAU,21,KOTA TANJUNG PINANG,2172,Negeri,54,31,0,0,85,85
2021,PROV. KEPULAUAN RIAU,21,KOTA TANJUNG PINANG,2172,Swasta,22,15,0,0,37,37
2021,PROV. KEPULAUAN RIAU,21,KOTA TANJUNG PINANG,2172,Negeri dan Swasta,76,46,0,0,122,122
2021,PROV. D.K.I. JAKARTA,31,KAB. ADM. KEP. SERIBU,3101,Swasta,0,0,0,0,0,0
2021,PROV. D.K.I. JAKARTA,31,KAB. ADM. KEP. SERIBU,3101,Negeri dan Swasta,13,11,0,0,24,24
2021,PROV. D.K.I. JAKARTA,31,KAB. ADM. KEP. SERIBU,3101,Negeri,13,11,0,0,24,24
2021,PROV. D.K.I. JAKARTA,31,KOTA ADM. JAKARTA PUSAT,3171,Swasta,188,79,0,0,267,267
2021,PROV. D.K.I. JAKARTA,31,KOTA ADM. JAKARTA PUSAT,3171,Negeri dan Swasta,331,187,0,0,518,518
2021,PROV. D.K.I. JAKARTA,31,KOTA ADM. JAKARTA PUSAT,3171,Negeri,143,108,0,0,251,251
2021,PROV. D.K.I. JAKARTA,31,KOTA ADM. JAKARTA UTARA,3172,Negeri dan Swasta,540,191,0,0,731,731
2021,PROV. D.K.I. JAKARTA,31,KOTA ADM. JAKARTA UTARA,3172,Negeri,169,62,0,0,231,231
2021,PROV. D.K.I. JAKARTA,31,KOTA ADM. JAKARTA UTARA,3172,Swasta,371,129,0,0,500,500
2021,PROV. D.K.I. JAKARTA,31,KOTA ADM. JAKARTA BARAT,3173,Negeri,276,128,0,0,404,404
2021,PROV. D.K.I. JAKARTA,31,KOTA ADM. JAKARTA BARAT,3173,Negeri dan Swasta,791,301,0,0,1092,1092
2021,PROV. D.K.I. JAKARTA,31,KOTA ADM. JAKARTA BARAT,3173,Swasta,515,173,0,0,688,688
2021,PROV. D.K.I. JAKARTA,31,KOTA ADM. JAKARTA SELATAN,3174,Negeri dan Swasta,687,297,0,0,984,984
2021,PROV. D.K.I. JAKARTA,31,KOTA ADM. JAKARTA SELATAN,3174,Swasta,395,135,0,0,530,530
2021,PROV. D.K.I. JAKARTA,31,KOTA ADM. JAKARTA SELATAN,3174,Negeri,292,162,0,0,454,454
2021,PROV. D.K.I. JAKARTA,31,KOTA ADM. JAKARTA TIMUR,3175,Negeri,415,183,0,0,598,598
2021,PROV. D.K.I. JAKARTA,31,KOTA ADM. JAKARTA TIMUR,3175,Negeri dan Swasta,838,419,0,0,1257,1257
2021,PROV. D.K.I. JAKARTA,31,KOTA ADM. JAKARTA TIMUR,3175,Swasta,423,236,0,0,659,659
2021,PROV. JAWA BARAT,32,KAB. BOGOR,3201,Negeri dan Swasta,1150,1417,2,0,2569,2569
2021,PROV. JAWA BARAT,32,KAB. BOGOR,3201,Negeri,490,809,2,0,1301,1301
2021,PROV. JAWA BARAT,32,KAB. BOGOR,3201,Swasta,660,608,0,0,1268,1268
2021,PROV. JAWA BARAT,32,KAB. SUKABUMI,3202,Negeri dan Swasta,433,794,2,0,1229,1229
2021,PROV. JAWA BARAT,32,KAB. SUKABUMI,3202,Swasta,185,199,0,0,384,384
2021,PROV. JAWA BARAT,32,KAB. SUKABUMI,3202,Negeri,248,595,2,0,845,845
2021,PROV. JAWA BARAT,32,KAB. CIANJUR,3203,Negeri dan Swasta,456,749,0,0,1205,1205
2021,PROV. JAWA BARAT,32,KAB. CIANJUR,3203,Negeri,264,586,0,0,850,850
2021,PROV. JAWA BARAT,32,KAB. CIANJUR,3203,Swasta,192,163,0,0,355,355
2021,PROV. JAWA BARAT,32,KAB. BANDUNG,3204,Swasta,272,288,0,0,560,560
2021,PROV. JAWA BARAT,32,KAB. BANDUNG,3204,Negeri dan Swasta,598,1090,1,0,1689,1689
2021,PROV. JAWA BARAT,32,KAB. BANDUNG,3204,Negeri,326,802,1,0,1129,1129
2021,PROV. JAWA BARAT,32,KAB. GARUT,3205,Swasta,216,271,0,0,487,487
2021,PROV. JAWA BARAT,32,KAB. GARUT,3205,Negeri,291,659,1,0,951,951
2021,PROV. JAWA BARAT,32,KAB. GARUT,3205,Negeri dan Swasta,507,930,1,0,1438,1438
2021,PROV. JAWA BARAT,32,KAB. TASIKMALAYA,3206,Negeri,184,445,0,0,629,629
2021,PROV. JAWA BARAT,32,KAB. TASIKMALAYA,3206,Negeri dan Swasta,297,610,0,0,907,907
2021,PROV. JAWA BARAT,32,KAB. TASIKMALAYA,3206,Swasta,113,165,0,0,278,278
2021,PROV. JAWA BARAT,32,KAB. CIAMIS,3207,Negeri dan Swasta,287,492,0,0,779,779
2021,PROV. JAWA BARAT,32,KAB. CIAMIS,3207,Negeri,216,440,0,0,656,656
2021,PROV. JAWA BARAT,32,KAB. CIAMIS,3207,Swasta,71,52,0,0,123,123
2021,PROV. JAWA BARAT,32,KAB. KUNINGAN,3208,Negeri,153,401,1,0,555,555
2021,PROV. JAWA BARAT,32,KAB. KUNINGAN,3208,Negeri dan Swasta,196,440,1,0,637,637
2021,PROV. JAWA BARAT,32,KAB. KUNINGAN,3208,Swasta,43,39,0,0,82,82
2021,PROV. JAWA BARAT,32,KAB. CIREBON,3209,Negeri,210,530,0,0,740,740
2021,PROV. JAWA BARAT,32,KAB. CIREBON,3209,Swasta,125,137,0,0,262,262
2021,PROV. JAWA BARAT,32,KAB. CIREBON,3209,Negeri dan Swasta,335,667,0,0,1002,1002
2021,PROV. JAWA BARAT,32,KAB. MAJALENGKA,3210,Swasta,54,49,0,0,103,103
2021,PROV. JAWA BARAT,32,KAB. MAJALENGKA,3210,Negeri dan Swasta,208,403,0,0,611,611
2021,PROV. JAWA BARAT,32,KAB. MAJALENGKA,3210,Negeri,154,354,0,0,508,508
2021,PROV. JAWA BARAT,32,KAB. SUMEDANG,3211,Negeri,183,395,0,0,578,578
2021,PROV. JAWA BARAT,32,KAB. SUMEDANG,3211,Swasta,87,57,0,0,144,144
2021,PROV. JAWA BARAT,32,KAB. SUMEDANG,3211,Negeri dan Swasta,270,452,0,0,722,722
2021,PROV. JAWA BARAT,32,KAB. INDRAMAYU,3212,Negeri dan Swasta,306,573,0,0,879,879
2021,PROV. JAWA BARAT,32,KAB. INDRAMAYU,3212,Negeri,171,439,0,0,610,610
2021,PROV. JAWA BARAT,32,KAB. INDRAMAYU,3212,Swasta,135,134,0,0,269,269
2021,PROV. JAWA BARAT,32,KAB. SUBANG,3213,Negeri,165,537,0,0,702,702
2021,PROV. JAWA BARAT,32,KAB. SUBANG,3213,Swasta,93,112,0,0,205,205
2021,PROV. JAWA BARAT,32,KAB. SUBANG,3213,Negeri dan Swasta,258,649,0,0,907,907
2021,PROV. JAWA BARAT,32,KAB. PURWAKARTA,3214,Negeri,240,232,1,0,473,473
2021,PROV. JAWA BARAT,32,KAB. PURWAKARTA,3214,Swasta,71,34,0,0,105,105
2021,PROV. JAWA BARAT,32,KAB. PURWAKARTA,3214,Negeri dan Swasta,311,266,1,0,578,578
2021,PROV. JAWA BARAT,32,KAB. KARAWANG,3215,Negeri,175,387,0,0,562,562
2021,PROV. JAWA BARAT,32,KAB. KARAWANG,3215,Swasta,144,128,0,0,272,272
2021,PROV. JAWA BARAT,32,KAB. KARAWANG,3215,Negeri dan Swasta,319,515,0,0,834,834
2021,PROV. JAWA BARAT,32,KAB. BEKASI,3216,Swasta,411,321,0,0,732,732
2021,PROV. JAWA BARAT,32,KAB. BEKASI,3216,Negeri,179,295,0,0,474,474
2021,PROV. JAWA BARAT,32,KAB. BEKASI,3216,Negeri dan Swasta,590,616,0,0,1206,1206
2021,PROV. JAWA BARAT,32,KAB. BANDUNG BARAT,3217,Negeri,163,446,0,0,609,609
2021,PROV. JAWA BARAT,32,KAB. BANDUNG BARAT,3217,Swasta,127,142,0,0,269,269
2021,PROV. JAWA BARAT,32,KAB. BANDUNG BARAT,3217,Negeri dan Swasta,290,588,0,0,878,878
2021,PROV. JAWA BARAT,32,KAB. PANGANDARAN,3218,Negeri dan Swasta,76,218,0,0,294,294
2021,PROV. JAWA BARAT,32,KAB. PANGANDARAN,3218,Swasta,13,30,0,0,43,43
2021,PROV. JAWA BARAT,32,KAB. PANGANDARAN,3218,Negeri,63,188,0,0,251,251
2021,PROV. JAWA BARAT,32,KOTA BOGOR,3271,Negeri,104,117,0,0,221,221
2021,PROV. JAWA BARAT,32,KOTA BOGOR,3271,Negeri dan Swasta,303,217,0,0,520,520
2021,PROV. JAWA BARAT,32,KOTA BOGOR,3271,Swasta,199,100,0,0,299,299
2021,PROV. JAWA BARAT,32,KOTA SUKABUMI,3272,Negeri,63,81,0,0,144,144
2021,PROV. JAWA BARAT,32,KOTA SUKABUMI,3272,Swasta,53,40,0,0,93,93
2021,PROV. JAWA BARAT,32,KOTA SUKABUMI,3272,Negeri dan Swasta,116,121,0,0,237,237
2021,PROV. JAWA BARAT,32,KOTA BANDUNG,3273,Negeri dan Swasta,552,514,0,0,1066,1066
2021,PROV. JAWA BARAT,32,KOTA BANDUNG,3273,Swasta,364,257,0,0,621,621
2021,PROV. JAWA BARAT,32,KOTA BANDUNG,3273,Negeri,188,257,0,0,445,445
2021,PROV. JAWA BARAT,32,KOTA CIREBON,3274,Negeri dan Swasta,102,152,2,0,256,256
2021,PROV. JAWA BARAT,32,KOTA CIREBON,3274,Swasta,50,59,0,0,109,109
2021,PROV. JAWA BARAT,32,KOTA CIREBON,3274,Negeri,52,93,2,0,147,147
2021,PROV. JAWA BARAT,32,KOTA BEKASI,3275,Negeri dan Swasta,601,495,0,0,1096,1096
2021,PROV. JAWA BARAT,32,KOTA BEKASI,3275,Negeri,154,202,0,0,356,356
2021,PROV. JAWA BARAT,32,KOTA BEKASI,3275,Swasta,447,293,0,0,740,740
2021,PROV. JAWA BARAT,32,KOTA DEPOK,3276,Negeri,107,131,0,0,238,238
2021,PROV. JAWA BARAT,32,KOTA DEPOK,3276,Negeri dan Swasta,447,362,0,0,809,809
2021,PROV. JAWA BARAT,32,KOTA DEPOK,3276,Swasta,340,231,0,0,571,571
2021,PROV. JAWA BARAT,32,KOTA CIMAHI,3277,Negeri,54,64,0,0,118,118
2021,PROV. JAWA BARAT,32,KOTA CIMAHI,3277,Negeri dan Swasta,111,92,0,0,203,203
2021,PROV. JAWA BARAT,32,KOTA CIMAHI,3277,Swasta,57,28,0,0,85,85
2021,PROV. JAWA BARAT,32,KOTA TASIKMALAYA,3278,Negeri,61,124,0,0,185,185
2021,PROV. JAWA BARAT,32,KOTA TASIKMALAYA,3278,Swasta,75,73,0,0,148,148
2021,PROV. JAWA BARAT,32,KOTA TASIKMALAYA,3278,Negeri dan Swasta,136,197,0,0,333,333
2021,PROV. JAWA BARAT,32,KOTA BANJAR,3279,Negeri,36,60,0,0,96,96
2021,PROV. JAWA BARAT,32,KOTA BANJAR,3279,Negeri dan Swasta,52,77,0,0,129,129
2021,PROV. JAWA BARAT,32,KOTA BANJAR,3279,Swasta,16,17,0,0,33,33
2021,PROV. JAWA TENGAH,33,KAB. CILACAP,3301,Negeri dan Swasta,344,801,1,0,1146,1146
2021,PROV. JAWA TENGAH,33,KAB. CILACAP,3301,Negeri,248,663,0,0,911,911
2021,PROV. JAWA TENGAH,33,KAB. CILACAP,3301,Swasta,96,138,1,0,235,235
2021,PROV. JAWA TENGAH,33,KAB. BANYUMAS,3302,Negeri,287,529,0,0,816,816
2021,PROV. JAWA TENGAH,33,KAB. BANYUMAS,3302,Swasta,130,117,0,0,247,247
2021,PROV. JAWA TENGAH,33,KAB. BANYUMAS,3302,Negeri dan Swasta,417,646,0,0,1063,1063
2021,PROV. JAWA TENGAH,33,KAB. PURBALINGGA,3303,Swasta,27,33,1,0,61,61
2021,PROV. JAWA TENGAH,33,KAB. PURBALINGGA,3303,Negeri dan Swasta,195,321,1,0,517,517
2021,PROV. JAWA TENGAH,33,KAB. PURBALINGGA,3303,Negeri,168,288,0,0,456,456
2021,PROV. JAWA TENGAH,33,KAB. BANJARNEGARA,3304,Negeri dan Swasta,313,418,0,0,731,731
2021,PROV. JAWA TENGAH,33,KAB. BANJARNEGARA,3304,Negeri,277,392,0,0,669,669
2021,PROV. JAWA TENGAH,33,KAB. BANJARNEGARA,3304,Swasta,36,26,0,0,62,62
2021,PROV. JAWA TENGAH,33,KAB. KEBUMEN,3305,Swasta,85,73,0,0,158,158
2021,PROV. JAWA TENGAH,33,KAB. KEBUMEN,3305,Negeri,270,437,0,0,707,707
2021,PROV. JAWA TENGAH,33,KAB. KEBUMEN,3305,Negeri dan Swasta,355,510,0,0,865,865
2021,PROV. JAWA TENGAH,33,KAB. PURWOREJO,3306,Swasta,58,57,0,0,115,115
2021,PROV. JAWA TENGAH,33,KAB. PURWOREJO,3306,Negeri,206,309,1,0,516,516
2021,PROV. JAWA TENGAH,33,KAB. PURWOREJO,3306,Negeri dan Swasta,264,366,1,0,631,631
2021,PROV. JAWA TENGAH,33,KAB. WONOSOBO,3307,Negeri dan Swasta,203,342,0,0,545,545
2021,PROV. JAWA TENGAH,33,KAB. WONOSOBO,3307,Swasta,30,44,0,0,74,74
2021,PROV. JAWA TENGAH,33,KAB. WONOSOBO,3307,Negeri,173,298,0,0,471,471
2021,PROV. JAWA TENGAH,33,KAB. MAGELANG,3308,Swasta,98,94,0,0,192,192
2021,PROV. JAWA TENGAH,33,KAB. MAGELANG,3308,Negeri,183,340,0,0,523,523
2021,PROV. JAWA TENGAH,33,KAB. MAGELANG,3308,Negeri dan Swasta,281,434,0,0,715,715
2021,PROV. JAWA TENGAH,33,KAB. BOYOLALI,3309,Negeri dan Swasta,195,489,0,0,684,684
2021,PROV. JAWA TENGAH,33,KAB. BOYOLALI,3309,Swasta,55,75,0,0,130,130
2021,PROV. JAWA TENGAH,33,KAB. BOYOLALI,3309,Negeri,140,414,0,0,554,554
2021,PROV. JAWA TENGAH,33,KAB. KLATEN,3310,Negeri dan Swasta,313,523,0,0,836,836
2021,PROV. JAWA TENGAH,33,KAB. KLATEN,3310,Negeri,210,450,0,0,660,660
2021,PROV. JAWA TENGAH,33,KAB. KLATEN,3310,Swasta,103,73,0,0,176,176
2021,PROV. JAWA TENGAH,33,KAB. SUKOHARJO,3311,Swasta,54,61,0,0,115,115
2021,PROV. JAWA TENGAH,33,KAB. SUKOHARJO,3311,Negeri,155,342,0,0,497,497
2021,PROV. JAWA TENGAH,33,KAB. SUKOHARJO,3311,Negeri dan Swasta,209,403,0,0,612,612
2021,PROV. JAWA TENGAH,33,KAB. WONOGIRI,3312,Swasta,51,64,0,0,115,115
2021,PROV. JAWA TENGAH,33,KAB. WONOGIRI,3312,Negeri dan Swasta,327,561,0,0,888,888
2021,PROV. JAWA TENGAH,33,KAB. WONOGIRI,3312,Negeri,276,497,0,0,773,773
2021,PROV. JAWA TENGAH,33,KAB. KARANGANYAR,3313,Negeri dan Swasta,206,385,0,0,591,591
2021,PROV. JAWA TENGAH,33,KAB. KARANGANYAR,3313,Negeri,165,334,0,0,499,499
2021,PROV. JAWA TENGAH,33,KAB. KARANGANYAR,3313,Swasta,41,51,0,0,92,92
2021,PROV. JAWA TENGAH,33,KAB. SRAGEN,3314,Swasta,54,71,0,0,125,125
2021,PROV. JAWA TENGAH,33,KAB. SRAGEN,3314,Negeri dan Swasta,201,438,1,0,640,640
2021,PROV. JAWA TENGAH,33,KAB. SRAGEN,3314,Negeri,147,367,1,0,515,515
2021,PROV. JAWA TENGAH,33,KAB. GROBOGAN,3315,Swasta,56,94,0,0,150,150
2021,PROV. JAWA TENGAH,33,KAB. GROBOGAN,3315,Negeri dan Swasta,269,563,0,0,832,832
2021,PROV. JAWA TENGAH,33,KAB. GROBOGAN,3315,Negeri,213,469,0,0,682,682
2021,PROV. JAWA TENGAH,33,KAB. BLORA,3316,Negeri,145,362,0,0,507,507
2021,PROV. JAWA TENGAH,33,KAB. BLORA,3316,Negeri dan Swasta,195,436,0,0,631,631
2021,PROV. JAWA TENGAH,33,KAB. BLORA,3316,Swasta,50,74,0,0,124,124
2021,PROV. JAWA TENGAH,33,KAB. REMBANG,3317,Negeri dan Swasta,144,333,1,0,478,478
2021,PROV. JAWA TENGAH,33,KAB. REMBANG,3317,Swasta,19,29,0,0,48,48
2021,PROV. JAWA TENGAH,33,KAB. REMBANG,3317,Negeri,125,304,1,0,430,430
2021,PROV. JAWA TENGAH,33,KAB. PATI,3318,Swasta,64,64,0,0,128,128
2021,PROV. JAWA TENGAH,33,KAB. PATI,3318,Negeri dan Swasta,263,427,0,0,690,690
2021,PROV. JAWA TENGAH,33,KAB. PATI,3318,Negeri,199,363,0,0,562,562
2021,PROV. JAWA TENGAH,33,KAB. KUDUS,3319,Negeri,124,274,0,0,398,398
2021,PROV. JAWA TENGAH,33,KAB. KUDUS,3319,Negeri dan Swasta,161,326,0,0,487,487
2021,PROV. JAWA TENGAH,33,KAB. KUDUS,3319,Swasta,37,52,0,0,89,89
2021,PROV. JAWA TENGAH,33,KAB. JEPARA,3320,Negeri,254,311,0,0,565,565
2021,PROV. JAWA TENGAH,33,KAB. JEPARA,3320,Negeri dan Swasta,323,378,0,0,701,701
2021,PROV. JAWA TENGAH,33,KAB. JEPARA,3320,Swasta,69,67,0,0,136,136
2021,PROV. JAWA TENGAH,33,KAB. DEMAK,3321,Negeri,181,345,0,0,526,526
2021,PROV. JAWA TENGAH,33,KAB. DEMAK,3321,Negeri dan Swasta,250,418,0,0,668,668
2021,PROV. JAWA TENGAH,33,KAB. DEMAK,3321,Swasta,69,73,0,0,142,142
2021,PROV. JAWA TENGAH,33,KAB. SEMARANG,3322,Swasta,80,71,0,0,151,151
2021,PROV. JAWA TENGAH,33,KAB. SEMARANG,3322,Negeri,220,287,1,0,508,508
2021,PROV. JAWA TENGAH,33,KAB. SEMARANG,3322,Negeri dan Swasta,300,358,1,0,659,659
2021,PROV. JAWA TENGAH,33,KAB. TEMANGGUNG,3323,Negeri,172,276,1,0,449,449
2021,PROV. JAWA TENGAH,33,KAB. TEMANGGUNG,3323,Negeri dan Swasta,223,314,1,0,538,538
2021,PROV. JAWA TENGAH,33,KAB. TEMANGGUNG,3323,Swasta,51,38,0,0,89,89
2021,PROV. JAWA TENGAH,33,KAB. KENDAL,3324,Swasta,56,71,0,0,127,127
2021,PROV. JAWA TENGAH,33,KAB. KENDAL,3324,Negeri dan Swasta,183,422,0,0,605,605
2021,PROV. JAWA TENGAH,33,KAB. KENDAL,3324,Negeri,127,351,0,0,478,478
2021,PROV. JAWA TENGAH,33,KAB. BATANG,3325,Negeri dan Swasta,141,315,0,0,456,456
2021,PROV. JAWA TENGAH,33,KAB. BATANG,3325,Swasta,17,33,0,0,50,50
2021,PROV. JAWA TENGAH,33,KAB. BATANG,3325,Negeri,124,282,0,0,406,406
2021,PROV. JAWA TENGAH,33,KAB. PEKALONGAN,3326,Negeri,147,290,0,0,437,437
2021,PROV. JAWA TENGAH,33,KAB. PEKALONGAN,3326,Swasta,44,44,0,0,88,88
2021,PROV. JAWA TENGAH,33,KAB. PEKALONGAN,3326,Negeri dan Swasta,191,334,0,0,525,525
2021,PROV. JAWA TENGAH,33,KAB. PEMALANG,3327,Swasta,45,83,0,0,128,128
2021,PROV. JAWA TENGAH,33,KAB. PEMALANG,3327,Negeri,217,436,0,0,653,653
2021,PROV. JAWA TENGAH,33,KAB. PEMALANG,3327,Negeri dan Swasta,262,519,0,0,781,781
2021,PROV. JAWA TENGAH,33,KAB. TEGAL,3328,Negeri dan Swasta,255,453,0,0,708,708
2021,PROV. JAWA TENGAH,33,KAB. TEGAL,3328,Negeri,164,384,0,0,548,548
2021,PROV. JAWA TENGAH,33,KAB. TEGAL,3328,Swasta,91,69,0,0,160,160
2021,PROV. JAWA TENGAH,33,KAB. BREBES,3329,Negeri dan Swasta,361,580,1,0,942,942
2021,PROV. JAWA TENGAH,33,KAB. BREBES,3329,Swasta,111,99,0,0,210,210
2021,PROV. JAWA TENGAH,33,KAB. BREBES,3329,Negeri,250,481,1,0,732,732
2021,PROV. JAWA TENGAH,33,KOTA MAGELANG,3371,Swasta,27,22,0,0,49,49
2021,PROV. JAWA TENGAH,33,KOTA MAGELANG,3371,Negeri,45,39,0,0,84,84
2021,PROV. JAWA TENGAH,33,KOTA MAGELANG,3371,Negeri dan Swasta,72,61,0,0,133,133
2021,PROV. JAWA TENGAH,33,KOTA SURAKARTA,3372,Swasta,129,73,0,0,202,202
2021,PROV. JAWA TENGAH,33,KOTA SURAKARTA,3372,Negeri,91,106,0,0,197,197
2021,PROV. JAWA TENGAH,33,KOTA SURAKARTA,3372,Negeri dan Swasta,220,179,0,0,399,399
2021,PROV. JAWA TENGAH,33,KOTA SALATIGA,3373,Negeri,44,40,0,0,84,84
2021,PROV. JAWA TENGAH,33,KOTA SALATIGA,3373,Negeri dan Swasta,79,60,0,0,139,139
2021,PROV. JAWA TENGAH,33,KOTA SALATIGA,3373,Swasta,35,20,0,0,55,55
2021,PROV. JAWA TENGAH,33,KOTA SEMARANG,3374,Swasta,288,177,0,0,465,465
2021,PROV. JAWA TENGAH,33,KOTA SEMARANG,3374,Negeri,204,175,0,0,379,379
2021,PROV. JAWA TENGAH,33,KOTA SEMARANG,3374,Negeri dan Swasta,492,352,0,0,844,844
2021,PROV. JAWA TENGAH,33,KOTA PEKALONGAN,3375,Negeri,39,78,0,0,117,117
2021,PROV. JAWA TENGAH,33,KOTA PEKALONGAN,3375,Swasta,28,31,0,0,59,59
2021,PROV. JAWA TENGAH,33,KOTA PEKALONGAN,3375,Negeri dan Swasta,67,109,0,0,176,176
2021,PROV. JAWA TENGAH,33,KOTA TEGAL,3376,Negeri dan Swasta,97,89,0,0,186,186
2021,PROV. JAWA TENGAH,33,KOTA TEGAL,3376,Negeri,68,66,0,0,134,134
2021,PROV. JAWA TENGAH,33,KOTA TEGAL,3376,Swasta,29,23,0,0,52,52
2021,PROV. D.I. YOGYAKARTA,34,KAB. KULON PROGO,3401,Swasta,58,69,0,0,127,127
2021,PROV. D.I. YOGYAKARTA,34,KAB. KULON PROGO,3401,Negeri dan Swasta,185,285,0,0,470,470
2021,PROV. D.I. YOGYAKARTA,34,KAB. KULON PROGO,3401,Negeri,127,216,0,0,343,343
2021,PROV. D.I. YOGYAKARTA,34,KAB. BANTUL,3402,Negeri,194,205,0,0,399,399
2021,PROV. D.I. YOGYAKARTA,34,KAB. BANTUL,3402,Swasta,110,92,0,0,202,202
2021,PROV. D.I. YOGYAKARTA,34,KAB. BANTUL,3402,Negeri dan Swasta,304,297,0,0,601,601
2021,PROV. D.I. YOGYAKARTA,34,KAB. GUNUNGKIDUL,3403,Negeri,208,304,0,0,512,512
2021,PROV. D.I. YOGYAKARTA,34,KAB. GUNUNGKIDUL,3403,Swasta,57,93,0,0,150,150
2021,PROV. D.I. YOGYAKARTA,34,KAB. GUNUNGKIDUL,3403,Negeri dan Swasta,265,397,0,0,662,662
2021,PROV. D.I. YOGYAKARTA,34,KAB. SLEMAN,3404,Negeri,208,235,0,0,443,443
2021,PROV. D.I. YOGYAKARTA,34,KAB. SLEMAN,3404,Swasta,181,118,0,0,299,299
2021,PROV. D.I. YOGYAKARTA,34,KAB. SLEMAN,3404,Negeri dan Swasta,389,353,0,0,742,742
2021,PROV. D.I. YOGYAKARTA,34,KOTA YOGYAKARTA,3471,Swasta,85,102,0,0,187,187
2021,PROV. D.I. YOGYAKARTA,34,KOTA YOGYAKARTA,3471,Negeri,61,82,0,0,143,143
2021,PROV. D.I. YOGYAKARTA,34,KOTA YOGYAKARTA,3471,Negeri dan Swasta,146,184,0,0,330,330
2021,PROV. JAWA TIMUR,35,KAB. PACITAN,3501,Swasta,21,30,0,0,51,51
2021,PROV. JAWA TIMUR,35,KAB. PACITAN,3501,Negeri dan Swasta,209,282,0,0,491,491
2021,PROV. JAWA TIMUR,35,KAB. PACITAN,3501,Negeri,188,252,0,0,440,440
2021,PROV. JAWA TIMUR,35,KAB. PONOROGO,3502,Swasta,43,58,0,0,101,101
2021,PROV. JAWA TIMUR,35,KAB. PONOROGO,3502,Negeri dan Swasta,216,445,0,0,661,661
2021,PROV. JAWA TIMUR,35,KAB. PONOROGO,3502,Negeri,173,387,0,0,560,560
2021,PROV. JAWA TIMUR,35,KAB. TRENGGALEK,3503,Swasta,35,46,0,0,81,81
2021,PROV. JAWA TIMUR,35,KAB. TRENGGALEK,3503,Negeri dan Swasta,171,358,0,0,529,529
2021,PROV. JAWA TIMUR,35,KAB. TRENGGALEK,3503,Negeri,136,312,0,0,448,448
2021,PROV. JAWA TIMUR,35,KAB. TULUNGAGUNG,3504,Swasta,63,65,0,0,128,128
2021,PROV. JAWA TIMUR,35,KAB. TULUNGAGUNG,3504,Negeri dan Swasta,273,360,0,0,633,633
2021,PROV. JAWA TIMUR,35,KAB. TULUNGAGUNG,3504,Negeri,210,295,0,0,505,505
2021,PROV. JAWA TIMUR,35,KAB. BLITAR,3505,Swasta,57,72,0,0,129,129
2021,PROV. JAWA TIMUR,35,KAB. BLITAR,3505,Negeri dan Swasta,233,432,0,0,665,665
2021,PROV. JAWA TIMUR,35,KAB. BLITAR,3505,Negeri,176,360,0,0,536,536
2021,PROV. JAWA TIMUR,35,KAB. KEDIRI,3506,Negeri,189,286,0,0,475,475
2021,PROV. JAWA TIMUR,35,KAB. KEDIRI,3506,Negeri dan Swasta,280,356,0,0,636,636
2021,PROV. JAWA TIMUR,35,KAB. KEDIRI,3506,Swasta,91,70,0,0,161,161
2021,PROV. JAWA TIMUR,35,KAB. MALANG,3507,Negeri,258,512,0,0,770,770
2021,PROV. JAWA TIMUR,35,KAB. MALANG,3507,Negeri dan Swasta,448,785,0,0,1233,1233
2021,PROV. JAWA TIMUR,35,KAB. MALANG,3507,Swasta,190,273,0,0,463,463
2021,PROV. JAWA TIMUR,35,KAB. LUMAJANG,3508,Negeri dan Swasta,208,350,0,0,558,558
2021,PROV. JAWA TIMUR,35,KAB. LUMAJANG,3508,Negeri,132,288,0,0,420,420
2021,PROV. JAWA TIMUR,35,KAB. LUMAJANG,3508,Swasta,76,62,0,0,138,138
2021,PROV. JAWA TIMUR,35,KAB. JEMBER,3509,Negeri,340,486,0,0,826,826
2021,PROV. JAWA TIMUR,35,KAB. JEMBER,3509,Negeri dan Swasta,556,742,0,0,1298,1298
2021,PROV. JAWA TIMUR,35,KAB. JEMBER,3509,Swasta,216,256,0,0,472,472
2021,PROV. JAWA TIMUR,35,KAB. BANYUWANGI,3510,Negeri dan Swasta,336,591,0,0,927,927
2021,PROV. JAWA TIMUR,35,KAB. BANYUWANGI,3510,Negeri,216,445,0,0,661,661
2021,PROV. JAWA TIMUR,35,KAB. BANYUWANGI,3510,Swasta,120,146,0,0,266,266
2021,PROV. JAWA TIMUR,35,KAB. BONDOWOSO,3511,Negeri dan Swasta,147,361,0,0,508,508
2021,PROV. JAWA TIMUR,35,KAB. BONDOWOSO,3511,Swasta,35,63,0,0,98,98
2021,PROV. JAWA TIMUR,35,KAB. BONDOWOSO,3511,Negeri,112,298,0,0,410,410
2021,PROV. JAWA TIMUR,35,KAB. SITUBONDO,3512,Swasta,45,52,0,0,97,97
2021,PROV. JAWA TIMUR,35,KAB. SITUBONDO,3512,Negeri dan Swasta,184,293,0,0,477,477
2021,PROV. JAWA TIMUR,35,KAB. SITUBONDO,3512,Negeri,139,241,0,0,380,380
2021,PROV. JAWA TIMUR,35,KAB. PROBOLINGGO,3513,Negeri,179,292,0,0,471,471
2021,PROV. JAWA TIMUR,35,KAB. PROBOLINGGO,3513,Swasta,76,133,0,0,209,209
2021,PROV. JAWA TIMUR,35,KAB. PROBOLINGGO,3513,Negeri dan Swasta,255,425,0,0,680,680
2021,PROV. JAWA TIMUR,35,KAB. PASURUAN,3514,Negeri dan Swasta,323,431,0,0,754,754
2021,PROV. JAWA TIMUR,35,KAB. PASURUAN,3514,Negeri,226,316,0,0,542,542
2021,PROV. JAWA TIMUR,35,KAB. PASURUAN,3514,Swasta,97,115,0,0,212,212
2021,PROV. JAWA TIMUR,35,KAB. SIDOARJO,3515,Swasta,248,148,0,0,396,396
2021,PROV. JAWA TIMUR,35,KAB. SIDOARJO,3515,Negeri dan Swasta,476,406,0,0,882,882
2021,PROV. JAWA TIMUR,35,KAB. SIDOARJO,3515,Negeri,228,258,0,0,486,486
2021,PROV. JAWA TIMUR,35,KAB. MOJOKERTO,3516,Swasta,90,104,0,0,194,194
2021,PROV. JAWA TIMUR,35,KAB. MOJOKERTO,3516,Negeri,138,197,0,0,335,335
2021,PROV. JAWA TIMUR,35,KAB. MOJOKERTO,3516,Negeri dan Swasta,228,301,0,0,529,529
2021,PROV. JAWA TIMUR,35,KAB. JOMBANG,3517,Negeri dan Swasta,302,451,1,0,754,754
2021,PROV. JAWA TIMUR,35,KAB. JOMBANG,3517,Swasta,107,100,0,0,207,207
2021,PROV. JAWA TIMUR,35,KAB. JOMBANG,3517,Negeri,195,351,1,0,547,547
2021,PROV. JAWA TIMUR,35,KAB. NGANJUK,3518,Negeri dan Swasta,314,373,0,0,687,687
2021,PROV. JAWA TIMUR,35,KAB. NGANJUK,3518,Negeri,250,319,0,0,569,569
2021,PROV. JAWA TIMUR,35,KAB. NGANJUK,3518,Swasta,64,54,0,0,118,118
2021,PROV. JAWA TIMUR,35,KAB. MADIUN,3519,Negeri,139,209,0,0,348,348
2021,PROV. JAWA TIMUR,35,KAB. MADIUN,3519,Negeri dan Swasta,153,234,0,0,387,387
2021,PROV. JAWA TIMUR,35,KAB. MADIUN,3519,Swasta,14,25,0,0,39,39
2021,PROV. JAWA TIMUR,35,KAB. MAGETAN,3520,Negeri dan Swasta,139,316,0,0,455,455
2021,PROV. JAWA TIMUR,35,KAB. MAGETAN,3520,Swasta,30,36,0,0,66,66
2021,PROV. JAWA TIMUR,35,KAB. MAGETAN,3520,Negeri,109,280,0,0,389,389
2021,PROV. JAWA TIMUR,35,KAB. NGAWI,3521,Negeri dan Swasta,231,411,0,0,642,642
2021,PROV. JAWA TIMUR,35,KAB. NGAWI,3521,Negeri,184,371,0,0,555,555
2021,PROV. JAWA TIMUR,35,KAB. NGAWI,3521,Swasta,47,40,0,0,87,87
2021,PROV. JAWA TIMUR,35,KAB. BOJONEGORO,3522,Negeri dan Swasta,246,433,0,0,679,679
2021,PROV. JAWA TIMUR,35,KAB. BOJONEGORO,3522,Negeri,185,359,0,0,544,544
2021,PROV. JAWA TIMUR,35,KAB. BOJONEGORO,3522,Swasta,61,74,0,0,135,135
2021,PROV. JAWA TIMUR,35,KAB. TUBAN,3523,Swasta,46,62,0,0,108,108
2021,PROV. JAWA TIMUR,35,KAB. TUBAN,3523,Negeri dan Swasta,215,403,0,0,618,618
2021,PROV. JAWA TIMUR,35,KAB. TUBAN,3523,Negeri,169,341,0,0,510,510
2021,PROV. JAWA TIMUR,35,KAB. LAMONGAN,3524,Negeri,171,316,0,0,487,487
2021,PROV. JAWA TIMUR,35,KAB. LAMONGAN,3524,Negeri dan Swasta,255,485,0,0,740,740
2021,PROV. JAWA TIMUR,35,KAB. LAMONGAN,3524,Swasta,84,169,0,0,253,253
2021,PROV. JAWA TIMUR,35,KAB. GRESIK,3525,Swasta,114,123,0,0,237,237
2021,PROV. JAWA TIMUR,35,KAB. GRESIK,3525,Negeri,123,254,3,0,380,380
2021,PROV. JAWA TIMUR,35,KAB. GRESIK,3525,Negeri dan Swasta,237,377,3,0,617,617
2021,PROV. JAWA TIMUR,35,KAB. BANGKALAN,3526,Negeri,147,353,0,0,500,500
2021,PROV. JAWA TIMUR,35,KAB. BANGKALAN,3526,Swasta,69,160,0,0,229,229
2021,PROV. JAWA TIMUR,35,KAB. BANGKALAN,3526,Negeri dan Swasta,216,513,0,0,729,729
2021,PROV. JAWA TIMUR,35,KAB. SAMPANG,3527,Negeri dan Swasta,247,528,0,0,775,775
2021,PROV. JAWA TIMUR,35,KAB. SAMPANG,3527,Negeri,149,357,0,0,506,506
2021,PROV. JAWA TIMUR,35,KAB. SAMPANG,3527,Swasta,98,171,0,0,269,269
2021,PROV. JAWA TIMUR,35,KAB. PAMEKASAN,3528,Swasta,105,216,0,0,321,321
2021,PROV. JAWA TIMUR,35,KAB. PAMEKASAN,3528,Negeri dan Swasta,247,520,0,0,767,767
2021,PROV. JAWA TIMUR,35,KAB. PAMEKASAN,3528,Negeri,142,304,0,0,446,446
2021,PROV. JAWA TIMUR,35,KAB. SUMENEP,3529,Swasta,73,157,0,0,230,230
2021,PROV. JAWA TIMUR,35,KAB. SUMENEP,3529,Negeri dan Swasta,199,478,1,0,678,678
2021,PROV. JAWA TIMUR,35,KAB. SUMENEP,3529,Negeri,126,321,1,0,448,448
2021,PROV. JAWA TIMUR,35,KOTA KEDIRI,3571,Swasta,55,39,0,0,94,94
2021,PROV. JAWA TIMUR,35,KOTA KEDIRI,3571,Negeri,35,97,0,0,132,132
2021,PROV. JAWA TIMUR,35,KOTA KEDIRI,3571,Negeri dan Swasta,90,136,0,0,226,226
2021,PROV. JAWA TIMUR,35,KOTA BLITAR,3572,Negeri,27,38,0,0,65,65
2021,PROV. JAWA TIMUR,35,KOTA BLITAR,3572,Negeri dan Swasta,47,64,0,0,111,111
2021,PROV. JAWA TIMUR,35,KOTA BLITAR,3572,Swasta,20,26,0,0,46,46
2021,PROV. JAWA TIMUR,35,KOTA MALANG,3573,Swasta,141,108,0,0,249,249
2021,PROV. JAWA TIMUR,35,KOTA MALANG,3573,Negeri dan Swasta,278,231,0,0,509,509
2021,PROV. JAWA TIMUR,35,KOTA MALANG,3573,Negeri,137,123,0,0,260,260
2021,PROV. JAWA TIMUR,35,KOTA PROBOLINGGO,3574,Negeri dan Swasta,89,73,0,0,162,162
2021,PROV. JAWA TIMUR,35,KOTA PROBOLINGGO,3574,Negeri,60,54,0,0,114,114
2021,PROV. JAWA TIMUR,35,KOTA PROBOLINGGO,3574,Swasta,29,19,0,0,48,48
2021,PROV. JAWA TIMUR,35,KOTA PASURUAN,3575,Negeri dan Swasta,72,55,0,0,127,127
2021,PROV. JAWA TIMUR,35,KOTA PASURUAN,3575,Swasta,39,21,0,0,60,60
2021,PROV. JAWA TIMUR,35,KOTA PASURUAN,3575,Negeri,33,34,0,0,67,67
2021,PROV. JAWA TIMUR,35,KOTA MOJOKERTO,3576,Negeri,22,42,0,0,64,64
2021,PROV. JAWA TIMUR,35,KOTA MOJOKERTO,3576,Negeri dan Swasta,47,55,0,0,102,102
2021,PROV. JAWA TIMUR,35,KOTA MOJOKERTO,3576,Swasta,25,13,0,0,38,38
2021,PROV. JAWA TIMUR,35,KOTA MADIUN,3577,Negeri,49,34,0,0,83,83
2021,PROV. JAWA TIMUR,35,KOTA MADIUN,3577,Swasta,31,21,0,0,52,52
2021,PROV. JAWA TIMUR,35,KOTA MADIUN,3577,Negeri dan Swasta,80,55,0,0,135,135
2021,PROV. JAWA TIMUR,35,KOTA SURABAYA,3578,Negeri dan Swasta,826,486,0,0,1312,1312
2021,PROV. JAWA TIMUR,35,KOTA SURABAYA,3578,Swasta,565,290,0,0,855,855
2021,PROV. JAWA TIMUR,35,KOTA SURABAYA,3578,Negeri,261,196,0,0,457,457
2021,PROV. JAWA TIMUR,35,KOTA BATU,3579,Swasta,35,21,0,0,56,56
2021,PROV. JAWA TIMUR,35,KOTA BATU,3579,Negeri dan Swasta,76,68,0,0,144,144
2021,PROV. JAWA TIMUR,35,KOTA BATU,3579,Negeri,41,47,0,0,88,88
2021,PROV. BANTEN,36,KAB. PANDEGLANG,3601,Negeri,209,542,1,0,752,752
2021,PROV. BANTEN,36,KAB. PANDEGLANG,3601,Negeri dan Swasta,256,635,1,0,892,892
2021,PROV. BANTEN,36,KAB. PANDEGLANG,3601,Swasta,47,93,0,0,140,140
2021,PROV. BANTEN,36,KAB. LEBAK,3602,Negeri dan Swasta,300,480,1,0,781,781
2021,PROV. BANTEN,36,KAB. LEBAK,3602,Swasta,52,61,0,0,113,113
2021,PROV. BANTEN,36,KAB. LEBAK,3602,Negeri,248,419,1,0,668,668
2021,PROV. BANTEN,36,KAB. TANGERANG,3603,Swasta,443,325,0,0,768,768
2021,PROV. BANTEN,36,KAB. TANGERANG,3603,Negeri,240,330,0,0,570,570
2021,PROV. BANTEN,36,KAB. TANGERANG,3603,Negeri dan Swasta,683,655,0,0,1338,1338
2021,PROV. BANTEN,36,KAB. SERANG,3604,Negeri dan Swasta,336,568,0,0,904,904
2021,PROV. BANTEN,36,KAB. SERANG,3604,Swasta,82,156,0,0,238,238
2021,PROV. BANTEN,36,KAB. SERANG,3604,Negeri,254,412,0,0,666,666
2021,PROV. BANTEN,36,KOTA TANGERANG,3671,Negeri dan Swasta,519,296,0,0,815,815
2021,PROV. BANTEN,36,KOTA TANGERANG,3671,Swasta,322,192,0,0,514,514
2021,PROV. BANTEN,36,KOTA TANGERANG,3671,Negeri,197,104,0,0,301,301
2021,PROV. BANTEN,36,KOTA CILEGON,3672,Negeri dan Swasta,137,113,0,0,250,250
2021,PROV. BANTEN,36,KOTA CILEGON,3672,Negeri,74,70,0,0,144,144
2021,PROV. BANTEN,36,KOTA CILEGON,3672,Swasta,63,43,0,0,106,106
2021,PROV. BANTEN,36,KOTA SERANG,3673,Negeri dan Swasta,182,213,1,0,396,396
2021,PROV. BANTEN,36,KOTA SERANG,3673,Negeri,97,157,0,0,254,254
2021,PROV. BANTEN,36,KOTA SERANG,3673,Swasta,85,56,1,0,142,142
2021,PROV. BANTEN,36,KOTA TANGERANG SELATAN,3674,Negeri dan Swasta,418,240,0,0,658,658
2021,PROV. BANTEN,36,KOTA TANGERANG SELATAN,3674,Negeri,91,84,0,0,175,175
2021,PROV. BANTEN,36,KOTA TANGERANG SELATAN,3674,Swasta,327,156,0,0,483,483
2021,PROV. BALI,51,KAB. JEMBRANA,5101,Negeri,81,129,0,0,210,210
2021,PROV. BALI,51,KAB. JEMBRANA,5101,Swasta,15,7,0,0,22,22
2021,PROV. BALI,51,KAB. JEMBRANA,5101,Negeri dan Swasta,96,136,0,0,232,232
2021,PROV. BALI,51,KAB. TABANAN,5102,Swasta,16,5,0,0,21,21
2021,PROV. BALI,51,KAB. TABANAN,5102,Negeri,133,145,0,0,278,278
2021,PROV. BALI,51,KAB. TABANAN,5102,Negeri dan Swasta,149,150,0,0,299,299
2021,PROV. BALI,51,KAB. BADUNG,5103,Negeri,201,104,0,0,305,305
2021,PROV. BALI,51,KAB. BADUNG,5103,Negeri dan Swasta,296,125,0,0,421,421
2021,PROV. BALI,51,KAB. BADUNG,5103,Swasta,95,21,0,0,116,116
2021,PROV. BALI,51,KAB. GIANYAR,5104,Negeri dan Swasta,110,240,0,0,350,350
2021,PROV. BALI,51,KAB. GIANYAR,5104,Negeri,90,211,0,0,301,301
2021,PROV. BALI,51,KAB. GIANYAR,5104,Swasta,20,29,0,0,49,49
2021,PROV. BALI,51,KAB. KLUNGKUNG,5105,Negeri,69,114,0,0,183,183
2021,PROV. BALI,51,KAB. KLUNGKUNG,5105,Negeri dan Swasta,75,116,0,0,191,191
2021,PROV. BALI,51,KAB. KLUNGKUNG,5105,Swasta,6,2,0,0,8,8
2021,PROV. BALI,51,KAB. BANGLI,5106,Negeri dan Swasta,79,134,1,0,214,214
2021,PROV. BALI,51,KAB. BANGLI,5106,Negeri,77,133,1,0,211,211
2021,PROV. BALI,51,KAB. BANGLI,5106,Swasta,2,1,0,0,3,3
2021,PROV. BALI,51,KAB. KARANGASEM,5107,Negeri,151,253,1,0,405,405
2021,PROV. BALI,51,KAB. KARANGASEM,5107,Negeri dan Swasta,160,263,1,0,424,424
2021,PROV. BALI,51,KAB. KARANGASEM,5107,Swasta,9,10,0,0,19,19
2021,PROV. BALI,51,KAB. BULELENG,5108,Negeri dan Swasta,261,280,0,0,541,541
2021,PROV. BALI,51,KAB. BULELENG,5108,Swasta,25,25,0,0,50,50
2021,PROV. BALI,51,KAB. BULELENG,5108,Negeri,236,255,0,0,491,491
2021,PROV. BALI,51,KOTA DENPASAR,5171,Negeri,106,88,0,0,194,194
2021,PROV. BALI,51,KOTA DENPASAR,5171,Negeri dan Swasta,246,129,0,0,375,375
2021,PROV. BALI,51,KOTA DENPASAR,5171,Swasta,140,41,0,0,181,181
2021,PROV. NUSA TENGGARA BARAT,52,KAB. LOMBOK BARAT,5201,Swasta,49,38,0,0,87,87
2021,PROV. NUSA TENGGARA BARAT,52,KAB. LOMBOK BARAT,5201,Negeri,153,261,1,0,415,415
2021,PROV. NUSA TENGGARA BARAT,52,KAB. LOMBOK BARAT,5201,Negeri dan Swasta,202,299,1,0,502,502
2021,PROV. NUSA TENGGARA BARAT,52,KAB. LOMBOK TENGAH,5202,Negeri,163,514,0,0,677,677
2021,PROV. NUSA TENGGARA BARAT,52,KAB. LOMBOK TENGAH,5202,Negeri dan Swasta,243,585,0,0,828,828
2021,PROV. NUSA TENGGARA BARAT,52,KAB. LOMBOK TENGAH,5202,Swasta,80,71,0,0,151,151
2021,PROV. NUSA TENGGARA BARAT,52,KAB. LOMBOK TIMUR,5203,Negeri,257,402,1,0,660,660
2021,PROV. NUSA TENGGARA BARAT,52,KAB. LOMBOK TIMUR,5203,Negeri dan Swasta,382,538,1,0,921,921
2021,PROV. NUSA TENGGARA BARAT,52,KAB. LOMBOK TIMUR,5203,Swasta,125,136,0,0,261,261
2021,PROV. NUSA TENGGARA BARAT,52,KAB. SUMBAWA,5204,Negeri,154,263,1,0,418,418
2021,PROV. NUSA TENGGARA BARAT,52,KAB. SUMBAWA,5204,Swasta,18,20,0,0,38,38
2021,PROV. NUSA TENGGARA BARAT,52,KAB. SUMBAWA,5204,Negeri dan Swasta,172,283,1,0,456,456
2021,PROV. NUSA TENGGARA BARAT,52,KAB. DOMPU,5205,Negeri dan Swasta,98,205,0,0,303,303
2021,PROV. NUSA TENGGARA BARAT,52,KAB. DOMPU,5205,Negeri,86,179,0,0,265,265
2021,PROV. NUSA TENGGARA BARAT,52,KAB. DOMPU,5205,Swasta,12,26,0,0,38,38
2021,PROV. NUSA TENGGARA BARAT,52,KAB. BIMA,5206,Swasta,18,32,0,0,50,50
2021,PROV. NUSA TENGGARA BARAT,52,KAB. BIMA,5206,Negeri,195,358,0,0,553,553
2021,PROV. NUSA TENGGARA BARAT,52,KAB. BIMA,5206,Negeri dan Swasta,213,390,0,0,603,603
2021,PROV. NUSA TENGGARA BARAT,52,KAB. SUMBAWA BARAT,5207,Negeri dan Swasta,75,87,0,0,162,162
2021,PROV. NUSA TENGGARA BARAT,52,KAB. SUMBAWA BARAT,5207,Negeri,65,81,0,0,146,146
2021,PROV. NUSA TENGGARA BARAT,52,KAB. SUMBAWA BARAT,5207,Swasta,10,6,0,0,16,16
2021,PROV. NUSA TENGGARA BARAT,52,KAB. LOMBOK UTARA,5208,Negeri,110,101,0,0,211,211
2021,PROV. NUSA TENGGARA BARAT,52,KAB. LOMBOK UTARA,5208,Swasta,6,18,0,0,24,24
2021,PROV. NUSA TENGGARA BARAT,52,KAB. LOMBOK UTARA,5208,Negeri dan Swasta,116,119,0,0,235,235
2021,PROV. NUSA TENGGARA BARAT,52,KOTA MATARAM,5271,Negeri dan Swasta,146,140,0,0,286,286
2021,PROV. NUSA TENGGARA BARAT,52,KOTA MATARAM,5271,Negeri,93,112,0,0,205,205
2021,PROV. NUSA TENGGARA BARAT,52,KOTA MATARAM,5271,Swasta,53,28,0,0,81,81
2021,PROV. NUSA TENGGARA BARAT,52,KOTA BIMA,5272,Negeri dan Swasta,47,87,0,0,134,134
2021,PROV. NUSA TENGGARA BARAT,52,KOTA BIMA,5272,Negeri,33,71,0,0,104,104
2021,PROV. NUSA TENGGARA BARAT,52,KOTA BIMA,5272,Swasta,14,16,0,0,30,30
2021,PROV. NUSA TENGGARA TIMUR,53,KAB. KUPANG,5301,Negeri,195,259,1,0,455,455
2021,PROV. NUSA TENGGARA TIMUR,53,KAB. KUPANG,5301,Swasta,58,70,0,0,128,128
2021,PROV. NUSA TENGGARA TIMUR,53,KAB. KUPANG,5301,Negeri dan Swasta,253,329,1,0,583,583
2021,PROV. NUSA TENGGARA TIMUR,53,KAB. TIMOR TENGAH SELATAN,5302,Negeri dan Swasta,242,314,0,0,556,556
2021,PROV. NUSA TENGGARA TIMUR,53,KAB. TIMOR TENGAH SELATAN,5302,Negeri,191,232,0,0,423,423
2021,PROV. NUSA TENGGARA TIMUR,53,KAB. TIMOR TENGAH SELATAN,5302,Swasta,51,82,0,0,133,133
2021,PROV. NUSA TENGGARA TIMUR,53,KAB. TIMOR TENGAH UTARA,5303,Negeri dan Swasta,188,232,0,0,420,420
2021,PROV. NUSA TENGGARA TIMUR,53,KAB. TIMOR TENGAH UTARA,5303,Negeri,127,150,0,0,277,277
2021,PROV. NUSA TENGGARA TIMUR,53,KAB. TIMOR TENGAH UTARA,5303,Swasta,61,82,0,0,143,143
2021,PROV. NUSA TENGGARA TIMUR,53,KAB. BELU,5304,Swasta,33,55,0,0,88,88
2021,PROV. NUSA TENGGARA TIMUR,53,KAB. BELU,5304,Negeri,73,99,0,0,172,172
2021,PROV. NUSA TENGGARA TIMUR,53,KAB. BELU,5304,Negeri dan Swasta,106,154,0,0,260,260
2021,PROV. NUSA TENGGARA TIMUR,53,KAB. ALOR,5305,Swasta,39,71,0,0,110,110
2021,PROV. NUSA TENGGARA TIMUR,53,KAB. ALOR,5305,Negeri,129,211,0,0,340,340
2021,PROV. NUSA TENGGARA TIMUR,53,KAB. ALOR,5305,Negeri dan Swasta,168,282,0,0,450,450
2021,PROV. NUSA TENGGARA TIMUR,53,KAB. FLORES TIMUR,5306,Negeri,93,96,0,0,189,189
2021,PROV. NUSA TENGGARA TIMUR,53,KAB. FLORES TIMUR,5306,Negeri dan Swasta,187,191,0,0,378,378
2021,PROV. NUSA TENGGARA TIMUR,53,KAB. FLORES TIMUR,5306,Swasta,94,95,0,0,189,189
2021,PROV. NUSA TENGGARA TIMUR,53,KAB. SIKKA,5307,Negeri,80,139,0,0,219,219
2021,PROV. NUSA TENGGARA TIMUR,53,KAB. SIKKA,5307,Negeri dan Swasta,177,248,0,0,425,425
2021,PROV. NUSA TENGGARA TIMUR,53,KAB. SIKKA,5307,Swasta,97,109,0,0,206,206
2021,PROV. NUSA TENGGARA TIMUR,53,KAB. ENDE,5308,Negeri dan Swasta,187,247,0,0,434,434
2021,PROV. NUSA TENGGARA TIMUR,53,KAB. ENDE,5308,Negeri,93,140,0,0,233,233
2021,PROV. NUSA TENGGARA TIMUR,53,KAB. ENDE,5308,Swasta,94,107,0,0,201,201
2021,PROV. NUSA TENGGARA TIMUR,53,KAB. NGADA,5309,Swasta,36,62,0,0,98,98
2021,PROV. NUSA TENGGARA TIMUR,53,KAB. NGADA,5309,Negeri dan Swasta,117,175,1,0,293,293
2021,PROV. NUSA TENGGARA TIMUR,53,KAB. NGADA,5309,Negeri,81,113,1,0,195,195
2021,PROV. NUSA TENGGARA TIMUR,53,KAB. MANGGARAI,5310,Swasta,64,68,0,0,132,132
2021,PROV. NUSA TENGGARA TIMUR,53,KAB. MANGGARAI,5310,Negeri,114,132,0,0,246,246
2021,PROV. NUSA TENGGARA TIMUR,53,KAB. MANGGARAI,5310,Negeri dan Swasta,178,200,0,0,378,378
2021,PROV. NUSA TENGGARA TIMUR,53,KAB. SUMBA TIMUR,5311,Swasta,34,45,0,0,79,79
2021,PROV. NUSA TENGGARA TIMUR,53,KAB. SUMBA TIMUR,5311,Negeri dan Swasta,144,187,0,0,331,331
2021,PROV. NUSA TENGGARA TIMUR,53,KAB. SUMBA TIMUR,5311,Negeri,110,142,0,0,252,252
2021,PROV. NUSA TENGGARA TIMUR,53,KAB. SUMBA BARAT,5312,Negeri dan Swasta,75,87,1,0,163,163
2021,PROV. NUSA TENGGARA TIMUR,53,KAB. SUMBA BARAT,5312,Swasta,19,20,1,0,40,40
2021,PROV. NUSA TENGGARA TIMUR,53,KAB. SUMBA BARAT,5312,Negeri,56,67,0,0,123,123
2021,PROV. NUSA TENGGARA TIMUR,53,KAB. LEMBATA,5313,Negeri,75,99,1,0,175,175
2021,PROV. NUSA TENGGARA TIMUR,53,KAB. LEMBATA,5313,Negeri dan Swasta,112,154,1,0,267,267
2021,PROV. NUSA TENGGARA TIMUR,53,KAB. LEMBATA,5313,Swasta,37,55,0,0,92,92
2021,PROV. NUSA TENGGARA TIMUR,53,KAB. ROTE NDAO,5314,Swasta,11,17,0,0,28,28
2021,PROV. NUSA TENGGARA TIMUR,53,KAB. ROTE NDAO,5314,Negeri dan Swasta,77,118,0,0,195,195
2021,PROV. NUSA TENGGARA TIMUR,53,KAB. ROTE NDAO,5314,Negeri,66,101,0,0,167,167
2021,PROV. NUSA TENGGARA TIMUR,53,KAB. MANGGARAI BARAT,5315,Negeri,124,137,1,0,262,262
2021,PROV. NUSA TENGGARA TIMUR,53,KAB. MANGGARAI BARAT,5315,Swasta,42,61,3,0,106,106
2021,PROV. NUSA TENGGARA TIMUR,53,KAB. MANGGARAI BARAT,5315,Negeri dan Swasta,166,198,4,0,368,368
2021,PROV. NUSA TENGGARA TIMUR,53,KAB. NAGEKEO,5316,Swasta,47,71,2,0,120,120
2021,PROV. NUSA TENGGARA TIMUR,53,KAB. NAGEKEO,5316,Negeri,64,111,0,0,175,175
2021,PROV. NUSA TENGGARA TIMUR,53,KAB. NAGEKEO,5316,Negeri dan Swasta,111,182,2,0,295,295
2021,PROV. NUSA TENGGARA TIMUR,53,KAB. SUMBA TENGAH,5317,Swasta,19,29,0,0,48,48
2021,PROV. NUSA TENGGARA TIMUR,53,KAB. SUMBA TENGAH,5317,Negeri dan Swasta,49,97,0,0,146,146
2021,PROV. NUSA TENGGARA TIMUR,53,KAB. SUMBA TENGAH,5317,Negeri,30,68,0,0,98,98
2021,PROV. NUSA TENGGARA TIMUR,53,KAB. SUMBA BARAT DAYA,5318,Swasta,79,133,0,0,212,212
2021,PROV. NUSA TENGGARA TIMUR,53,KAB. SUMBA BARAT DAYA,5318,Negeri,79,145,0,0,224,224
2021,PROV. NUSA TENGGARA TIMUR,53,KAB. SUMBA BARAT DAYA,5318,Negeri dan Swasta,158,278,0,0,436,436
2021,PROV. NUSA TENGGARA TIMUR,53,KAB. MANGGARAI TIMUR,5319,Negeri dan Swasta,280,293,0,0,573,573
2021,PROV. NUSA TENGGARA TIMUR,53,KAB. MANGGARAI TIMUR,5319,Swasta,64,82,0,0,146,146
2021,PROV. NUSA TENGGARA TIMUR,53,KAB. MANGGARAI TIMUR,5319,Negeri,216,211,0,0,427,427
2021,PROV. NUSA TENGGARA TIMUR,53,KAB. SABU RAIJUA,5320,Negeri dan Swasta,79,83,0,0,162,162
2021,PROV. NUSA TENGGARA TIMUR,53,KAB. SABU RAIJUA,5320,Swasta,23,27,0,0,50,50
2021,PROV. NUSA TENGGARA TIMUR,53,KAB. SABU RAIJUA,5320,Negeri,56,56,0,0,112,112
2021,PROV. NUSA TENGGARA TIMUR,53,KAB. MALAKA,5321,Negeri,74,95,0,0,169,169
2021,PROV. NUSA TENGGARA TIMUR,53,KAB. MALAKA,5321,Negeri dan Swasta,115,142,0,0,257,257
2021,PROV. NUSA TENGGARA TIMUR,53,KAB. MALAKA,5321,Swasta,41,47,0,0,88,88
2021,PROV. NUSA TENGGARA TIMUR,53,KOTA KUPANG,5371,Negeri dan Swasta,115,151,0,0,266,266
2021,PROV. NUSA TENGGARA TIMUR,53,KOTA KUPANG,5371,Swasta,66,63,0,0,129,129
2021,PROV. NUSA TENGGARA TIMUR,53,KOTA KUPANG,5371,Negeri,49,88,0,0,137,137
2021,PROV. KALIMANTAN BARAT,61,KAB. SAMBAS,6101,Negeri,223,276,0,0,499,499
2021,PROV. KALIMANTAN BARAT,61,KAB. SAMBAS,6101,Negeri dan Swasta,243,303,0,0,546,546
2021,PROV. KALIMANTAN BARAT,61,KAB. SAMBAS,6101,Swasta,20,27,0,0,47,47
2021,PROV. KALIMANTAN BARAT,61,KAB. MEMPAWAH,6102,Swasta,15,12,0,0,27,27
2021,PROV. KALIMANTAN BARAT,61,KAB. MEMPAWAH,6102,Negeri dan Swasta,99,153,0,0,252,252
2021,PROV. KALIMANTAN BARAT,61,KAB. MEMPAWAH,6102,Negeri,84,141,0,0,225,225
2021,PROV. KALIMANTAN BARAT,61,KAB. SANGGAU,6103,Negeri,169,349,0,0,518,518
2021,PROV. KALIMANTAN BARAT,61,KAB. SANGGAU,6103,Swasta,24,26,0,0,50,50
2021,PROV. KALIMANTAN BARAT,61,KAB. SANGGAU,6103,Negeri dan Swasta,193,375,0,0,568,568
2021,PROV. KALIMANTAN BARAT,61,KAB. KETAPANG,6104,Negeri,148,327,0,0,475,475
2021,PROV. KALIMANTAN BARAT,61,KAB. KETAPANG,6104,Negeri dan Swasta,186,373,0,0,559,559
2021,PROV. KALIMANTAN BARAT,61,KAB. KETAPANG,6104,Swasta,38,46,0,0,84,84
2021,PROV. KALIMANTAN BARAT,61,KAB. SINTANG,6105,Negeri,112,307,0,0,419,419
2021,PROV. KALIMANTAN BARAT,61,KAB. SINTANG,6105,Negeri dan Swasta,130,329,0,0,459,459
2021,PROV. KALIMANTAN BARAT,61,KAB. SINTANG,6105,Swasta,18,22,0,0,40,40
2021,PROV. KALIMANTAN BARAT,61,KAB. KAPUAS HULU,6106,Negeri,119,283,0,0,402,402
2021,PROV. KALIMANTAN BARAT,61,KAB. KAPUAS HULU,6106,Swasta,15,5,0,0,20,20
2021,PROV. KALIMANTAN BARAT,61,KAB. KAPUAS HULU,6106,Negeri dan Swasta,134,288,0,0,422,422
2021,PROV. KALIMANTAN BARAT,61,KAB. BENGKAYANG,6107,Negeri dan Swasta,130,215,0,0,345,345
2021,PROV. KALIMANTAN BARAT,61,KAB. BENGKAYANG,6107,Negeri,116,199,0,0,315,315
2021,PROV. KALIMANTAN BARAT,61,KAB. BENGKAYANG,6107,Swasta,14,16,0,0,30,30
2021,PROV. KALIMANTAN BARAT,61,KAB. LANDAK,6108,Negeri,116,272,0,0,388,388
2021,PROV. KALIMANTAN BARAT,61,KAB. LANDAK,6108,Swasta,24,31,0,0,55,55
2021,PROV. KALIMANTAN BARAT,61,KAB. LANDAK,6108,Negeri dan Swasta,140,303,0,0,443,443
2021,PROV. KALIMANTAN BARAT,61,KAB. SEKADAU,6109,Negeri,113,179,0,0,292,292
2021,PROV. KALIMANTAN BARAT,61,KAB. SEKADAU,6109,Swasta,8,5,0,0,13,13
2021,PROV. KALIMANTAN BARAT,61,KAB. SEKADAU,6109,Negeri dan Swasta,121,184,0,0,305,305
2021,PROV. KALIMANTAN BARAT,61,KAB. MELAWI,6110,Negeri,116,179,0,0,295,295
2021,PROV. KALIMANTAN BARAT,61,KAB. MELAWI,6110,Negeri dan Swasta,133,199,0,0,332,332
2021,PROV. KALIMANTAN BARAT,61,KAB. MELAWI,6110,Swasta,17,20,0,0,37,37
2021,PROV. KALIMANTAN BARAT,61,KAB. KAYONG UTARA,6111,Negeri,82,95,0,0,177,177
2021,PROV. KALIMANTAN BARAT,61,KAB. KAYONG UTARA,6111,Negeri dan Swasta,84,98,0,0,182,182
2021,PROV. KALIMANTAN BARAT,61,KAB. KAYONG UTARA,6111,Swasta,2,3,0,0,5,5
2021,PROV. KALIMANTAN BARAT,61,KAB. KUBU RAYA,6112,Negeri dan Swasta,226,365,1,0,592,592
2021,PROV. KALIMANTAN BARAT,61,KAB. KUBU RAYA,6112,Swasta,72,65,0,0,137,137
2021,PROV. KALIMANTAN BARAT,61,KAB. KUBU RAYA,6112,Negeri,154,300,1,0,455,455
2021,PROV. KALIMANTAN BARAT,61,KOTA PONTIANAK,6171,Negeri dan Swasta,177,159,0,0,336,336
2021,PROV. KALIMANTAN BARAT,61,KOTA PONTIANAK,6171,Swasta,95,68,0,0,163,163
2021,PROV. KALIMANTAN BARAT,61,KOTA PONTIANAK,6171,Negeri,82,91,0,0,173,173
2021,PROV. KALIMANTAN BARAT,61,KOTA SINGKAWANG,6172,Swasta,32,18,0,0,50,50
2021,PROV. KALIMANTAN BARAT,61,KOTA SINGKAWANG,6172,Negeri,34,77,0,0,111,111
2021,PROV. KALIMANTAN BARAT,61,KOTA SINGKAWANG,6172,Negeri dan Swasta,66,95,0,0,161,161
2021,PROV. KALIMANTAN TENGAH,62,KAB. KOTAWARINGIN BARAT,6201,Negeri,115,118,0,0,233,233
2021,PROV. KALIMANTAN TENGAH,62,KAB. KOTAWARINGIN BARAT,6201,Negeri dan Swasta,144,137,0,0,281,281
2021,PROV. KALIMANTAN TENGAH,62,KAB. KOTAWARINGIN BARAT,6201,Swasta,29,19,0,0,48,48
2021,PROV. KALIMANTAN TENGAH,62,KAB. KOTAWARINGIN TIMUR,6202,Negeri,99,158,0,0,257,257
2021,PROV. KALIMANTAN TENGAH,62,KAB. KOTAWARINGIN TIMUR,6202,Negeri dan Swasta,146,205,0,0,351,351
2021,PROV. KALIMANTAN TENGAH,62,KAB. KOTAWARINGIN TIMUR,6202,Swasta,47,47,0,0,94,94
2021,PROV. KALIMANTAN TENGAH,62,KAB. KAPUAS,6203,Negeri dan Swasta,157,250,0,0,407,407
2021,PROV. KALIMANTAN TENGAH,62,KAB. KAPUAS,6203,Negeri,134,232,0,0,366,366
2021,PROV. KALIMANTAN TENGAH,62,KAB. KAPUAS,6203,Swasta,23,18,0,0,41,41
2021,PROV. KALIMANTAN TENGAH,62,KAB. BARITO SELATAN,6204,Negeri,80,99,0,0,179,179
2021,PROV. KALIMANTAN TENGAH,62,KAB. BARITO SELATAN,6204,Swasta,11,6,0,0,17,17
2021,PROV. KALIMANTAN TENGAH,62,KAB. BARITO SELATAN,6204,Negeri dan Swasta,91,105,0,0,196,196
2021,PROV. KALIMANTAN TENGAH,62,KAB. BARITO UTARA,6205,Swasta,4,4,0,0,8,8
2021,PROV. KALIMANTAN TENGAH,62,KAB. BARITO UTARA,6205,Negeri,96,135,0,0,231,231
2021,PROV. KALIMANTAN TENGAH,62,KAB. BARITO UTARA,6205,Negeri dan Swasta,100,139,0,0,239,239
2021,PROV. KALIMANTAN TENGAH,62,KAB. KATINGAN,6206,Negeri dan Swasta,102,129,0,0,231,231
2021,PROV. KALIMANTAN TENGAH,62,KAB. KATINGAN,6206,Swasta,11,12,0,0,23,23
2021,PROV. KALIMANTAN TENGAH,62,KAB. KATINGAN,6206,Negeri,91,117,0,0,208,208
2021,PROV. KALIMANTAN TENGAH,62,KAB. SERUYAN,6207,Negeri dan Swasta,80,147,0,0,227,227
2021,PROV. KALIMANTAN TENGAH,62,KAB. SERUYAN,6207,Swasta,25,30,0,0,55,55
2021,PROV. KALIMANTAN TENGAH,62,KAB. SERUYAN,6207,Negeri,55,117,0,0,172,172
2021,PROV. KALIMANTAN TENGAH,62,KAB. SUKAMARA,6208,Negeri,41,40,0,0,81,81
2021,PROV. KALIMANTAN TENGAH,62,KAB. SUKAMARA,6208,Negeri dan Swasta,42,42,0,0,84,84
2021,PROV. KALIMANTAN TENGAH,62,KAB. SUKAMARA,6208,Swasta,1,2,0,0,3,3
2021,PROV. KALIMANTAN TENGAH,62,KAB. LAMANDAU,6209,Negeri,52,122,1,0,175,175
2021,PROV. KALIMANTAN TENGAH,62,KAB. LAMANDAU,6209,Negeri dan Swasta,55,123,1,0,179,179
2021,PROV. KALIMANTAN TENGAH,62,KAB. LAMANDAU,6209,Swasta,3,1,0,0,4,4
2021,PROV. KALIMANTAN TENGAH,62,KAB. GUNUNG MAS,6210,Negeri dan Swasta,78,111,0,0,189,189
2021,PROV. KALIMANTAN TENGAH,62,KAB. GUNUNG MAS,6210,Negeri,75,109,0,0,184,184
2021,PROV. KALIMANTAN TENGAH,62,KAB. GUNUNG MAS,6210,Swasta,3,2,0,0,5,5
2021,PROV. KALIMANTAN TENGAH,62,KAB. PULANG PISAU,6211,Swasta,4,8,0,0,12,12
2021,PROV. KALIMANTAN TENGAH,62,KAB. PULANG PISAU,6211,Negeri dan Swasta,97,151,0,0,248,248
2021,PROV. KALIMANTAN TENGAH,62,KAB. PULANG PISAU,6211,Negeri,93,143,0,0,236,236
2021,PROV. KALIMANTAN TENGAH,62,KAB. MURUNG RAYA,6212,Negeri,38,75,0,0,113,113
2021,PROV. KALIMANTAN TENGAH,62,KAB. MURUNG RAYA,6212,Swasta,4,4,0,0,8,8
2021,PROV. KALIMANTAN TENGAH,62,KAB. MURUNG RAYA,6212,Negeri dan Swasta,42,79,0,0,121,121
2021,PROV. KALIMANTAN TENGAH,62,KAB. BARITO TIMUR,6213,Negeri dan Swasta,65,101,0,0,166,166
2021,PROV. KALIMANTAN TENGAH,62,KAB. BARITO TIMUR,6213,Negeri,63,99,0,0,162,162
2021,PROV. KALIMANTAN TENGAH,62,KAB. BARITO TIMUR,6213,Swasta,2,2,0,0,4,4
2021,PROV. KALIMANTAN TENGAH,62,KOTA PALANGKA RAYA,6271,Swasta,41,27,0,0,68,68
2021,PROV. KALIMANTAN TENGAH,62,KOTA PALANGKA RAYA,6271,Negeri dan Swasta,101,105,0,0,206,206
2021,PROV. KALIMANTAN TENGAH,62,KOTA PALANGKA RAYA,6271,Negeri,60,78,0,0,138,138
2021,PROV. KALIMANTAN SELATAN,63,KAB. TANAH LAUT,6301,Swasta,10,9,0,0,19,19
2021,PROV. KALIMANTAN SELATAN,63,KAB. TANAH LAUT,6301,Negeri dan Swasta,113,140,0,0,253,253
2021,PROV. KALIMANTAN SELATAN,63,KAB. TANAH LAUT,6301,Negeri,103,131,0,0,234,234
2021,PROV. KALIMANTAN SELATAN,63,KAB. KOTABARU,6302,Negeri dan Swasta,129,129,0,0,258,258
2021,PROV. KALIMANTAN SELATAN,63,KAB. KOTABARU,6302,Swasta,20,19,0,0,39,39
2021,PROV. KALIMANTAN SELATAN,63,KAB. KOTABARU,6302,Negeri,109,110,0,0,219,219
2021,PROV. KALIMANTAN SELATAN,63,KAB. BANJAR,6303,Negeri,166,199,0,0,365,365
2021,PROV. KALIMANTAN SELATAN,63,KAB. BANJAR,6303,Swasta,13,13,0,0,26,26
2021,PROV. KALIMANTAN SELATAN,63,KAB. BANJAR,6303,Negeri dan Swasta,179,212,0,0,391,391
2021,PROV. KALIMANTAN SELATAN,63,KAB. BARITO KUALA,6304,Negeri,101,247,1,0,349,349
2021,PROV. KALIMANTAN SELATAN,63,KAB. BARITO KUALA,6304,Swasta,3,3,0,0,6,6
2021,PROV. KALIMANTAN SELATAN,63,KAB. BARITO KUALA,6304,Negeri dan Swasta,104,250,1,0,355,355
2021,PROV. KALIMANTAN SELATAN,63,KAB. TAPIN,6305,Negeri dan Swasta,78,134,0,0,212,212
2021,PROV. KALIMANTAN SELATAN,63,KAB. TAPIN,6305,Swasta,3,5,0,0,8,8
2021,PROV. KALIMANTAN SELATAN,63,KAB. TAPIN,6305,Negeri,75,129,0,0,204,204
2021,PROV. KALIMANTAN SELATAN,63,KAB. HULU SUNGAI SELATAN,6306,Negeri,90,185,0,0,275,275
2021,PROV. KALIMANTAN SELATAN,63,KAB. HULU SUNGAI SELATAN,6306,Swasta,8,3,0,0,11,11
2021,PROV. KALIMANTAN SELATAN,63,KAB. HULU SUNGAI SELATAN,6306,Negeri dan Swasta,98,188,0,0,286,286
2021,PROV. KALIMANTAN SELATAN,63,KAB. HULU SUNGAI TENGAH,6307,Swasta,5,9,0,0,14,14
2021,PROV. KALIMANTAN SELATAN,63,KAB. HULU SUNGAI TENGAH,6307,Negeri,124,166,0,0,290,290
2021,PROV. KALIMANTAN SELATAN,63,KAB. HULU SUNGAI TENGAH,6307,Negeri dan Swasta,129,175,0,0,304,304
2021,PROV. KALIMANTAN SELATAN,63,KAB. HULU SUNGAI UTARA,6308,Swasta,13,3,0,0,16,16
2021,PROV. KALIMANTAN SELATAN,63,KAB. HULU SUNGAI UTARA,6308,Negeri,85,124,0,0,209,209
2021,PROV. KALIMANTAN SELATAN,63,KAB. HULU SUNGAI UTARA,6308,Negeri dan Swasta,98,127,0,0,225,225
2021,PROV. KALIMANTAN SELATAN,63,KAB. TABALONG,6309,Negeri dan Swasta,146,109,0,0,255,255
2021,PROV. KALIMANTAN SELATAN,63,KAB. TABALONG,6309,Negeri,138,106,0,0,244,244
2021,PROV. KALIMANTAN SELATAN,63,KAB. TABALONG,6309,Swasta,8,3,0,0,11,11
2021,PROV. KALIMANTAN SELATAN,63,KAB. TANAH BUMBU,6310,Swasta,14,13,0,0,27,27
2021,PROV. KALIMANTAN SELATAN,63,KAB. TANAH BUMBU,6310,Negeri,92,99,1,0,192,192
2021,PROV. KALIMANTAN SELATAN,63,KAB. TANAH BUMBU,6310,Negeri dan Swasta,106,112,1,0,219,219
2021,PROV. KALIMANTAN SELATAN,63,KAB. BALANGAN,6311,Swasta,1,3,0,0,4,4
2021,PROV. KALIMANTAN SELATAN,63,KAB. BALANGAN,6311,Negeri dan Swasta,84,100,0,0,184,184
2021,PROV. KALIMANTAN SELATAN,63,KAB. BALANGAN,6311,Negeri,83,97,0,0,180,180
2021,PROV. KALIMANTAN SELATAN,63,KOTA BANJARMASIN,6371,Negeri dan Swasta,179,167,0,0,346,346
2021,PROV. KALIMANTAN SELATAN,63,KOTA BANJARMASIN,6371,Swasta,68,38,0,0,106,106
2021,PROV. KALIMANTAN SELATAN,63,KOTA BANJARMASIN,6371,Negeri,111,129,0,0,240,240
2021,PROV. KALIMANTAN SELATAN,63,KOTA BANJARBARU,6372,Negeri,51,53,0,0,104,104
2021,PROV. KALIMANTAN SELATAN,63,KOTA BANJARBARU,6372,Negeri dan Swasta,80,70,0,0,150,150
2021,PROV. KALIMANTAN SELATAN,63,KOTA BANJARBARU,6372,Swasta,29,17,0,0,46,46
2021,PROV. KALIMANTAN TIMUR,64,KAB. PASER,6401,Negeri,126,129,0,0,255,255
2021,PROV. KALIMANTAN TIMUR,64,KAB. PASER,6401,Swasta,15,12,0,0,27,27
2021,PROV. KALIMANTAN TIMUR,64,KAB. PASER,6401,Negeri dan Swasta,141,141,0,0,282,282
2021,PROV. KALIMANTAN TIMUR,64,KAB. KUTAI KARTANEGARA,6402,Negeri,287,249,0,0,536,536
2021,PROV. KALIMANTAN TIMUR,64,KAB. KUTAI KARTANEGARA,6402,Swasta,57,46,0,0,103,103
2021,PROV. KALIMANTAN TIMUR,64,KAB. KUTAI KARTANEGARA,6402,Negeri dan Swasta,344,295,0,0,639,639
2021,PROV. KALIMANTAN TIMUR,64,KAB. BERAU,6403,Negeri dan Swasta,136,90,0,0,226,226
2021,PROV. KALIMANTAN TIMUR,64,KAB. BERAU,6403,Swasta,13,11,0,0,24,24
2021,PROV. KALIMANTAN TIMUR,64,KAB. BERAU,6403,Negeri,123,79,0,0,202,202
2021,PROV. KALIMANTAN TIMUR,64,KAB. KUTAI BARAT,6407,Swasta,20,15,0,0,35,35
2021,PROV. KALIMANTAN TIMUR,64,KAB. KUTAI BARAT,6407,Negeri dan Swasta,111,157,0,0,268,268
2021,PROV. KALIMANTAN TIMUR,64,KAB. KUTAI BARAT,6407,Negeri,91,142,0,0,233,233
2021,PROV. KALIMANTAN TIMUR,64,KAB. KUTAI TIMUR,6408,Negeri dan Swasta,173,182,0,0,355,355
2021,PROV. KALIMANTAN TIMUR,64,KAB. KUTAI TIMUR,6408,Negeri,130,156,0,0,286,286
2021,PROV. KALIMANTAN TIMUR,64,KAB. KUTAI TIMUR,6408,Swasta,43,26,0,0,69,69
2021,PROV. KALIMANTAN TIMUR,64,KAB. PENAJAM PASER UTARA,6409,Negeri dan Swasta,76,63,0,0,139,139
2021,PROV. KALIMANTAN TIMUR,64,KAB. PENAJAM PASER UTARA,6409,Negeri,65,54,0,0,119,119
2021,PROV. KALIMANTAN TIMUR,64,KAB. PENAJAM PASER UTARA,6409,Swasta,11,9,0,0,20,20
2021,PROV. KALIMANTAN TIMUR,64,KAB. MAHAKAM ULU,6411,Negeri dan Swasta,35,39,0,0,74,74
2021,PROV. KALIMANTAN TIMUR,64,KAB. MAHAKAM ULU,6411,Negeri,28,38,0,0,66,66
2021,PROV. KALIMANTAN TIMUR,64,KAB. MAHAKAM ULU,6411,Swasta,7,1,0,0,8,8
2021,PROV. KALIMANTAN TIMUR,64,KOTA BALIKPAPAN,6471,Swasta,99,43,0,0,142,142
2021,PROV. KALIMANTAN TIMUR,64,KOTA BALIKPAPAN,6471,Negeri,80,105,1,0,186,186
2021,PROV. KALIMANTAN TIMUR,64,KOTA BALIKPAPAN,6471,Negeri dan Swasta,179,148,1,0,328,328
2021,PROV. KALIMANTAN TIMUR,64,KOTA SAMARINDA,6472,Negeri,129,136,0,0,265,265
2021,PROV. KALIMANTAN TIMUR,64,KOTA SAMARINDA,6472,Swasta,88,60,0,0,148,148
2021,PROV. KALIMANTAN TIMUR,64,KOTA SAMARINDA,6472,Negeri dan Swasta,217,196,0,0,413,413
2021,PROV. KALIMANTAN TIMUR,64,KOTA BONTANG,6474,Negeri dan Swasta,68,41,0,0,109,109
2021,PROV. KALIMANTAN TIMUR,64,KOTA BONTANG,6474,Swasta,44,22,0,0,66,66
2021,PROV. KALIMANTAN TIMUR,64,KOTA BONTANG,6474,Negeri,24,19,0,0,43,43
2021,PROV. KALIMANTAN UTARA,65,KAB. BULUNGAN,6501,Swasta,9,8,0,0,17,17
2021,PROV. KALIMANTAN UTARA,65,KAB. BULUNGAN,6501,Negeri dan Swasta,106,93,0,0,199,199
2021,PROV. KALIMANTAN UTARA,65,KAB. BULUNGAN,6501,Negeri,97,85,0,0,182,182
2021,PROV. KALIMANTAN UTARA,65,KAB. MALINAU,6502,Negeri,47,84,0,0,131,131
2021,PROV. KALIMANTAN UTARA,65,KAB. MALINAU,6502,Negeri dan Swasta,49,89,0,0,138,138
2021,PROV. KALIMANTAN UTARA,65,KAB. MALINAU,6502,Swasta,2,5,0,0,7,7
2021,PROV. KALIMANTAN UTARA,65,KAB. NUNUKAN,6503,Negeri,79,91,0,0,170,170
2021,PROV. KALIMANTAN UTARA,65,KAB. NUNUKAN,6503,Swasta,14,10,0,0,24,24
2021,PROV. KALIMANTAN UTARA,65,KAB. NUNUKAN,6503,Negeri dan Swasta,93,101,0,0,194,194
2021,PROV. KALIMANTAN UTARA,65,KAB. TANA TIDUNG,6504,Negeri dan Swasta,22,17,0,0,39,39
2021,PROV. KALIMANTAN UTARA,65,KAB. TANA TIDUNG,6504,Swasta,1,1,0,0,2,2
2021,PROV. KALIMANTAN UTARA,65,KAB. TANA TIDUNG,6504,Negeri,21,16,0,0,37,37
2021,PROV. KALIMANTAN UTARA,65,KOTA TARAKAN,6571,Swasta,23,16,0,0,39,39
2021,PROV. KALIMANTAN UTARA,65,KOTA TARAKAN,6571,Negeri dan Swasta,66,39,0,0,105,105
2021,PROV. KALIMANTAN UTARA,65,KOTA TARAKAN,6571,Negeri,43,23,0,0,66,66
2021,PROV. SULAWESI UTARA,71,KAB. BOLAANG MONGONDOW,7101,Negeri dan Swasta,126,133,0,0,259,259
2021,PROV. SULAWESI UTARA,71,KAB. BOLAANG MONGONDOW,7101,Negeri,112,109,0,0,221,221
2021,PROV. SULAWESI UTARA,71,KAB. BOLAANG MONGONDOW,7101,Swasta,14,24,0,0,38,38
2021,PROV. SULAWESI UTARA,71,KAB. MINAHASA,7102,Negeri,71,133,0,0,204,204
2021,PROV. SULAWESI UTARA,71,KAB. MINAHASA,7102,Negeri dan Swasta,108,225,0,0,333,333
2021,PROV. SULAWESI UTARA,71,KAB. MINAHASA,7102,Swasta,37,92,0,0,129,129
2021,PROV. SULAWESI UTARA,71,KAB. KEPULAUAN SANGIHE,7103,Negeri,93,111,0,0,204,204
2021,PROV. SULAWESI UTARA,71,KAB. KEPULAUAN SANGIHE,7103,Negeri dan Swasta,136,168,0,0,304,304
2021,PROV. SULAWESI UTARA,71,KAB. KEPULAUAN SANGIHE,7103,Swasta,43,57,0,0,100,100
2021,PROV. SULAWESI UTARA,71,KAB. KEPULAUAN TALAUD,7104,Negeri,50,80,0,0,130,130
2021,PROV. SULAWESI UTARA,71,KAB. KEPULAUAN TALAUD,7104,Negeri dan Swasta,65,116,0,0,181,181
2021,PROV. SULAWESI UTARA,71,KAB. KEPULAUAN TALAUD,7104,Swasta,15,36,0,0,51,51
2021,PROV. SULAWESI UTARA,71,KAB. MINAHASA SELATAN,7105,Swasta,44,45,0,0,89,89
2021,PROV. SULAWESI UTARA,71,KAB. MINAHASA SELATAN,7105,Negeri dan Swasta,119,122,0,0,241,241
2021,PROV. SULAWESI UTARA,71,KAB. MINAHASA SELATAN,7105,Negeri,75,77,0,0,152,152
2021,PROV. SULAWESI UTARA,71,KAB. MINAHASA UTARA,7106,Swasta,38,77,0,0,115,115
2021,PROV. SULAWESI UTARA,71,KAB. MINAHASA UTARA,7106,Negeri,57,96,0,0,153,153
2021,PROV. SULAWESI UTARA,71,KAB. MINAHASA UTARA,7106,Negeri dan Swasta,95,173,0,0,268,268
2021,PROV. SULAWESI UTARA,71,KAB. MINAHASA TENGGARA,7107,Negeri dan Swasta,46,116,0,0,162,162
2021,PROV. SULAWESI UTARA,71,KAB. MINAHASA TENGGARA,7107,Negeri,33,76,0,0,109,109
2021,PROV. SULAWESI UTARA,71,KAB. MINAHASA TENGGARA,7107,Swasta,13,40,0,0,53,53
2021,PROV. SULAWESI UTARA,71,KAB. BOLAANG MONGONDOW UTARA,7108,Swasta,1,2,0,0,3,3
2021,PROV. SULAWESI UTARA,71,KAB. BOLAANG MONGONDOW UTARA,7108,Negeri dan Swasta,50,71,0,0,121,121
2021,PROV. SULAWESI UTARA,71,KAB. BOLAANG MONGONDOW UTARA,7108,Negeri,49,69,0,0,118,118
2021,PROV. SULAWESI UTARA,71,KAB. KEP. SIAU TAGULANDANG BIARO,7109,Negeri dan Swasta,43,93,1,0,137,137
2021,PROV. SULAWESI UTARA,71,KAB. KEP. SIAU TAGULANDANG BIARO,7109,Negeri,21,59,1,0,81,81
2021,PROV. SULAWESI UTARA,71,KAB. KEP. SIAU TAGULANDANG BIARO,7109,Swasta,22,34,0,0,56,56
2021,PROV. SULAWESI UTARA,71,KAB. BOLAANG MONGONDOW TIMUR,7110,Swasta,6,5,0,0,11,11
2021,PROV. SULAWESI UTARA,71,KAB. BOLAANG MONGONDOW TIMUR,7110,Negeri,42,54,0,0,96,96
2021,PROV. SULAWESI UTARA,71,KAB. BOLAANG MONGONDOW TIMUR,7110,Negeri dan Swasta,48,59,0,0,107,107
2021,PROV. SULAWESI UTARA,71,KAB. BOLAANG MONGONDOW SELATAN,7111,Negeri dan Swasta,40,66,0,0,106,106
2021,PROV. SULAWESI UTARA,71,KAB. BOLAANG MONGONDOW SELATAN,7111,Negeri,34,61,0,0,95,95
2021,PROV. SULAWESI UTARA,71,KAB. BOLAANG MONGONDOW SELATAN,7111,Swasta,6,5,0,0,11,11
2021,PROV. SULAWESI UTARA,71,KOTA MANADO,7171,Negeri,45,94,0,0,139,139
2021,PROV. SULAWESI UTARA,71,KOTA MANADO,7171,Swasta,97,149,0,0,246,246
2021,PROV. SULAWESI UTARA,71,KOTA MANADO,7171,Negeri dan Swasta,142,243,0,0,385,385
2021,PROV. SULAWESI UTARA,71,KOTA BITUNG,7172,Negeri,36,29,0,0,65,65
2021,PROV. SULAWESI UTARA,71,KOTA BITUNG,7172,Swasta,37,42,0,0,79,79
2021,PROV. SULAWESI UTARA,71,KOTA BITUNG,7172,Negeri dan Swasta,73,71,0,0,144,144
2021,PROV. SULAWESI UTARA,71,KOTA TOMOHON,7173,Negeri,10,25,0,0,35,35
2021,PROV. SULAWESI UTARA,71,KOTA TOMOHON,7173,Negeri dan Swasta,45,79,0,0,124,124
2021,PROV. SULAWESI UTARA,71,KOTA TOMOHON,7173,Swasta,35,54,0,0,89,89
2021,PROV. SULAWESI UTARA,71,KOTA KOTAMOBAGU,7174,Swasta,8,14,0,0,22,22
2021,PROV. SULAWESI UTARA,71,KOTA KOTAMOBAGU,7174,Negeri,28,49,0,0,77,77
2021,PROV. SULAWESI UTARA,71,KOTA KOTAMOBAGU,7174,Negeri dan Swasta,36,63,0,0,99,99
2021,PROV. SULAWESI TENGAH,72,KAB. BANGGAI,7201,Negeri dan Swasta,190,295,0,0,485,485
2021,PROV. SULAWESI TENGAH,72,KAB. BANGGAI,7201,Negeri,169,271,0,0,440,440
2021,PROV. SULAWESI TENGAH,72,KAB. BANGGAI,7201,Swasta,21,24,0,0,45,45
2021,PROV. SULAWESI TENGAH,72,KAB. POSO,7202,Negeri,118,134,1,0,253,253
2021,PROV. SULAWESI TENGAH,72,KAB. POSO,7202,Swasta,8,28,0,0,36,36
2021,PROV. SULAWESI TENGAH,72,KAB. POSO,7202,Negeri dan Swasta,126,162,1,0,289,289
2021,PROV. SULAWESI TENGAH,72,KAB. DONGGALA,7203,Negeri dan Swasta,260,263,0,0,523,523
2021,PROV. SULAWESI TENGAH,72,KAB. DONGGALA,7203,Swasta,19,9,0,0,28,28
2021,PROV. SULAWESI TENGAH,72,KAB. DONGGALA,7203,Negeri,241,254,0,0,495,495
2021,PROV. SULAWESI TENGAH,72,KAB. TOLITOLI,7204,Negeri,120,105,0,0,225,225
2021,PROV. SULAWESI TENGAH,72,KAB. TOLITOLI,7204,Swasta,12,6,0,0,18,18
2021,PROV. SULAWESI TENGAH,72,KAB. TOLITOLI,7204,Negeri dan Swasta,132,111,0,0,243,243
2021,PROV. SULAWESI TENGAH,72,KAB. BUOL,7205,Negeri,113,113,0,0,226,226
2021,PROV. SULAWESI TENGAH,72,KAB. BUOL,7205,Negeri dan Swasta,118,114,0,0,232,232
2021,PROV. SULAWESI TENGAH,72,KAB. BUOL,7205,Swasta,5,1,0,0,6,6
2021,PROV. SULAWESI TENGAH,72,KAB. MOROWALI,7206,Negeri dan Swasta,74,110,0,0,184,184
2021,PROV. SULAWESI TENGAH,72,KAB. MOROWALI,7206,Swasta,4,6,0,0,10,10
2021,PROV. SULAWESI TENGAH,72,KAB. MOROWALI,7206,Negeri,70,104,0,0,174,174
2021,PROV. SULAWESI TENGAH,72,KAB. BANGGAI KEPULAUAN,7207,Negeri,77,129,0,0,206,206
2021,PROV. SULAWESI TENGAH,72,KAB. BANGGAI KEPULAUAN,7207,Negeri dan Swasta,85,135,0,0,220,220
2021,PROV. SULAWESI TENGAH,72,KAB. BANGGAI KEPULAUAN,7207,Swasta,8,6,0,0,14,14
2021,PROV. SULAWESI TENGAH,72,KAB. PARIGI MOUTONG,7208,Negeri dan Swasta,280,196,1,0,477,477
2021,PROV. SULAWESI TENGAH,72,KAB. PARIGI MOUTONG,7208,Swasta,26,16,0,0,42,42
2021,PROV. SULAWESI TENGAH,72,KAB. PARIGI MOUTONG,7208,Negeri,254,180,1,0,435,435
2021,PROV. SULAWESI TENGAH,72,KAB. TOJO UNA UNA,7209,Negeri dan Swasta,156,141,0,0,297,297
2021,PROV. SULAWESI TENGAH,72,KAB. TOJO UNA UNA,7209,Swasta,7,2,0,0,9,9
2021,PROV. SULAWESI TENGAH,72,KAB. TOJO UNA UNA,7209,Negeri,149,139,0,0,288,288
2021,PROV. SULAWESI TENGAH,72,KAB. SIGI,7210,Negeri,162,93,0,0,255,255
2021,PROV. SULAWESI TENGAH,72,KAB. SIGI,7210,Negeri dan Swasta,192,104,0,0,296,296
2021,PROV. SULAWESI TENGAH,72,KAB. SIGI,7210,Swasta,30,11,0,0,41,41
2021,PROV. SULAWESI TENGAH,72,KAB. BANGGAI LAUT,7211,Negeri,32,62,0,0,94,94
2021,PROV. SULAWESI TENGAH,72,KAB. BANGGAI LAUT,7211,Negeri dan Swasta,35,65,0,0,100,100
2021,PROV. SULAWESI TENGAH,72,KAB. BANGGAI LAUT,7211,Swasta,3,3,0,0,6,6
2021,PROV. SULAWESI TENGAH,72,KAB. MOROWALI UTARA,7212,Negeri,95,79,0,0,174,174
2021,PROV. SULAWESI TENGAH,72,KAB. MOROWALI UTARA,7212,Swasta,8,6,0,0,14,14
2021,PROV. SULAWESI TENGAH,72,KAB. MOROWALI UTARA,7212,Negeri dan Swasta,103,85,0,0,188,188
2021,PROV. SULAWESI TENGAH,72,KOTA PALU,7271,Swasta,63,32,0,0,95,95
2021,PROV. SULAWESI TENGAH,72,KOTA PALU,7271,Negeri,136,69,0,0,205,205
2021,PROV. SULAWESI TENGAH,72,KOTA PALU,7271,Negeri dan Swasta,199,101,0,0,300,300
2021,PROV. SULAWESI SELATAN,73,KAB. KEPULAUAN SELAYAR,7301,Negeri dan Swasta,86,130,0,0,216,216
2021,PROV. SULAWESI SELATAN,73,KAB. KEPULAUAN SELAYAR,7301,Negeri,78,129,0,0,207,207
2021,PROV. SULAWESI SELATAN,73,KAB. KEPULAUAN SELAYAR,7301,Swasta,8,1,0,0,9,9
2021,PROV. SULAWESI SELATAN,73,KAB. BULUKUMBA,7302,Swasta,8,4,0,0,12,12
2021,PROV. SULAWESI SELATAN,73,KAB. BULUKUMBA,7302,Negeri dan Swasta,143,303,1,0,447,447
2021,PROV. SULAWESI SELATAN,73,KAB. BULUKUMBA,7302,Negeri,135,299,1,0,435,435
2021,PROV. SULAWESI SELATAN,73,KAB. BANTAENG,7303,Negeri,60,123,0,0,183,183
2021,PROV. SULAWESI SELATAN,73,KAB. BANTAENG,7303,Swasta,10,12,0,0,22,22
2021,PROV. SULAWESI SELATAN,73,KAB. BANTAENG,7303,Negeri dan Swasta,70,135,0,0,205,205
2021,PROV. SULAWESI SELATAN,73,KAB. JENEPONTO,7304,Negeri dan Swasta,185,249,0,0,434,434
2021,PROV. SULAWESI SELATAN,73,KAB. JENEPONTO,7304,Negeri,167,230,0,0,397,397
2021,PROV. SULAWESI SELATAN,73,KAB. JENEPONTO,7304,Swasta,18,19,0,0,37,37
2021,PROV. SULAWESI SELATAN,73,KAB. TAKALAR,7305,Swasta,12,8,0,0,20,20
2021,PROV. SULAWESI SELATAN,73,KAB. TAKALAR,7305,Negeri,86,171,0,0,257,257
2021,PROV. SULAWESI SELATAN,73,KAB. TAKALAR,7305,Negeri dan Swasta,98,179,0,0,277,277
2021,PROV. SULAWESI SELATAN,73,KAB. GOWA,7306,Negeri,126,291,1,0,418,418
2021,PROV. SULAWESI SELATAN,73,KAB. GOWA,7306,Swasta,36,41,1,0,78,78
2021,PROV. SULAWESI SELATAN,73,KAB. GOWA,7306,Negeri dan Swasta,162,332,2,0,496,496
2021,PROV. SULAWESI SELATAN,73,KAB. SINJAI,7307,Negeri,110,205,0,0,315,315
2021,PROV. SULAWESI SELATAN,73,KAB. SINJAI,7307,Negeri dan Swasta,118,210,0,0,328,328
2021,PROV. SULAWESI SELATAN,73,KAB. SINJAI,7307,Swasta,8,5,0,0,13,13
2021,PROV. SULAWESI SELATAN,73,KAB. BONE,7308,Negeri,348,364,1,0,713,713
2021,PROV. SULAWESI SELATAN,73,KAB. BONE,7308,Negeri dan Swasta,365,381,1,0,747,747
2021,PROV. SULAWESI SELATAN,73,KAB. BONE,7308,Swasta,17,17,0,0,34,34
2021,PROV. SULAWESI SELATAN,73,KAB. MAROS,7309,Negeri dan Swasta,119,240,0,0,359,359
2021,PROV. SULAWESI SELATAN,73,KAB. MAROS,7309,Negeri,83,206,0,0,289,289
2021,PROV. SULAWESI SELATAN,73,KAB. MAROS,7309,Swasta,36,34,0,0,70,70
2021,PROV. SULAWESI SELATAN,73,KAB. PANGKAJENE DAN KEPULAUAN,7310,Negeri dan Swasta,147,230,0,0,377,377
2021,PROV. SULAWESI SELATAN,73,KAB. PANGKAJENE DAN KEPULAUAN,7310,Negeri,136,218,0,0,354,354
2021,PROV. SULAWESI SELATAN,73,KAB. PANGKAJENE DAN KEPULAUAN,7310,Swasta,11,12,0,0,23,23
2021,PROV. SULAWESI SELATAN,73,KAB. BARRU,7311,Negeri dan Swasta,133,138,1,0,272,272
2021,PROV. SULAWESI SELATAN,73,KAB. BARRU,7311,Negeri,130,136,1,0,267,267
2021,PROV. SULAWESI SELATAN,73,KAB. BARRU,7311,Swasta,3,2,0,0,5,5
2021,PROV. SULAWESI SELATAN,73,KAB. SOPPENG,7312,Negeri,97,198,0,0,295,295
2021,PROV. SULAWESI SELATAN,73,KAB. SOPPENG,7312,Swasta,7,11,0,0,18,18
2021,PROV. SULAWESI SELATAN,73,KAB. SOPPENG,7312,Negeri dan Swasta,104,209,0,0,313,313
2021,PROV. SULAWESI SELATAN,73,KAB. WAJO,7313,Negeri,125,335,0,0,460,460
2021,PROV. SULAWESI SELATAN,73,KAB. WAJO,7313,Swasta,13,2,0,0,15,15
2021,PROV. SULAWESI SELATAN,73,KAB. WAJO,7313,Negeri dan Swasta,138,337,0,0,475,475
2021,PROV. SULAWESI SELATAN,73,KAB. SIDENRENG RAPPANG,7314,Negeri dan Swasta,105,222,0,0,327,327
2021,PROV. SULAWESI SELATAN,73,KAB. SIDENRENG RAPPANG,7314,Swasta,7,15,0,0,22,22
2021,PROV. SULAWESI SELATAN,73,KAB. SIDENRENG RAPPANG,7314,Negeri,98,207,0,0,305,305
2021,PROV. SULAWESI SELATAN,73,KAB. PINRANG,7315,Negeri,126,215,0,0,341,341
2021,PROV. SULAWESI SELATAN,73,KAB. PINRANG,7315,Negeri dan Swasta,140,223,0,0,363,363
2021,PROV. SULAWESI SELATAN,73,KAB. PINRANG,7315,Swasta,14,8,0,0,22,22
2021,PROV. SULAWESI SELATAN,73,KAB. ENREKANG,7316,Negeri dan Swasta,90,198,0,0,288,288
2021,PROV. SULAWESI SELATAN,73,KAB. ENREKANG,7316,Swasta,8,9,0,0,17,17
2021,PROV. SULAWESI SELATAN,73,KAB. ENREKANG,7316,Negeri,82,189,0,0,271,271
2021,PROV. SULAWESI SELATAN,73,KAB. LUWU,7317,Negeri,130,221,1,0,352,352
2021,PROV. SULAWESI SELATAN,73,KAB. LUWU,7317,Negeri dan Swasta,147,241,1,0,389,389
2021,PROV. SULAWESI SELATAN,73,KAB. LUWU,7317,Swasta,17,20,0,0,37,37
2021,PROV. SULAWESI SELATAN,73,KAB. TANA TORAJA,7318,Swasta,19,27,0,0,46,46
2021,PROV. SULAWESI SELATAN,73,KAB. TANA TORAJA,7318,Negeri,89,170,0,0,259,259
2021,PROV. SULAWESI SELATAN,73,KAB. TANA TORAJA,7318,Negeri dan Swasta,108,197,0,0,305,305
2021,PROV. SULAWESI SELATAN,73,KAB. LUWU UTARA,7322,Negeri,133,187,0,0,320,320
2021,PROV. SULAWESI SELATAN,73,KAB. LUWU UTARA,7322,Negeri dan Swasta,139,188,0,0,327,327
2021,PROV. SULAWESI SELATAN,73,KAB. LUWU UTARA,7322,Swasta,6,1,0,0,7,7
2021,PROV. SULAWESI SELATAN,73,KAB. LUWU TIMUR,7324,Negeri dan Swasta,105,150,0,0,255,255
2021,PROV. SULAWESI SELATAN,73,KAB. LUWU TIMUR,7324,Swasta,10,18,0,0,28,28
2021,PROV. SULAWESI SELATAN,73,KAB. LUWU TIMUR,7324,Negeri,95,132,0,0,227,227
2021,PROV. SULAWESI SELATAN,73,KAB. TORAJA UTARA,7326,Swasta,21,19,0,0,40,40
2021,PROV. SULAWESI SELATAN,73,KAB. TORAJA UTARA,7326,Negeri,129,152,0,0,281,281
2021,PROV. SULAWESI SELATAN,73,KAB. TORAJA UTARA,7326,Negeri dan Swasta,150,171,0,0,321,321
2021,PROV. SULAWESI SELATAN,73,KOTA MAKASSAR,7371,Negeri,155,229,0,0,384,384
2021,PROV. SULAWESI SELATAN,73,KOTA MAKASSAR,7371,Swasta,287,191,0,0,478,478
2021,PROV. SULAWESI SELATAN,73,KOTA MAKASSAR,7371,Negeri dan Swasta,442,420,0,0,862,862
2021,PROV. SULAWESI SELATAN,73,KOTA PAREPARE,7372,Swasta,14,20,0,0,34,34
2021,PROV. SULAWESI SELATAN,73,KOTA PAREPARE,7372,Negeri dan Swasta,68,70,0,0,138,138
2021,PROV. SULAWESI SELATAN,73,KOTA PAREPARE,7372,Negeri,54,50,0,0,104,104
2021,PROV. SULAWESI SELATAN,73,KOTA PALOPO,7373,Negeri,46,56,0,0,102,102
2021,PROV. SULAWESI SELATAN,73,KOTA PALOPO,7373,Negeri dan Swasta,69,76,0,0,145,145
2021,PROV. SULAWESI SELATAN,73,KOTA PALOPO,7373,Swasta,23,20,0,0,43,43
2021,PROV. SULAWESI TENGGARA,74,KAB. KOLAKA,7401,Swasta,16,5,0,0,21,21
2021,PROV. SULAWESI TENGGARA,74,KAB. KOLAKA,7401,Negeri dan Swasta,145,99,0,0,244,244
2021,PROV. SULAWESI TENGGARA,74,KAB. KOLAKA,7401,Negeri,129,94,0,0,223,223
2021,PROV. SULAWESI TENGGARA,74,KAB. KONAWE,7402,Negeri dan Swasta,197,185,1,0,383,383
2021,PROV. SULAWESI TENGGARA,74,KAB. KONAWE,7402,Negeri,190,180,1,0,371,371
2021,PROV. SULAWESI TENGGARA,74,KAB. KONAWE,7402,Swasta,7,5,0,0,12,12
2021,PROV. SULAWESI TENGGARA,74,KAB. MUNA,7403,Negeri dan Swasta,109,195,0,0,304,304
2021,PROV. SULAWESI TENGGARA,74,KAB. MUNA,7403,Negeri,91,175,0,0,266,266
2021,PROV. SULAWESI TENGGARA,74,KAB. MUNA,7403,Swasta,18,20,0,0,38,38
2021,PROV. SULAWESI TENGGARA,74,KAB. BUTON,7404,Swasta,2,4,0,0,6,6
2021,PROV. SULAWESI TENGGARA,74,KAB. BUTON,7404,Negeri,103,118,0,0,221,221
2021,PROV. SULAWESI TENGGARA,74,KAB. BUTON,7404,Negeri dan Swasta,105,122,0,0,227,227
2021,PROV. SULAWESI TENGGARA,74,KAB. KONAWE SELATAN,7405,Swasta,5,1,0,0,6,6
2021,PROV. SULAWESI TENGGARA,74,KAB. KONAWE SELATAN,7405,Negeri dan Swasta,148,284,0,0,432,432
2021,PROV. SULAWESI TENGGARA,74,KAB. KONAWE SELATAN,7405,Negeri,143,283,0,0,426,426
2021,PROV. SULAWESI TENGGARA,74,KAB. BOMBANA,7406,Swasta,14,10,0,0,24,24
2021,PROV. SULAWESI TENGGARA,74,KAB. BOMBANA,7406,Negeri dan Swasta,125,120,0,0,245,245
2021,PROV. SULAWESI TENGGARA,74,KAB. BOMBANA,7406,Negeri,111,110,0,0,221,221
2021,PROV. SULAWESI TENGGARA,74,KAB. WAKATOBI,7407,Negeri dan Swasta,63,129,0,0,192,192
2021,PROV. SULAWESI TENGGARA,74,KAB. WAKATOBI,7407,Swasta,3,4,0,0,7,7
2021,PROV. SULAWESI TENGGARA,74,KAB. WAKATOBI,7407,Negeri,60,125,0,0,185,185
2021,PROV. SULAWESI TENGGARA,74,KAB. KOLAKA UTARA,7408,Swasta,2,2,0,0,4,4
2021,PROV. SULAWESI TENGGARA,74,KAB. KOLAKA UTARA,7408,Negeri dan Swasta,84,109,0,0,193,193
2021,PROV. SULAWESI TENGGARA,74,KAB. KOLAKA UTARA,7408,Negeri,82,107,0,0,189,189
2021,PROV. SULAWESI TENGGARA,74,KAB. KONAWE UTARA,7409,Swasta,1,0,0,0,1,1
2021,PROV. SULAWESI TENGGARA,74,KAB. KONAWE UTARA,7409,Negeri,73,109,1,0,183,183
2021,PROV. SULAWESI TENGGARA,74,KAB. KONAWE UTARA,7409,Negeri dan Swasta,74,109,1,0,184,184
2021,PROV. SULAWESI TENGGARA,74,KAB. BUTON UTARA,7410,Swasta,0,0,0,0,0,0
2021,PROV. SULAWESI TENGGARA,74,KAB. BUTON UTARA,7410,Negeri dan Swasta,43,83,0,0,126,126
2021,PROV. SULAWESI TENGGARA,74,KAB. BUTON UTARA,7410,Negeri,43,83,0,0,126,126
2021,PROV. SULAWESI TENGGARA,74,KAB. KOLAKA TIMUR,7411,Swasta,0,1,0,0,1,1
2021,PROV. SULAWESI TENGGARA,74,KAB. KOLAKA TIMUR,7411,Negeri dan Swasta,73,93,0,0,166,166
2021,PROV. SULAWESI TENGGARA,74,KAB. KOLAKA TIMUR,7411,Negeri,73,92,0,0,165,165
2021,PROV. SULAWESI TENGGARA,74,KAB. KONAWE KEPULAUAN,7412,Negeri dan Swasta,36,56,0,0,92,92
2021,PROV. SULAWESI TENGGARA,74,KAB. KONAWE KEPULAUAN,7412,Swasta,0,1,0,0,1,1
2021,PROV. SULAWESI TENGGARA,74,KAB. KONAWE KEPULAUAN,7412,Negeri,36,55,0,0,91,91
2021,PROV. SULAWESI TENGGARA,74,KAB. MUNA BARAT,7413,Swasta,4,3,0,0,7,7
2021,PROV. SULAWESI TENGGARA,74,KAB. MUNA BARAT,7413,Negeri,72,68,1,0,141,141
2021,PROV. SULAWESI TENGGARA,74,KAB. MUNA BARAT,7413,Negeri dan Swasta,76,71,1,0,148,148
2021,PROV. SULAWESI TENGGARA,74,KAB. BUTON TENGAH,7414,Negeri dan Swasta,64,92,0,0,156,156
2021,PROV. SULAWESI TENGGARA,74,KAB. BUTON TENGAH,7414,Swasta,1,3,0,0,4,4
2021,PROV. SULAWESI TENGGARA,74,KAB. BUTON TENGAH,7414,Negeri,63,89,0,0,152,152
2021,PROV. SULAWESI TENGGARA,74,KAB. BUTON SELATAN,7415,Negeri,55,66,1,0,122,122
2021,PROV. SULAWESI TENGGARA,74,KAB. BUTON SELATAN,7415,Negeri dan Swasta,56,67,1,0,124,124
2021,PROV. SULAWESI TENGGARA,74,KAB. BUTON SELATAN,7415,Swasta,1,1,0,0,2,2
2021,PROV. SULAWESI TENGGARA,74,KOTA KENDARI,7471,Negeri dan Swasta,111,129,0,0,240,240
2021,PROV. SULAWESI TENGGARA,74,KOTA KENDARI,7471,Swasta,28,31,0,0,59,59
2021,PROV. SULAWESI TENGGARA,74,KOTA KENDARI,7471,Negeri,83,98,0,0,181,181
2021,PROV. SULAWESI TENGGARA,74,KOTA BAU BAU,7472,Negeri,55,59,0,0,114,114
2021,PROV. SULAWESI TENGGARA,74,KOTA BAU BAU,7472,Swasta,8,7,0,0,15,15
2021,PROV. SULAWESI TENGGARA,74,KOTA BAU BAU,7472,Negeri dan Swasta,63,66,0,0,129,129
2021,PROV. GORONTALO,75,KAB. GORONTALO,7501,Negeri,139,206,0,0,345,345
2021,PROV. GORONTALO,75,KAB. GORONTALO,7501,Negeri dan Swasta,151,221,0,0,372,372
2021,PROV. GORONTALO,75,KAB. GORONTALO,7501,Swasta,12,15,0,0,27,27
2021,PROV. GORONTALO,75,KAB. BOALEMO,7502,Negeri dan Swasta,140,125,0,0,265,265
2021,PROV. GORONTALO,75,KAB. BOALEMO,7502,Negeri,140,125,0,0,265,265
2021,PROV. GORONTALO,75,KAB. BOALEMO,7502,Swasta,0,0,0,0,0,0
2021,PROV. GORONTALO,75,KAB. BONE BOLANGO,7503,Swasta,2,0,0,0,2,2
2021,PROV. GORONTALO,75,KAB. BONE BOLANGO,7503,Negeri dan Swasta,99,126,0,0,225,225
2021,PROV. GORONTALO,75,KAB. BONE BOLANGO,7503,Negeri,97,126,0,0,223,223
2021,PROV. GORONTALO,75,KAB. POHUWATO,7504,Swasta,5,6,0,0,11,11
2021,PROV. GORONTALO,75,KAB. POHUWATO,7504,Negeri,87,112,0,0,199,199
2021,PROV. GORONTALO,75,KAB. POHUWATO,7504,Negeri dan Swasta,92,118,0,0,210,210
2021,PROV. GORONTALO,75,KAB. GORONTALO UTARA,7505,Negeri dan Swasta,112,122,0,0,234,234
2021,PROV. GORONTALO,75,KAB. GORONTALO UTARA,7505,Negeri,109,120,0,0,229,229
2021,PROV. GORONTALO,75,KAB. GORONTALO UTARA,7505,Swasta,3,2,0,0,5,5
2021,PROV. GORONTALO,75,KOTA GORONTALO,7571,Swasta,16,6,0,0,22,22
2021,PROV. GORONTALO,75,KOTA GORONTALO,7571,Negeri,62,73,0,0,135,135
2021,PROV. GORONTALO,75,KOTA GORONTALO,7571,Negeri dan Swasta,78,79,0,0,157,157
2021,PROV. SULAWESI BARAT,76,KAB. PASANGKAYU,7601,Negeri dan Swasta,158,101,0,0,259,259
2021,PROV. SULAWESI BARAT,76,KAB. PASANGKAYU,7601,Swasta,9,4,0,0,13,13
2021,PROV. SULAWESI BARAT,76,KAB. PASANGKAYU,7601,Negeri,149,97,0,0,246,246
2021,PROV. SULAWESI BARAT,76,KAB. MAMUJU,7602,Negeri dan Swasta,127,175,0,0,302,302
2021,PROV. SULAWESI BARAT,76,KAB. MAMUJU,7602,Negeri,117,162,0,0,279,279
2021,PROV. SULAWESI BARAT,76,KAB. MAMUJU,7602,Swasta,10,13,0,0,23,23
2021,PROV. SULAWESI BARAT,76,KAB. MAMASA,7603,Negeri dan Swasta,82,190,0,0,272,272
2021,PROV. SULAWESI BARAT,76,KAB. MAMASA,7603,Swasta,15,21,0,0,36,36
2021,PROV. SULAWESI BARAT,76,KAB. MAMASA,7603,Negeri,67,169,0,0,236,236
2021,PROV. SULAWESI BARAT,76,KAB. POLEWALI MANDAR,7604,Swasta,12,9,0,0,21,21
2021,PROV. SULAWESI BARAT,76,KAB. POLEWALI MANDAR,7604,Negeri,163,213,0,0,376,376
2021,PROV. SULAWESI BARAT,76,KAB. POLEWALI MANDAR,7604,Negeri dan Swasta,175,222,0,0,397,397
2021,PROV. SULAWESI BARAT,76,KAB. MAJENE,7605,Negeri dan Swasta,89,139,0,0,228,228
2021,PROV. SULAWESI BARAT,76,KAB. MAJENE,7605,Swasta,2,4,0,0,6,6
2021,PROV. SULAWESI BARAT,76,KAB. MAJENE,7605,Negeri,87,135,0,0,222,222
2021,PROV. SULAWESI BARAT,76,KAB. MAMUJU TENGAH,7606,Negeri dan Swasta,56,113,0,0,169,169
2021,PROV. SULAWESI BARAT,76,KAB. MAMUJU TENGAH,7606,Swasta,3,3,0,0,6,6
2021,PROV. SULAWESI BARAT,76,KAB. MAMUJU TENGAH,7606,Negeri,53,110,0,0,163,163
2021,PROV. MALUKU,81,KAB. MALUKU TENGAH,8101,Negeri,215,257,0,0,472,472
2021,PROV. MALUKU,81,KAB. MALUKU TENGAH,8101,Negeri dan Swasta,249,288,0,0,537,537
2021,PROV. MALUKU,81,KAB. MALUKU TENGAH,8101,Swasta,34,31,0,0,65,65
2021,PROV. MALUKU,81,KAB. MALUKU TENGGARA,8102,Negeri,49,64,0,0,113,113
2021,PROV. MALUKU,81,KAB. MALUKU TENGGARA,8102,Negeri dan Swasta,104,134,0,0,238,238
2021,PROV. MALUKU,81,KAB. MALUKU TENGGARA,8102,Swasta,55,70,0,0,125,125
2021,PROV. MALUKU,81,KAB. KEPULAUAN TANIMBAR,8103,Negeri dan Swasta,163,107,0,0,270,270
2021,PROV. MALUKU,81,KAB. KEPULAUAN TANIMBAR,8103,Swasta,72,44,0,0,116,116
2021,PROV. MALUKU,81,KAB. KEPULAUAN TANIMBAR,8103,Negeri,91,63,0,0,154,154
2021,PROV. MALUKU,81,KAB. BURU,8104,Negeri dan Swasta,62,149,2,0,213,213
2021,PROV. MALUKU,81,KAB. BURU,8104,Negeri,57,116,2,0,175,175
2021,PROV. MALUKU,81,KAB. BURU,8104,Swasta,5,33,0,0,38,38
2021,PROV. MALUKU,81,KAB. SERAM BAGIAN TIMUR,8105,Negeri dan Swasta,52,149,0,0,201,201
2021,PROV. MALUKU,81,KAB. SERAM BAGIAN TIMUR,8105,Negeri,44,136,0,0,180,180
2021,PROV. MALUKU,81,KAB. SERAM BAGIAN TIMUR,8105,Swasta,8,13,0,0,21,21
2021,PROV. MALUKU,81,KAB. SERAM BAGIAN BARAT,8106,Swasta,35,38,0,0,73,73
2021,PROV. MALUKU,81,KAB. SERAM BAGIAN BARAT,8106,Negeri,138,145,0,0,283,283
2021,PROV. MALUKU,81,KAB. SERAM BAGIAN BARAT,8106,Negeri dan Swasta,173,183,0,0,356,356
2021,PROV. MALUKU,81,KAB. KEPULAUAN ARU,8107,Swasta,36,23,0,0,59,59
2021,PROV. MALUKU,81,KAB. KEPULAUAN ARU,8107,Negeri,47,29,0,0,76,76
2021,PROV. MALUKU,81,KAB. KEPULAUAN ARU,8107,Negeri dan Swasta,83,52,0,0,135,135
2021,PROV. MALUKU,81,KAB. MALUKU BARAT DAYA,8108,Swasta,16,27,0,0,43,43
2021,PROV. MALUKU,81,KAB. MALUKU BARAT DAYA,8108,Negeri,51,55,0,0,106,106
2021,PROV. MALUKU,81,KAB. MALUKU BARAT DAYA,8108,Negeri dan Swasta,67,82,0,0,149,149
2021,PROV. MALUKU,81,KAB. BURU SELATAN,8109,Negeri,64,32,0,0,96,96
2021,PROV. MALUKU,81,KAB. BURU SELATAN,8109,Swasta,15,8,0,0,23,23
2021,PROV. MALUKU,81,KAB. BURU SELATAN,8109,Negeri dan Swasta,79,40,0,0,119,119
2021,PROV. MALUKU,81,KOTA AMBON,8171,Negeri dan Swasta,141,168,1,0,310,310
2021,PROV. MALUKU,81,KOTA AMBON,8171,Negeri,90,118,1,0,209,209
2021,PROV. MALUKU,81,KOTA AMBON,8171,Swasta,51,50,0,0,101,101
2021,PROV. MALUKU,81,KOTA TUAL,8172,Negeri dan Swasta,56,52,0,0,108,108
2021,PROV. MALUKU,81,KOTA TUAL,8172,Swasta,18,15,0,0,33,33
2021,PROV. MALUKU,81,KOTA TUAL,8172,Negeri,38,37,0,0,75,75
2021,PROV. MALUKU UTARA,82,KAB. HALMAHERA BARAT,8201,Negeri dan Swasta,67,157,0,0,224,224
2021,PROV. MALUKU UTARA,82,KAB. HALMAHERA BARAT,8201,Negeri,50,118,0,0,168,168
2021,PROV. MALUKU UTARA,82,KAB. HALMAHERA BARAT,8201,Swasta,17,39,0,0,56,56
2021,PROV. MALUKU UTARA,82,KAB. HALMAHERA TENGAH,8202,Negeri dan Swasta,44,70,1,0,115,115
2021,PROV. MALUKU UTARA,82,KAB. HALMAHERA TENGAH,8202,Negeri,43,69,1,0,113,113
2021,PROV. MALUKU UTARA,82,KAB. HALMAHERA TENGAH,8202,Swasta,1,1,0,0,2,2
2021,PROV. MALUKU UTARA,82,KAB. HALMAHERA UTARA,8203,Swasta,47,40,0,0,87,87
2021,PROV. MALUKU UTARA,82,KAB. HALMAHERA UTARA,8203,Negeri,70,87,0,0,157,157
2021,PROV. MALUKU UTARA,82,KAB. HALMAHERA UTARA,8203,Negeri dan Swasta,117,127,0,0,244,244
2021,PROV. MALUKU UTARA,82,KAB. HALMAHERA SELATAN,8204,Swasta,20,30,0,0,50,50
2021,PROV. MALUKU UTARA,82,KAB. HALMAHERA SELATAN,8204,Negeri dan Swasta,100,197,0,0,297,297
2021,PROV. MALUKU UTARA,82,KAB. HALMAHERA SELATAN,8204,Negeri,80,167,0,0,247,247
2021,PROV. MALUKU UTARA,82,KAB. KEPULAUAN SULA,8205,Swasta,5,3,0,0,8,8
2021,PROV. MALUKU UTARA,82,KAB. KEPULAUAN SULA,8205,Negeri,65,77,1,0,143,143
2021,PROV. MALUKU UTARA,82,KAB. KEPULAUAN SULA,8205,Negeri dan Swasta,70,80,1,0,151,151
2021,PROV. MALUKU UTARA,82,KAB. HALMAHERA TIMUR,8206,Negeri,50,99,0,0,149,149
2021,PROV. MALUKU UTARA,82,KAB. HALMAHERA TIMUR,8206,Swasta,5,5,0,0,10,10
2021,PROV. MALUKU UTARA,82,KAB. HALMAHERA TIMUR,8206,Negeri dan Swasta,55,104,0,0,159,159
2021,PROV. MALUKU UTARA,82,KAB. PULAU MOROTAI,8207,Negeri,45,26,0,0,71,71
2021,PROV. MALUKU UTARA,82,KAB. PULAU MOROTAI,8207,Negeri dan Swasta,65,35,0,0,100,100
2021,PROV. MALUKU UTARA,82,KAB. PULAU MOROTAI,8207,Swasta,20,9,0,0,29,29
2021,PROV. MALUKU UTARA,82,KAB. PULAU TALIABU,8208,Negeri dan Swasta,31,55,0,0,86,86
2021,PROV. MALUKU UTARA,82,KAB. PULAU TALIABU,8208,Negeri,30,54,0,0,84,84
2021,PROV. MALUKU UTARA,82,KAB. PULAU TALIABU,8208,Swasta,1,1,0,0,2,2
2021,PROV. MALUKU UTARA,82,KOTA TERNATE,8271,Swasta,23,26,0,0,49,49
2021,PROV. MALUKU UTARA,82,KOTA TERNATE,8271,Negeri dan Swasta,97,88,1,0,186,186
2021,PROV. MALUKU UTARA,82,KOTA TERNATE,8271,Negeri,74,62,1,0,137,137
2021,PROV. MALUKU UTARA,82,KOTA TIDORE KEPULAUAN,8272,Negeri dan Swasta,86,130,0,0,216,216
2021,PROV. MALUKU UTARA,82,KOTA TIDORE KEPULAUAN,8272,Negeri,73,121,0,0,194,194
2021,PROV. MALUKU UTARA,82,KOTA TIDORE KEPULAUAN,8272,Swasta,13,9,0,0,22,22
2021,PROV. PAPUA,91,KAB. JAYAPURA,9103,Negeri dan Swasta,76,144,0,0,220,220
2021,PROV. PAPUA,91,KAB. JAYAPURA,9103,Negeri,46,83,0,0,129,129
2021,PROV. PAPUA,91,KAB. JAYAPURA,9103,Swasta,30,61,0,0,91,91
2021,PROV. PAPUA,91,KAB. KEPULAUAN YAPEN,9105,Negeri dan Swasta,21,43,0,0,64,64
2021,PROV. PAPUA,91,KAB. KEPULAUAN YAPEN,9105,Swasta,8,18,0,0,26,26
2021,PROV. PAPUA,91,KAB. KEPULAUAN YAPEN,9105,Negeri,13,25,0,0,38,38
2021,PROV. PAPUA,91,KAB. BIAK NUMFOR,9106,Swasta,32,50,0,0,82,82
2021,PROV. PAPUA,91,KAB. BIAK NUMFOR,9106,Negeri,50,78,0,0,128,128
2021,PROV. PAPUA,91,KAB. BIAK NUMFOR,9106,Negeri dan Swasta,82,128,0,0,210,210
2021,PROV. PAPUA,91,KAB. SARMI,9110,Swasta,6,2,0,0,8,8
2021,PROV. PAPUA,91,KAB. SARMI,9110,Negeri dan Swasta,30,20,1,0,51,51
2021,PROV. PAPUA,91,KAB. SARMI,9110,Negeri,24,18,1,0,43,43
2021,PROV. PAPUA,91,KAB. KEEROM,9111,Swasta,4,13,0,0,17,17
2021,PROV. PAPUA,91,KAB. KEEROM,9111,Negeri,29,31,0,0,60,60
2021,PROV. PAPUA,91,KAB. KEEROM,9111,Negeri dan Swasta,33,44,0,0,77,77
2021,PROV. PAPUA,91,KAB. WAROPEN,9115,Negeri,12,19,0,0,31,31
2021,PROV. PAPUA,91,KAB. WAROPEN,9115,Negeri dan Swasta,17,25,0,0,42,42
2021,PROV. PAPUA,91,KAB. WAROPEN,9115,Swasta,5,6,0,0,11,11
2021,PROV. PAPUA,91,KAB. SUPIORI,9119,Negeri,17,32,0,0,49,49
2021,PROV. PAPUA,91,KAB. SUPIORI,9119,Swasta,3,20,0,0,23,23
2021,PROV. PAPUA,91,KAB. SUPIORI,9119,Negeri dan Swasta,20,52,0,0,72,72
2021,PROV. PAPUA,91,KAB. MAMBERAMO RAYA,9120,Negeri dan Swasta,6,9,0,0,15,15
2021,PROV. PAPUA,91,KAB. MAMBERAMO RAYA,9120,Negeri,5,7,0,0,12,12
2021,PROV. PAPUA,91,KAB. MAMBERAMO RAYA,9120,Swasta,1,2,0,0,3,3
2021,PROV. PAPUA,91,KOTA JAYAPURA,9171,Swasta,48,39,0,0,87,87
2021,PROV. PAPUA,91,KOTA JAYAPURA,9171,Negeri,36,55,0,0,91,91
2021,PROV. PAPUA,91,KOTA JAYAPURA,9171,Negeri dan Swasta,84,94,0,0,178,178
2021,PROV. PAPUA BARAT,92,KAB. MANOKWARI,9202,Negeri,51,45,0,0,96,96
2021,PROV. PAPUA BARAT,92,KAB. MANOKWARI,9202,Negeri dan Swasta,70,63,0,0,133,133
2021,PROV. PAPUA BARAT,92,KAB. MANOKWARI,9202,Swasta,19,18,0,0,37,37
2021,PROV. PAPUA BARAT,92,KAB. FAK FAK,9203,Negeri dan Swasta,44,64,0,0,108,108
2021,PROV. PAPUA BARAT,92,KAB. FAK FAK,9203,Negeri,31,49,0,0,80,80
2021,PROV. PAPUA BARAT,92,KAB. FAK FAK,9203,Swasta,13,15,0,0,28,28
2021,PROV. PAPUA BARAT,92,KAB. TELUK BINTUNI,9206,Swasta,14,12,0,0,26,26
2021,PROV. PAPUA BARAT,92,KAB. TELUK BINTUNI,9206,Negeri dan Swasta,47,39,0,0,86,86
2021,PROV. PAPUA BARAT,92,KAB. TELUK BINTUNI,9206,Negeri,33,27,0,0,60,60
2021,PROV. PAPUA BARAT,92,KAB. TELUK WONDAMA,9207,Negeri dan Swasta,8,38,0,0,46,46
2021,PROV. PAPUA BARAT,92,KAB. TELUK WONDAMA,9207,Swasta,3,12,0,0,15,15
2021,PROV. PAPUA BARAT,92,KAB. TELUK WONDAMA,9207,Negeri,5,26,0,0,31,31
2021,PROV. PAPUA BARAT,92,KAB. KAIMANA,9208,Swasta,4,10,0,0,14,14
2021,PROV. PAPUA BARAT,92,KAB. KAIMANA,9208,Negeri dan Swasta,17,22,0,0,39,39
2021,PROV. PAPUA BARAT,92,KAB. KAIMANA,9208,Negeri,13,12,0,0,25,25
2021,PROV. PAPUA BARAT,92,KAB. MANOKWARI SELATAN,9211,Negeri,9,7,0,0,16,16
2021,PROV. PAPUA BARAT,92,KAB. MANOKWARI SELATAN,9211,Negeri dan Swasta,15,9,0,0,24,24
2021,PROV. PAPUA BARAT,92,KAB. MANOKWARI SELATAN,9211,Swasta,6,2,0,0,8,8
2021,PROV. PAPUA BARAT,92,KAB. PEGUNUNGAN ARFAK,9212,Negeri,13,14,0,0,27,27
2021,PROV. PAPUA BARAT,92,KAB. PEGUNUNGAN ARFAK,9212,Negeri dan Swasta,13,14,0,0,27,27
2021,PROV. PAPUA BARAT,92,KAB. PEGUNUNGAN ARFAK,9212,Swasta,0,0,0,0,0,0
2022,PROV. ACEH,11,KAB. ACEH SELATAN,1101,Negeri dan Swasta,84,92,74,33,283,283
2022,PROV. ACEH,11,KAB. ACEH SELATAN,1101,Swasta,6,4,4,2,16,16
2022,PROV. ACEH,11,KAB. ACEH SELATAN,1101,Negeri,78,88,70,31,267,267
2022,PROV. ACEH,11,KAB. ACEH TENGGARA,1102,Negeri dan Swasta,79,84,69,17,249,249
2022,PROV. ACEH,11,KAB. ACEH TENGGARA,1102,Swasta,27,19,9,0,55,55
2022,PROV. ACEH,11,KAB. ACEH TENGGARA,1102,Negeri,52,65,60,17,194,194
2022,PROV. ACEH,11,KAB. ACEH TIMUR,1103,Negeri,112,80,72,26,290,290
2022,PROV. ACEH,11,KAB. ACEH TIMUR,1103,Negeri dan Swasta,119,86,73,26,304,304
2022,PROV. ACEH,11,KAB. ACEH TIMUR,1103,Swasta,7,6,1,0,14,14
2022,PROV. ACEH,11,KAB. ACEH TENGAH,1104,Negeri,73,47,50,34,204,204
2022,PROV. ACEH,11,KAB. ACEH TENGAH,1104,Swasta,8,8,0,1,17,17
2022,PROV. ACEH,11,KAB. ACEH TENGAH,1104,Negeri dan Swasta,81,55,50,35,221,221
2022,PROV. ACEH,11,KAB. ACEH BARAT,1105,Negeri,110,57,39,24,230,230
2022,PROV. ACEH,11,KAB. ACEH BARAT,1105,Negeri dan Swasta,125,61,42,24,252,252
2022,PROV. ACEH,11,KAB. ACEH BARAT,1105,Swasta,15,4,3,0,22,22
2022,PROV. ACEH,11,KAB. ACEH BESAR,1106,Negeri,123,71,70,24,288,288
2022,PROV. ACEH,11,KAB. ACEH BESAR,1106,Negeri dan Swasta,187,82,76,31,376,376
2022,PROV. ACEH,11,KAB. ACEH BESAR,1106,Swasta,64,11,6,7,88,88
2022,PROV. ACEH,11,KAB. PIDIE,1107,Swasta,20,9,4,0,33,33
2022,PROV. ACEH,11,KAB. PIDIE,1107,Negeri,163,127,39,23,352,352
2022,PROV. ACEH,11,KAB. PIDIE,1107,Negeri dan Swasta,183,136,43,23,385,385
2022,PROV. ACEH,11,KAB. ACEH UTARA,1108,Negeri dan Swasta,207,126,76,50,459,459
2022,PROV. ACEH,11,KAB. ACEH UTARA,1108,Swasta,30,15,9,4,58,58
2022,PROV. ACEH,11,KAB. ACEH UTARA,1108,Negeri,177,111,67,46,401,401
2022,PROV. ACEH,11,KAB. SIMEULUE,1109,Negeri dan Swasta,51,52,48,53,204,204
2022,PROV. ACEH,11,KAB. SIMEULUE,1109,Swasta,3,4,0,0,7,7
2022,PROV. ACEH,11,KAB. SIMEULUE,1109,Negeri,48,48,48,53,197,197
2022,PROV. ACEH,11,KAB. ACEH SINGKIL,1110,Negeri dan Swasta,66,37,64,26,193,193
2022,PROV. ACEH,11,KAB. ACEH SINGKIL,1110,Swasta,6,4,7,2,19,19
2022,PROV. ACEH,11,KAB. ACEH SINGKIL,1110,Negeri,60,33,57,24,174,174
2022,PROV. ACEH,11,KAB. BIREUEN,1111,Negeri,137,84,40,52,313,313
2022,PROV. ACEH,11,KAB. BIREUEN,1111,Negeri dan Swasta,169,97,45,53,364,364
2022,PROV. ACEH,11,KAB. BIREUEN,1111,Swasta,32,13,5,1,51,51
2022,PROV. ACEH,11,KAB. ACEH BARAT DAYA,1112,Negeri,78,23,29,20,150,150
2022,PROV. ACEH,11,KAB. ACEH BARAT DAYA,1112,Negeri dan Swasta,89,26,30,21,166,166
2022,PROV. ACEH,11,KAB. ACEH BARAT DAYA,1112,Swasta,11,3,1,1,16,16
2022,PROV. ACEH,11,KAB. GAYO LUES,1113,Negeri dan Swasta,67,23,22,32,144,144
2022,PROV. ACEH,11,KAB. GAYO LUES,1113,Swasta,8,2,3,1,14,14
2022,PROV. ACEH,11,KAB. GAYO LUES,1113,Negeri,59,21,19,31,130,130
2022,PROV. ACEH,11,KAB. ACEH JAYA,1114,Swasta,2,3,2,1,8,8
2022,PROV. ACEH,11,KAB. ACEH JAYA,1114,Negeri,48,49,44,11,152,152
2022,PROV. ACEH,11,KAB. ACEH JAYA,1114,Negeri dan Swasta,50,52,46,12,160,160
2022,PROV. ACEH,11,KAB. NAGAN RAYA,1115,Negeri dan Swasta,93,58,27,15,193,193
2022,PROV. ACEH,11,KAB. NAGAN RAYA,1115,Negeri,88,57,27,13,185,185
2022,PROV. ACEH,11,KAB. NAGAN RAYA,1115,Swasta,5,1,0,2,8,8
2022,PROV. ACEH,11,KAB. ACEH TAMIANG,1116,Negeri,113,72,48,11,244,244
2022,PROV. ACEH,11,KAB. ACEH TAMIANG,1116,Swasta,13,9,3,0,25,25
2022,PROV. ACEH,11,KAB. ACEH TAMIANG,1116,Negeri dan Swasta,126,81,51,11,269,269
2022,PROV. ACEH,11,KAB. BENER MERIAH,1117,Negeri dan Swasta,75,62,43,12,192,192
2022,PROV. ACEH,11,KAB. BENER MERIAH,1117,Negeri,63,58,43,11,175,175
2022,PROV. ACEH,11,KAB. BENER MERIAH,1117,Swasta,12,4,0,1,17,17
2022,PROV. ACEH,11,KAB. PIDIE JAYA,1118,Swasta,8,9,1,0,18,18
2022,PROV. ACEH,11,KAB. PIDIE JAYA,1118,Negeri,79,20,19,14,132,132
2022,PROV. ACEH,11,KAB. PIDIE JAYA,1118,Negeri dan Swasta,87,29,20,14,150,150
2022,PROV. ACEH,11,KOTA BANDA ACEH,1171,Negeri,74,17,19,12,122,122
2022,PROV. ACEH,11,KOTA BANDA ACEH,1171,Swasta,72,19,2,1,94,94
2022,PROV. ACEH,11,KOTA BANDA ACEH,1171,Negeri dan Swasta,146,36,21,13,216,216
2022,PROV. ACEH,11,KOTA SABANG,1172,Negeri,31,1,3,0,35,35
2022,PROV. ACEH,11,KOTA SABANG,1172,Swasta,2,1,0,0,3,3
2022,PROV. ACEH,11,KOTA SABANG,1172,Negeri dan Swasta,33,2,3,0,38,38
2022,PROV. ACEH,11,KOTA LHOKSEUMAWE,1173,Negeri,52,11,22,9,94,94
2022,PROV. ACEH,11,KOTA LHOKSEUMAWE,1173,Negeri dan Swasta,80,14,23,10,127,127
2022,PROV. ACEH,11,KOTA LHOKSEUMAWE,1173,Swasta,28,3,1,1,33,33
2022,PROV. ACEH,11,KOTA LANGSA,1174,Negeri dan Swasta,66,42,9,9,126,126
2022,PROV. ACEH,11,KOTA LANGSA,1174,Swasta,18,16,1,2,37,37
2022,PROV. ACEH,11,KOTA LANGSA,1174,Negeri,48,26,8,7,89,89
2022,PROV. ACEH,11,KOTA SUBULUSSALAM,1175,Negeri,30,18,46,10,104,104
2022,PROV. ACEH,11,KOTA SUBULUSSALAM,1175,Swasta,11,8,1,0,20,20
2022,PROV. ACEH,11,KOTA SUBULUSSALAM,1175,Negeri dan Swasta,41,26,47,10,124,124
2022,PROV. SUMATERA UTARA,12,KAB. TAPANULI TENGAH,1201,Negeri dan Swasta,150,97,51,21,319,319
2022,PROV. SUMATERA UTARA,12,KAB. TAPANULI TENGAH,1201,Negeri,123,80,45,19,267,267
2022,PROV. SUMATERA UTARA,12,KAB. TAPANULI TENGAH,1201,Swasta,27,17,6,2,52,52
2022,PROV. SUMATERA UTARA,12,KAB. TAPANULI UTARA,1202,Negeri dan Swasta,169,74,22,29,294,294
2022,PROV. SUMATERA UTARA,12,KAB. TAPANULI UTARA,1202,Negeri,145,61,19,28,253,253
2022,PROV. SUMATERA UTARA,12,KAB. TAPANULI UTARA,1202,Swasta,24,13,3,1,41,41
2022,PROV. SUMATERA UTARA,12,KAB. TAPANULI SELATAN,1203,Negeri dan Swasta,104,64,29,20,217,217
2022,PROV. SUMATERA UTARA,12,KAB. TAPANULI SELATAN,1203,Negeri,94,60,29,18,201,201
2022,PROV. SUMATERA UTARA,12,KAB. TAPANULI SELATAN,1203,Swasta,10,4,0,2,16,16
2022,PROV. SUMATERA UTARA,12,KAB. NIAS,1204,Swasta,8,6,0,1,15,15
2022,PROV. SUMATERA UTARA,12,KAB. NIAS,1204,Negeri,50,62,55,64,231,231
2022,PROV. SUMATERA UTARA,12,KAB. NIAS,1204,Negeri dan Swasta,58,68,55,65,246,246
2022,PROV. SUMATERA UTARA,12,KAB. LANGKAT,1205,Swasta,143,53,33,10,239,239
2022,PROV. SUMATERA UTARA,12,KAB. LANGKAT,1205,Negeri,172,122,72,43,409,409
2022,PROV. SUMATERA UTARA,12,KAB. LANGKAT,1205,Negeri dan Swasta,315,175,105,53,648,648
2022,PROV. SUMATERA UTARA,12,KAB. KARO,1206,Negeri dan Swasta,179,120,61,32,392,392
2022,PROV. SUMATERA UTARA,12,KAB. KARO,1206,Negeri,118,103,52,26,299,299
2022,PROV. SUMATERA UTARA,12,KAB. KARO,1206,Swasta,61,17,9,6,93,93
2022,PROV. SUMATERA UTARA,12,KAB. DELI SERDANG,1207,Swasta,499,132,43,30,704,704
2022,PROV. SUMATERA UTARA,12,KAB. DELI SERDANG,1207,Negeri,357,142,71,38,608,608
2022,PROV. SUMATERA UTARA,12,KAB. DELI SERDANG,1207,Negeri dan Swasta,856,274,114,68,1312,1312
2022,PROV. SUMATERA UTARA,12,KAB. SIMALUNGUN,1208,Swasta,109,54,22,10,195,195
2022,PROV. SUMATERA UTARA,12,KAB. SIMALUNGUN,1208,Negeri,184,128,51,60,423,423
2022,PROV. SUMATERA UTARA,12,KAB. SIMALUNGUN,1208,Negeri dan Swasta,293,182,73,70,618,618
2022,PROV. SUMATERA UTARA,12,KAB. ASAHAN,1209,Swasta,90,26,11,5,132,132
2022,PROV. SUMATERA UTARA,12,KAB. ASAHAN,1209,Negeri,140,81,60,45,326,326
2022,PROV. SUMATERA UTARA,12,KAB. ASAHAN,1209,Negeri dan Swasta,230,107,71,50,458,458
2022,PROV. SUMATERA UTARA,12,KAB. LABUHANBATU,1210,Negeri dan Swasta,171,74,48,27,320,320
2022,PROV. SUMATERA UTARA,12,KAB. LABUHANBATU,1210,Swasta,61,18,7,3,89,89
2022,PROV. SUMATERA UTARA,12,KAB. LABUHANBATU,1210,Negeri,110,56,41,24,231,231
2022,PROV. SUMATERA UTARA,12,KAB. DAIRI,1211,Swasta,31,22,5,1,59,59
2022,PROV. SUMATERA UTARA,12,KAB. DAIRI,1211,Negeri,135,99,27,15,276,276
2022,PROV. SUMATERA UTARA,12,KAB. DAIRI,1211,Negeri dan Swasta,166,121,32,16,335,335
2022,PROV. SUMATERA UTARA,12,KAB. TOBA,1212,Negeri dan Swasta,119,109,46,6,280,280
2022,PROV. SUMATERA UTARA,12,KAB. TOBA,1212,Negeri,95,99,46,5,245,245
2022,PROV. SUMATERA UTARA,12,KAB. TOBA,1212,Swasta,24,10,0,1,35,35
2022,PROV. SUMATERA UTARA,12,KAB. MANDAILING NATAL,1213,Negeri dan Swasta,160,125,57,30,372,372
2022,PROV. SUMATERA UTARA,12,KAB. MANDAILING NATAL,1213,Negeri,143,117,54,29,343,343
2022,PROV. SUMATERA UTARA,12,KAB. MANDAILING NATAL,1213,Swasta,17,8,3,1,29,29
2022,PROV. SUMATERA UTARA,12,KAB. NIAS SELATAN,1214,Swasta,16,8,6,6,36,36
2022,PROV. SUMATERA UTARA,12,KAB. NIAS SELATAN,1214,Negeri dan Swasta,96,99,80,55,330,330
2022,PROV. SUMATERA UTARA,12,KAB. NIAS SELATAN,1214,Negeri,80,91,74,49,294,294
2022,PROV. SUMATERA UTARA,12,KAB. PAKPAK BHARAT,1215,Swasta,1,0,0,0,1,1
2022,PROV. SUMATERA UTARA,12,KAB. PAKPAK BHARAT,1215,Negeri dan Swasta,45,29,16,6,96,96
2022,PROV. SUMATERA UTARA,12,KAB. PAKPAK BHARAT,1215,Negeri,44,29,16,6,95,95
2022,PROV. SUMATERA UTARA,12,KAB. HUMBANG HASUNDUTAN,1216,Swasta,12,8,1,0,21,21
2022,PROV. SUMATERA UTARA,12,KAB. HUMBANG HASUNDUTAN,1216,Negeri,112,98,31,17,258,258
2022,PROV. SUMATERA UTARA,12,KAB. HUMBANG HASUNDUTAN,1216,Negeri dan Swasta,124,106,32,17,279,279
2022,PROV. SUMATERA UTARA,12,KAB. SAMOSIR,1217,Negeri,81,69,34,21,205,205
2022,PROV. SUMATERA UTARA,12,KAB. SAMOSIR,1217,Swasta,20,10,0,1,31,31
2022,PROV. SUMATERA UTARA,12,KAB. SAMOSIR,1217,Negeri dan Swasta,101,79,34,22,236,236
2022,PROV. SUMATERA UTARA,12,KAB. SERDANG BEDAGAI,1218,Negeri dan Swasta,302,163,85,21,571,571
2022,PROV. SUMATERA UTARA,12,KAB. SERDANG BEDAGAI,1218,Negeri,216,131,74,15,436,436
2022,PROV. SUMATERA UTARA,12,KAB. SERDANG BEDAGAI,1218,Swasta,86,32,11,6,135,135
2022,PROV. SUMATERA UTARA,12,KAB. BATU BARA,1219,Negeri dan Swasta,128,97,75,38,338,338
2022,PROV. SUMATERA UTARA,12,KAB. BATU BARA,1219,Negeri,87,81,69,35,272,272
2022,PROV. SUMATERA UTARA,12,KAB. BATU BARA,1219,Swasta,41,16,6,3,66,66
2022,PROV. SUMATERA UTARA,12,KAB. PADANG LAWAS UTARA,1220,Negeri,86,79,47,20,232,232
2022,PROV. SUMATERA UTARA,12,KAB. PADANG LAWAS UTARA,1220,Swasta,17,2,0,2,21,21
2022,PROV. SUMATERA UTARA,12,KAB. PADANG LAWAS UTARA,1220,Negeri dan Swasta,103,81,47,22,253,253
2022,PROV. SUMATERA UTARA,12,KAB. PADANG LAWAS,1221,Negeri,62,32,18,20,132,132
2022,PROV. SUMATERA UTARA,12,KAB. PADANG LAWAS,1221,Negeri dan Swasta,74,45,20,20,159,159
2022,PROV. SUMATERA UTARA,12,KAB. PADANG LAWAS,1221,Swasta,12,13,2,0,27,27
2022,PROV. SUMATERA UTARA,12,KAB. LABUHANBATU SELATAN,1222,Negeri dan Swasta,113,79,32,19,243,243
2022,PROV. SUMATERA UTARA,12,KAB. LABUHANBATU SELATAN,1222,Negeri,75,69,29,14,187,187
2022,PROV. SUMATERA UTARA,12,KAB. LABUHANBATU SELATAN,1222,Swasta,38,10,3,5,56,56
2022,PROV. SUMATERA UTARA,12,KAB. LABUHANBATU UTARA,1223,Negeri dan Swasta,129,62,49,24,264,264
2022,PROV. SUMATERA UTARA,12,KAB. LABUHANBATU UTARA,1223,Negeri,103,48,38,17,206,206
2022,PROV. SUMATERA UTARA,12,KAB. LABUHANBATU UTARA,1223,Swasta,26,14,11,7,58,58
2022,PROV. SUMATERA UTARA,12,KAB. NIAS UTARA,1224,Swasta,8,2,3,2,15,15
2022,PROV. SUMATERA UTARA,12,KAB. NIAS UTARA,1224,Negeri dan Swasta,53,68,63,43,227,227
2022,PROV. SUMATERA UTARA,12,KAB. NIAS UTARA,1224,Negeri,45,66,60,41,212,212
2022,PROV. SUMATERA UTARA,12,KAB. NIAS BARAT,1225,Swasta,2,2,1,0,5,5
2022,PROV. SUMATERA UTARA,12,KAB. NIAS BARAT,1225,Negeri,63,44,31,27,165,165
2022,PROV. SUMATERA UTARA,12,KAB. NIAS BARAT,1225,Negeri dan Swasta,65,46,32,27,170,170
2022,PROV. SUMATERA UTARA,12,KOTA MEDAN,1271,Swasta,1007,203,46,28,1284,1284
2022,PROV. SUMATERA UTARA,12,KOTA MEDAN,1271,Negeri,263,68,25,19,375,375
2022,PROV. SUMATERA UTARA,12,KOTA MEDAN,1271,Negeri dan Swasta,1270,271,71,47,1659,1659
2022,PROV. SUMATERA UTARA,12,KOTA PEMATANGSIANTAR,1272,Swasta,94,24,8,3,129,129
2022,PROV. SUMATERA UTARA,12,KOTA PEMATANGSIANTAR,1272,Negeri,53,20,13,5,91,91
2022,PROV. SUMATERA UTARA,12,KOTA PEMATANGSIANTAR,1272,Negeri dan Swasta,147,44,21,8,220,220
2022,PROV. SUMATERA UTARA,12,KOTA SIBOLGA,1273,Swasta,22,7,1,1,31,31
2022,PROV. SUMATERA UTARA,12,KOTA SIBOLGA,1273,Negeri dan Swasta,59,13,2,2,76,76
2022,PROV. SUMATERA UTARA,12,KOTA SIBOLGA,1273,Negeri,37,6,1,1,45,45
2022,PROV. SUMATERA UTARA,12,KOTA TANJUNG BALAI,1274,Swasta,24,7,3,0,34,34
2022,PROV. SUMATERA UTARA,12,KOTA TANJUNG BALAI,1274,Negeri,39,21,30,8,98,98
2022,PROV. SUMATERA UTARA,12,KOTA TANJUNG BALAI,1274,Negeri dan Swasta,63,28,33,8,132,132
2022,PROV. SUMATERA UTARA,12,KOTA BINJAI,1275,Negeri dan Swasta,161,53,41,14,269,269
2022,PROV. SUMATERA UTARA,12,KOTA BINJAI,1275,Negeri,73,30,29,7,139,139
2022,PROV. SUMATERA UTARA,12,KOTA BINJAI,1275,Swasta,88,23,12,7,130,130
2022,PROV. SUMATERA UTARA,12,KOTA TEBING TINGGI,1276,Negeri,60,10,8,13,91,91
2022,PROV. SUMATERA UTARA,12,KOTA TEBING TINGGI,1276,Negeri dan Swasta,103,16,10,15,144,144
2022,PROV. SUMATERA UTARA,12,KOTA TEBING TINGGI,1276,Swasta,43,6,2,2,53,53
2022,PROV. SUMATERA UTARA,12,KOTA PADANG SIDEMPUAN,1277,Swasta,47,6,4,3,60,60
2022,PROV. SUMATERA UTARA,12,KOTA PADANG SIDEMPUAN,1277,Negeri dan Swasta,110,21,14,13,158,158
2022,PROV. SUMATERA UTARA,12,KOTA PADANG SIDEMPUAN,1277,Negeri,63,15,10,10,98,98
2022,PROV. SUMATERA UTARA,12,KOTA GUNUNGSITOLI,1278,Swasta,15,10,2,0,27,27
2022,PROV. SUMATERA UTARA,12,KOTA GUNUNGSITOLI,1278,Negeri,56,62,8,5,131,131
2022,PROV. SUMATERA UTARA,12,KOTA GUNUNGSITOLI,1278,Negeri dan Swasta,71,72,10,5,158,158
2022,PROV. SUMATERA BARAT,13,KAB. PESISIR SELATAN,1301,Negeri,201,119,73,39,432,432
2022,PROV. SUMATERA BARAT,13,KAB. PESISIR SELATAN,1301,Negeri dan Swasta,228,124,76,39,467,467
2022,PROV. SUMATERA BARAT,13,KAB. PESISIR SELATAN,1301,Swasta,27,5,3,0,35,35
2022,PROV. SUMATERA BARAT,13,KAB. SOLOK,1302,Swasta,23,3,0,1,27,27
2022,PROV. SUMATERA BARAT,13,KAB. SOLOK,1302,Negeri,123,96,57,14,290,290
2022,PROV. SUMATERA BARAT,13,KAB. SOLOK,1302,Negeri dan Swasta,146,99,57,15,317,317
2022,PROV. SUMATERA BARAT,13,KAB. SIJUNJUNG,1303,Swasta,16,5,1,0,22,22
2022,PROV. SUMATERA BARAT,13,KAB. SIJUNJUNG,1303,Negeri dan Swasta,137,66,40,19,262,262
2022,PROV. SUMATERA BARAT,13,KAB. SIJUNJUNG,1303,Negeri,121,61,39,19,240,240
2022,PROV. SUMATERA BARAT,13,KAB. TANAH DATAR,1304,Negeri,134,97,47,30,308,308
2022,PROV. SUMATERA BARAT,13,KAB. TANAH DATAR,1304,Swasta,29,6,3,0,38,38
2022,PROV. SUMATERA BARAT,13,KAB. TANAH DATAR,1304,Negeri dan Swasta,163,103,50,30,346,346
2022,PROV. SUMATERA BARAT,13,KAB. PADANG PARIAMAN,1305,Swasta,28,13,6,3,50,50
2022,PROV. SUMATERA BARAT,13,KAB. PADANG PARIAMAN,1305,Negeri,182,115,64,39,400,400
2022,PROV. SUMATERA BARAT,13,KAB. PADANG PARIAMAN,1305,Negeri dan Swasta,210,128,70,42,450,450
2022,PROV. SUMATERA BARAT,13,KAB. AGAM,1306,Negeri,186,107,36,15,344,344
2022,PROV. SUMATERA BARAT,13,KAB. AGAM,1306,Swasta,36,15,6,2,59,59
2022,PROV. SUMATERA BARAT,13,KAB. AGAM,1306,Negeri dan Swasta,222,122,42,17,403,403
2022,PROV. SUMATERA BARAT,13,KAB. LIMA PULUH KOTA,1307,Swasta,23,3,1,1,28,28
2022,PROV. SUMATERA BARAT,13,KAB. LIMA PULUH KOTA,1307,Negeri dan Swasta,182,120,52,28,382,382
2022,PROV. SUMATERA BARAT,13,KAB. LIMA PULUH KOTA,1307,Negeri,159,117,51,27,354,354
2022,PROV. SUMATERA BARAT,13,KAB. PASAMAN,1308,Negeri dan Swasta,115,65,38,33,251,251
2022,PROV. SUMATERA BARAT,13,KAB. PASAMAN,1308,Swasta,9,3,1,0,13,13
2022,PROV. SUMATERA BARAT,13,KAB. PASAMAN,1308,Negeri,106,62,37,33,238,238
2022,PROV. SUMATERA BARAT,13,KAB. KEPULAUAN MENTAWAI,1309,Swasta,11,5,1,2,19,19
2022,PROV. SUMATERA BARAT,13,KAB. KEPULAUAN MENTAWAI,1309,Negeri,61,35,19,16,131,131
2022,PROV. SUMATERA BARAT,13,KAB. KEPULAUAN MENTAWAI,1309,Negeri dan Swasta,72,40,20,18,150,150
2022,PROV. SUMATERA BARAT,13,KAB. DHARMASRAYA,1310,Negeri dan Swasta,109,57,38,18,222,222
2022,PROV. SUMATERA BARAT,13,KAB. DHARMASRAYA,1310,Negeri,95,50,37,16,198,198
2022,PROV. SUMATERA BARAT,13,KAB. DHARMASRAYA,1310,Swasta,14,7,1,2,24,24
2022,PROV. SUMATERA BARAT,13,KAB. SOLOK SELATAN,1311,Negeri dan Swasta,69,48,47,14,178,178
2022,PROV. SUMATERA BARAT,13,KAB. SOLOK SELATAN,1311,Negeri,57,47,44,12,160,160
2022,PROV. SUMATERA BARAT,13,KAB. SOLOK SELATAN,1311,Swasta,12,1,3,2,18,18
2022,PROV. SUMATERA BARAT,13,KAB. PASAMAN BARAT,1312,Swasta,32,10,7,5,54,54
2022,PROV. SUMATERA BARAT,13,KAB. PASAMAN BARAT,1312,Negeri dan Swasta,164,105,53,23,345,345
2022,PROV. SUMATERA BARAT,13,KAB. PASAMAN BARAT,1312,Negeri,132,95,46,18,291,291
2022,PROV. SUMATERA BARAT,13,KOTA PADANG,1371,Negeri dan Swasta,462,134,52,22,670,670
2022,PROV. SUMATERA BARAT,13,KOTA PADANG,1371,Swasta,225,43,9,4,281,281
2022,PROV. SUMATERA BARAT,13,KOTA PADANG,1371,Negeri,237,91,43,18,389,389
2022,PROV. SUMATERA BARAT,13,KOTA SOLOK,1372,Negeri dan Swasta,41,17,18,1,77,77
2022,PROV. SUMATERA BARAT,13,KOTA SOLOK,1372,Negeri,26,11,17,0,54,54
2022,PROV. SUMATERA BARAT,13,KOTA SOLOK,1372,Swasta,15,6,1,1,23,23
2022,PROV. SUMATERA BARAT,13,KOTA SAWAHLUNTO,1373,Negeri,40,11,18,5,74,74
2022,PROV. SUMATERA BARAT,13,KOTA SAWAHLUNTO,1373,Negeri dan Swasta,49,11,21,6,87,87
2022,PROV. SUMATERA BARAT,13,KOTA SAWAHLUNTO,1373,Swasta,9,0,3,1,13,13
2022,PROV. SUMATERA BARAT,13,KOTA PADANG PANJANG,1374,Negeri dan Swasta,31,14,14,11,70,70
2022,PROV. SUMATERA BARAT,13,KOTA PADANG PANJANG,1374,Negeri,19,9,11,7,46,46
2022,PROV. SUMATERA BARAT,13,KOTA PADANG PANJANG,1374,Swasta,12,5,3,4,24,24
2022,PROV. SUMATERA BARAT,13,KOTA BUKITTINGGI,1375,Negeri,39,17,3,7,66,66
2022,PROV. SUMATERA BARAT,13,KOTA BUKITTINGGI,1375,Negeri dan Swasta,83,32,5,7,127,127
2022,PROV. SUMATERA BARAT,13,KOTA BUKITTINGGI,1375,Swasta,44,15,2,0,61,61
2022,PROV. SUMATERA BARAT,13,KOTA PAYAKUMBUH,1376,Swasta,28,13,4,5,50,50
2022,PROV. SUMATERA BARAT,13,KOTA PAYAKUMBUH,1376,Negeri,48,21,11,6,86,86
2022,PROV. SUMATERA BARAT,13,KOTA PAYAKUMBUH,1376,Negeri dan Swasta,76,34,15,11,136,136
2022,PROV. SUMATERA BARAT,13,KOTA PARIAMAN,1377,Negeri dan Swasta,73,26,15,12,126,126
2022,PROV. SUMATERA BARAT,13,KOTA PARIAMAN,1377,Negeri,49,21,13,11,94,94
2022,PROV. SUMATERA BARAT,13,KOTA PARIAMAN,1377,Swasta,24,5,2,1,32,32
2022,PROV. RIAU,14,KAB. KAMPAR,1401,Negeri,236,115,81,27,459,459
2022,PROV. RIAU,14,KAB. KAMPAR,1401,Swasta,75,23,4,0,102,102
2022,PROV. RIAU,14,KAB. KAMPAR,1401,Negeri dan Swasta,311,138,85,27,561,561
2022,PROV. RIAU,14,KAB. INDRAGIRI HULU,1402,Swasta,36,6,4,1,47,47
2022,PROV. RIAU,14,KAB. INDRAGIRI HULU,1402,Negeri dan Swasta,162,73,25,32,292,292
2022,PROV. RIAU,14,KAB. INDRAGIRI HULU,1402,Negeri,126,67,21,31,245,245
2022,PROV. RIAU,14,KAB. BENGKALIS,1403,Swasta,73,18,8,3,102,102
2022,PROV. RIAU,14,KAB. BENGKALIS,1403,Negeri dan Swasta,258,111,73,48,490,490
2022,PROV. RIAU,14,KAB. BENGKALIS,1403,Negeri,185,93,65,45,388,388
2022,PROV. RIAU,14,KAB. INDRAGIRI HILIR,1404,Negeri,143,121,78,61,403,403
2022,PROV. RIAU,14,KAB. INDRAGIRI HILIR,1404,Swasta,52,18,9,8,87,87
2022,PROV. RIAU,14,KAB. INDRAGIRI HILIR,1404,Negeri dan Swasta,195,139,87,69,490,490
2022,PROV. RIAU,14,KAB. PELALAWAN,1405,Negeri dan Swasta,213,61,40,18,332,332
2022,PROV. RIAU,14,KAB. PELALAWAN,1405,Negeri,154,55,39,16,264,264
2022,PROV. RIAU,14,KAB. PELALAWAN,1405,Swasta,59,6,1,2,68,68
2022,PROV. RIAU,14,KAB. ROKAN HULU,1406,Negeri dan Swasta,183,67,60,28,338,338
2022,PROV. RIAU,14,KAB. ROKAN HULU,1406,Negeri,135,59,53,24,271,271
2022,PROV. RIAU,14,KAB. ROKAN HULU,1406,Swasta,48,8,7,4,67,67
2022,PROV. RIAU,14,KAB. ROKAN HILIR,1407,Swasta,66,33,19,12,130,130
2022,PROV. RIAU,14,KAB. ROKAN HILIR,1407,Negeri dan Swasta,177,79,41,26,323,323
2022,PROV. RIAU,14,KAB. ROKAN HILIR,1407,Negeri,111,46,22,14,193,193
2022,PROV. RIAU,14,KAB. SIAK,1408,Negeri,153,56,39,16,264,264
2022,PROV. RIAU,14,KAB. SIAK,1408,Swasta,50,16,4,2,72,72
2022,PROV. RIAU,14,KAB. SIAK,1408,Negeri dan Swasta,203,72,43,18,336,336
2022,PROV. RIAU,14,KAB. KUANTAN SINGINGI,1409,Swasta,17,4,0,0,21,21
2022,PROV. RIAU,14,KAB. KUANTAN SINGINGI,1409,Negeri,181,83,25,13,302,302
2022,PROV. RIAU,14,KAB. KUANTAN SINGINGI,1409,Negeri dan Swasta,198,87,25,13,323,323
2022,PROV. RIAU,14,KAB. KEPULAUAN MERANTI,1410,Swasta,22,6,2,0,30,30
2022,PROV. RIAU,14,KAB. KEPULAUAN MERANTI,1410,Negeri dan Swasta,98,48,45,12,203,203
2022,PROV. RIAU,14,KAB. KEPULAUAN MERANTI,1410,Negeri,76,42,43,12,173,173
2022,PROV. RIAU,14,KOTA PEKANBARU,1471,Negeri,111,54,18,10,193,193
2022,PROV. RIAU,14,KOTA PEKANBARU,1471,Negeri dan Swasta,331,95,26,12,464,464
2022,PROV. RIAU,14,KOTA PEKANBARU,1471,Swasta,220,41,8,2,271,271
2022,PROV. RIAU,14,KOTA DUMAI,1472,Swasta,47,9,3,6,65,65
2022,PROV. RIAU,14,KOTA DUMAI,1472,Negeri,57,40,28,12,137,137
2022,PROV. RIAU,14,KOTA DUMAI,1472,Negeri dan Swasta,104,49,31,18,202,202
2022,PROV. JAMBI,15,KAB. KERINCI,1501,Swasta,37,25,4,2,68,68
2022,PROV. JAMBI,15,KAB. KERINCI,1501,Negeri dan Swasta,134,127,65,29,355,355
2022,PROV. JAMBI,15,KAB. KERINCI,1501,Negeri,97,102,61,27,287,287
2022,PROV. JAMBI,15,KAB. MERANGIN,1502,Negeri dan Swasta,104,130,59,26,319,319
2022,PROV. JAMBI,15,KAB. MERANGIN,1502,Negeri,96,125,57,24,302,302
2022,PROV. JAMBI,15,KAB. MERANGIN,1502,Swasta,8,5,2,2,17,17
2022,PROV. JAMBI,15,KAB. SAROLANGUN,1503,Negeri dan Swasta,109,90,92,10,301,301
2022,PROV. JAMBI,15,KAB. SAROLANGUN,1503,Negeri,91,72,77,9,249,249
2022,PROV. JAMBI,15,KAB. SAROLANGUN,1503,Swasta,18,18,15,1,52,52
2022,PROV. JAMBI,15,KAB. BATANGHARI,1504,Negeri dan Swasta,143,79,41,7,270,270
2022,PROV. JAMBI,15,KAB. BATANGHARI,1504,Negeri,118,74,39,7,238,238
2022,PROV. JAMBI,15,KAB. BATANGHARI,1504,Swasta,25,5,2,0,32,32
2022,PROV. JAMBI,15,KAB. MUARO JAMBI,1505,Negeri,113,82,63,73,331,331
2022,PROV. JAMBI,15,KAB. MUARO JAMBI,1505,Swasta,13,11,8,1,33,33
2022,PROV. JAMBI,15,KAB. MUARO JAMBI,1505,Negeri dan Swasta,126,93,71,74,364,364
2022,PROV. JAMBI,15,KAB. TANJUNG JABUNG BARAT,1506,Negeri,96,36,21,19,172,172
2022,PROV. JAMBI,15,KAB. TANJUNG JABUNG BARAT,1506,Swasta,29,9,0,1,39,39
2022,PROV. JAMBI,15,KAB. TANJUNG JABUNG BARAT,1506,Negeri dan Swasta,125,45,21,20,211,211
2022,PROV. JAMBI,15,KAB. TANJUNG JABUNG TIMUR,1507,Negeri dan Swasta,98,58,30,23,209,209
2022,PROV. JAMBI,15,KAB. TANJUNG JABUNG TIMUR,1507,Negeri,96,56,30,23,205,205
2022,PROV. JAMBI,15,KAB. TANJUNG JABUNG TIMUR,1507,Swasta,2,2,0,0,4,4
2022,PROV. JAMBI,15,KAB. BUNGO,1508,Negeri dan Swasta,156,97,40,20,313,313
2022,PROV. JAMBI,15,KAB. BUNGO,1508,Swasta,20,9,1,2,32,32
2022,PROV. JAMBI,15,KAB. BUNGO,1508,Negeri,136,88,39,18,281,281
2022,PROV. JAMBI,15,KAB. TEBO,1509,Negeri dan Swasta,138,92,51,39,320,320
2022,PROV. JAMBI,15,KAB. TEBO,1509,Negeri,125,84,46,39,294,294
2022,PROV. JAMBI,15,KAB. TEBO,1509,Swasta,13,8,5,0,26,26
2022,PROV. JAMBI,15,KOTA JAMBI,1571,Negeri,102,37,48,23,210,210
2022,PROV. JAMBI,15,KOTA JAMBI,1571,Negeri dan Swasta,254,82,53,25,414,414
2022,PROV. JAMBI,15,KOTA JAMBI,1571,Swasta,152,45,5,2,204,204
2022,PROV. JAMBI,15,KOTA SUNGAI PENUH,1572,Swasta,16,10,0,0,26,26
2022,PROV. JAMBI,15,KOTA SUNGAI PENUH,1572,Negeri,30,20,22,18,90,90
2022,PROV. JAMBI,15,KOTA SUNGAI PENUH,1572,Negeri dan Swasta,46,30,22,18,116,116
2022,PROV. SUMATERA SELATAN,16,KAB. OGAN KOMERING ULU,1601,Negeri,121,71,36,22,250,250
2022,PROV. SUMATERA SELATAN,16,KAB. OGAN KOMERING ULU,1601,Negeri dan Swasta,153,96,39,23,311,311
2022,PROV. SUMATERA SELATAN,16,KAB. OGAN KOMERING ULU,1601,Swasta,32,25,3,1,61,61
2022,PROV. SUMATERA SELATAN,16,KAB. OGAN KOMERING ILIR,1602,Negeri,210,162,83,41,496,496
2022,PROV. SUMATERA SELATAN,16,KAB. OGAN KOMERING ILIR,1602,Swasta,26,21,12,3,62,62
2022,PROV. SUMATERA SELATAN,16,KAB. OGAN KOMERING ILIR,1602,Negeri dan Swasta,236,183,95,44,558,558
2022,PROV. SUMATERA SELATAN,16,KAB. MUARA ENIM,1603,Negeri dan Swasta,282,113,62,33,490,490
2022,PROV. SUMATERA SELATAN,16,KAB. MUARA ENIM,1603,Negeri,235,105,59,31,430,430
2022,PROV. SUMATERA SELATAN,16,KAB. MUARA ENIM,1603,Swasta,47,8,3,2,60,60
2022,PROV. SUMATERA SELATAN,16,KAB. LAHAT,1604,Negeri dan Swasta,168,110,75,33,386,386
2022,PROV. SUMATERA SELATAN,16,KAB. LAHAT,1604,Negeri,141,102,69,31,343,343
2022,PROV. SUMATERA SELATAN,16,KAB. LAHAT,1604,Swasta,27,8,6,2,43,43
2022,PROV. SUMATERA SELATAN,16,KAB. MUSI RAWAS,1605,Negeri,162,98,71,39,370,370
2022,PROV. SUMATERA SELATAN,16,KAB. MUSI RAWAS,1605,Negeri dan Swasta,189,102,76,40,407,407
2022,PROV. SUMATERA SELATAN,16,KAB. MUSI RAWAS,1605,Swasta,27,4,5,1,37,37
2022,PROV. SUMATERA SELATAN,16,KAB. MUSI BANYUASIN,1606,Swasta,52,32,7,10,101,101
2022,PROV. SUMATERA SELATAN,16,KAB. MUSI BANYUASIN,1606,Negeri,335,117,61,24,537,537
2022,PROV. SUMATERA SELATAN,16,KAB. MUSI BANYUASIN,1606,Negeri dan Swasta,387,149,68,34,638,638
2022,PROV. SUMATERA SELATAN,16,KAB. BANYUASIN,1607,Swasta,51,36,8,5,100,100
2022,PROV. SUMATERA SELATAN,16,KAB. BANYUASIN,1607,Negeri,169,193,77,25,464,464
2022,PROV. SUMATERA SELATAN,16,KAB. BANYUASIN,1607,Negeri dan Swasta,220,229,85,30,564,564
2022,PROV. SUMATERA SELATAN,16,KAB. OGAN KOMERING ULU TIMUR,1608,Swasta,50,30,11,4,95,95
2022,PROV. SUMATERA SELATAN,16,KAB. OGAN KOMERING ULU TIMUR,1608,Negeri dan Swasta,218,131,101,17,467,467
2022,PROV. SUMATERA SELATAN,16,KAB. OGAN KOMERING ULU TIMUR,1608,Negeri,168,101,90,13,372,372
2022,PROV. SUMATERA SELATAN,16,KAB. OGAN KOMERING ULU SELATAN,1609,Negeri dan Swasta,137,61,48,22,268,268
2022,PROV. SUMATERA SELATAN,16,KAB. OGAN KOMERING ULU SELATAN,1609,Swasta,20,2,4,1,27,27
2022,PROV. SUMATERA SELATAN,16,KAB. OGAN KOMERING ULU SELATAN,1609,Negeri,117,59,44,21,241,241
2022,PROV. SUMATERA SELATAN,16,KAB. OGAN ILIR,1610,Swasta,30,8,6,2,46,46
2022,PROV. SUMATERA SELATAN,16,KAB. OGAN ILIR,1610,Negeri dan Swasta,157,82,58,30,327,327
2022,PROV. SUMATERA SELATAN,16,KAB. OGAN ILIR,1610,Negeri,127,74,52,28,281,281
2022,PROV. SUMATERA SELATAN,16,KAB. EMPAT LAWANG,1611,Swasta,3,5,1,0,9,9
2022,PROV. SUMATERA SELATAN,16,KAB. EMPAT LAWANG,1611,Negeri dan Swasta,97,37,52,3,189,189
2022,PROV. SUMATERA SELATAN,16,KAB. EMPAT LAWANG,1611,Negeri,94,32,51,3,180,180
2022,PROV. SUMATERA SELATAN,16,KAB. PENUKAL ABAB LEMATANG ILIR,1612,Negeri dan Swasta,90,52,11,9,162,162
2022,PROV. SUMATERA SELATAN,16,KAB. PENUKAL ABAB LEMATANG ILIR,1612,Swasta,13,8,2,4,27,27
2022,PROV. SUMATERA SELATAN,16,KAB. PENUKAL ABAB LEMATANG ILIR,1612,Negeri,77,44,9,5,135,135
2022,PROV. SUMATERA SELATAN,16,KAB. MUSI RAWAS UTARA,1613,Negeri dan Swasta,72,44,35,18,169,169
2022,PROV. SUMATERA SELATAN,16,KAB. MUSI RAWAS UTARA,1613,Swasta,2,0,1,1,4,4
2022,PROV. SUMATERA SELATAN,16,KAB. MUSI RAWAS UTARA,1613,Negeri,70,44,34,17,165,165
2022,PROV. SUMATERA SELATAN,16,KOTA PALEMBANG,1671,Swasta,379,125,48,20,572,572
2022,PROV. SUMATERA SELATAN,16,KOTA PALEMBANG,1671,Negeri dan Swasta,506,182,118,85,891,891
2022,PROV. SUMATERA SELATAN,16,KOTA PALEMBANG,1671,Negeri,127,57,70,65,319,319
2022,PROV. SUMATERA SELATAN,16,KOTA PAGAR ALAM,1672,Negeri dan Swasta,63,22,17,12,114,114
2022,PROV. SUMATERA SELATAN,16,KOTA PAGAR ALAM,1672,Negeri,34,19,13,12,78,78
2022,PROV. SUMATERA SELATAN,16,KOTA PAGAR ALAM,1672,Swasta,29,3,4,0,36,36
2022,PROV. SUMATERA SELATAN,16,KOTA LUBUK LINGGAU,1673,Swasta,50,14,7,0,71,71
2022,PROV. SUMATERA SELATAN,16,KOTA LUBUK LINGGAU,1673,Negeri,71,23,10,12,116,116
2022,PROV. SUMATERA SELATAN,16,KOTA LUBUK LINGGAU,1673,Negeri dan Swasta,121,37,17,12,187,187
2022,PROV. SUMATERA SELATAN,16,KOTA PRABUMULIH,1674,Negeri dan Swasta,100,30,13,14,157,157
2022,PROV. SUMATERA SELATAN,16,KOTA PRABUMULIH,1674,Negeri,65,17,10,11,103,103
2022,PROV. SUMATERA SELATAN,16,KOTA PRABUMULIH,1674,Swasta,35,13,3,3,54,54
2022,PROV. BENGKULU,17,KAB. BENGKULU SELATAN,1701,Negeri,62,39,64,3,168,168
2022,PROV. BENGKULU,17,KAB. BENGKULU SELATAN,1701,Swasta,10,5,3,1,19,19
2022,PROV. BENGKULU,17,KAB. BENGKULU SELATAN,1701,Negeri dan Swasta,72,44,67,4,187,187
2022,PROV. BENGKULU,17,KAB. REJANG LEBONG,1702,Swasta,24,8,5,1,38,38
2022,PROV. BENGKULU,17,KAB. REJANG LEBONG,1702,Negeri,62,71,55,18,206,206
2022,PROV. BENGKULU,17,KAB. REJANG LEBONG,1702,Negeri dan Swasta,86,79,60,19,244,244
2022,PROV. BENGKULU,17,KAB. BENGKULU UTARA,1703,Negeri,125,80,64,6,275,275
2022,PROV. BENGKULU,17,KAB. BENGKULU UTARA,1703,Negeri dan Swasta,135,85,66,7,293,293
2022,PROV. BENGKULU,17,KAB. BENGKULU UTARA,1703,Swasta,10,5,2,1,18,18
2022,PROV. BENGKULU,17,KAB. KAUR,1704,Negeri dan Swasta,74,56,40,13,183,183
2022,PROV. BENGKULU,17,KAB. KAUR,1704,Negeri,67,46,39,13,165,165
2022,PROV. BENGKULU,17,KAB. KAUR,1704,Swasta,7,10,1,0,18,18
2022,PROV. BENGKULU,17,KAB. SELUMA,1705,Swasta,6,1,2,0,9,9
2022,PROV. BENGKULU,17,KAB. SELUMA,1705,Negeri,80,66,42,22,210,210
2022,PROV. BENGKULU,17,KAB. SELUMA,1705,Negeri dan Swasta,86,67,44,22,219,219
2022,PROV. BENGKULU,17,KAB. MUKOMUKO,1706,Swasta,8,9,0,2,19,19
2022,PROV. BENGKULU,17,KAB. MUKOMUKO,1706,Negeri,101,57,32,14,204,204
2022,PROV. BENGKULU,17,KAB. MUKOMUKO,1706,Negeri dan Swasta,109,66,32,16,223,223
2022,PROV. BENGKULU,17,KAB. LEBONG,1707,Swasta,8,1,0,1,10,10
2022,PROV. BENGKULU,17,KAB. LEBONG,1707,Negeri,42,33,27,18,120,120
2022,PROV. BENGKULU,17,KAB. LEBONG,1707,Negeri dan Swasta,50,34,27,19,130,130
2022,PROV. BENGKULU,17,KAB. KEPAHIANG,1708,Negeri,74,46,23,14,157,157
2022,PROV. BENGKULU,17,KAB. KEPAHIANG,1708,Swasta,10,4,3,0,17,17
2022,PROV. BENGKULU,17,KAB. KEPAHIANG,1708,Negeri dan Swasta,84,50,26,14,174,174
2022,PROV. BENGKULU,17,KAB. BENGKULU TENGAH,1709,Swasta,7,2,0,1,10,10
2022,PROV. BENGKULU,17,KAB. BENGKULU TENGAH,1709,Negeri dan Swasta,61,38,46,12,157,157
2022,PROV. BENGKULU,17,KAB. BENGKULU TENGAH,1709,Negeri,54,36,46,11,147,147
2022,PROV. BENGKULU,17,KOTA BENGKULU,1771,Negeri dan Swasta,172,83,32,13,300,300
2022,PROV. BENGKULU,17,KOTA BENGKULU,1771,Swasta,99,42,17,3,161,161
2022,PROV. BENGKULU,17,KOTA BENGKULU,1771,Negeri,73,41,15,10,139,139
2022,PROV. LAMPUNG,18,KAB. LAMPUNG SELATAN,1801,Negeri dan Swasta,289,133,84,103,609,609
2022,PROV. LAMPUNG,18,KAB. LAMPUNG SELATAN,1801,Negeri,192,92,53,90,427,427
2022,PROV. LAMPUNG,18,KAB. LAMPUNG SELATAN,1801,Swasta,97,41,31,13,182,182
2022,PROV. LAMPUNG,18,KAB. LAMPUNG TENGAH,1802,Negeri dan Swasta,362,243,138,52,795,795
2022,PROV. LAMPUNG,18,KAB. LAMPUNG TENGAH,1802,Negeri,225,166,108,38,537,537
2022,PROV. LAMPUNG,18,KAB. LAMPUNG TENGAH,1802,Swasta,137,77,30,14,258,258
2022,PROV. LAMPUNG,18,KAB. LAMPUNG UTARA,1803,Swasta,61,23,13,5,102,102
2022,PROV. LAMPUNG,18,KAB. LAMPUNG UTARA,1803,Negeri dan Swasta,185,111,97,75,468,468
2022,PROV. LAMPUNG,18,KAB. LAMPUNG UTARA,1803,Negeri,124,88,84,70,366,366
2022,PROV. LAMPUNG,18,KAB. LAMPUNG BARAT,1804,Swasta,10,8,9,6,33,33
2022,PROV. LAMPUNG,18,KAB. LAMPUNG BARAT,1804,Negeri dan Swasta,92,84,60,48,284,284
2022,PROV. LAMPUNG,18,KAB. LAMPUNG BARAT,1804,Negeri,82,76,51,42,251,251
2022,PROV. LAMPUNG,18,KAB. TULANG BAWANG,1805,Swasta,39,17,9,2,67,67
2022,PROV. LAMPUNG,18,KAB. TULANG BAWANG,1805,Negeri dan Swasta,120,76,41,20,257,257
2022,PROV. LAMPUNG,18,KAB. TULANG BAWANG,1805,Negeri,81,59,32,18,190,190
2022,PROV. LAMPUNG,18,KAB. TANGGAMUS,1806,Negeri dan Swasta,179,118,79,18,394,394
2022,PROV. LAMPUNG,18,KAB. TANGGAMUS,1806,Swasta,24,12,11,4,51,51
2022,PROV. LAMPUNG,18,KAB. TANGGAMUS,1806,Negeri,155,106,68,14,343,343
2022,PROV. LAMPUNG,18,KAB. LAMPUNG TIMUR,1807,Negeri dan Swasta,317,202,116,61,696,696
2022,PROV. LAMPUNG,18,KAB. LAMPUNG TIMUR,1807,Swasta,125,57,33,16,231,231
2022,PROV. LAMPUNG,18,KAB. LAMPUNG TIMUR,1807,Negeri,192,145,83,45,465,465
2022,PROV. LAMPUNG,18,KAB. WAY KANAN,1808,Negeri,121,110,91,75,397,397
2022,PROV. LAMPUNG,18,KAB. WAY KANAN,1808,Negeri dan Swasta,145,127,99,79,450,450
2022,PROV. LAMPUNG,18,KAB. WAY KANAN,1808,Swasta,24,17,8,4,53,53
2022,PROV. LAMPUNG,18,KAB. PESAWARAN,1809,Negeri,108,96,90,23,317,317
2022,PROV. LAMPUNG,18,KAB. PESAWARAN,1809,Negeri dan Swasta,135,118,96,25,374,374
2022,PROV. LAMPUNG,18,KAB. PESAWARAN,1809,Swasta,27,22,6,2,57,57
2022,PROV. LAMPUNG,18,KAB. PRINGSEWU,1810,Negeri,148,62,48,8,266,266
2022,PROV. LAMPUNG,18,KAB. PRINGSEWU,1810,Negeri dan Swasta,211,80,55,10,356,356
2022,PROV. LAMPUNG,18,KAB. PRINGSEWU,1810,Swasta,63,18,7,2,90,90
2022,PROV. LAMPUNG,18,KAB. MESUJI,1811,Negeri dan Swasta,71,67,61,25,224,224
2022,PROV. LAMPUNG,18,KAB. MESUJI,1811,Negeri,59,53,55,23,190,190
2022,PROV. LAMPUNG,18,KAB. MESUJI,1811,Swasta,12,14,6,2,34,34
2022,PROV. LAMPUNG,18,KAB. TULANG BAWANG BARAT,1812,Negeri,82,64,51,15,212,212
2022,PROV. LAMPUNG,18,KAB. TULANG BAWANG BARAT,1812,Swasta,17,9,11,1,38,38
2022,PROV. LAMPUNG,18,KAB. TULANG BAWANG BARAT,1812,Negeri dan Swasta,99,73,62,16,250,250
2022,PROV. LAMPUNG,18,KAB. PESISIR BARAT,1813,Negeri,26,30,38,35,129,129
2022,PROV. LAMPUNG,18,KAB. PESISIR BARAT,1813,Negeri dan Swasta,28,35,43,36,142,142
2022,PROV. LAMPUNG,18,KAB. PESISIR BARAT,1813,Swasta,2,5,5,1,13,13
2022,PROV. LAMPUNG,18,KOTA BANDAR LAMPUNG,1871,Negeri,137,55,21,16,229,229
2022,PROV. LAMPUNG,18,KOTA BANDAR LAMPUNG,1871,Swasta,296,61,13,9,379,379
2022,PROV. LAMPUNG,18,KOTA BANDAR LAMPUNG,1871,Negeri dan Swasta,433,116,34,25,608,608
2022,PROV. LAMPUNG,18,KOTA METRO,1872,Negeri,38,20,19,1,78,78
2022,PROV. LAMPUNG,18,KOTA METRO,1872,Negeri dan Swasta,102,40,28,1,171,171
2022,PROV. LAMPUNG,18,KOTA METRO,1872,Swasta,64,20,9,0,93,93
2022,PROV. KEPULAUAN BANGKA BELITUNG,19,KAB. BANGKA,1901,Negeri dan Swasta,156,53,35,27,271,271
2022,PROV. KEPULAUAN BANGKA BELITUNG,19,KAB. BANGKA,1901,Swasta,44,4,3,0,51,51
2022,PROV. KEPULAUAN BANGKA BELITUNG,19,KAB. BANGKA,1901,Negeri,112,49,32,27,220,220
2022,PROV. KEPULAUAN BANGKA BELITUNG,19,KAB. BELITUNG,1902,Swasta,16,4,0,0,20,20
2022,PROV. KEPULAUAN BANGKA BELITUNG,19,KAB. BELITUNG,1902,Negeri dan Swasta,86,35,27,22,170,170
2022,PROV. KEPULAUAN BANGKA BELITUNG,19,KAB. BELITUNG,1902,Negeri,70,31,27,22,150,150
2022,PROV. KEPULAUAN BANGKA BELITUNG,19,KAB. BANGKA SELATAN,1903,Negeri,78,24,20,17,139,139
2022,PROV. KEPULAUAN BANGKA BELITUNG,19,KAB. BANGKA SELATAN,1903,Negeri dan Swasta,89,26,20,17,152,152
2022,PROV. KEPULAUAN BANGKA BELITUNG,19,KAB. BANGKA SELATAN,1903,Swasta,11,2,0,0,13,13
2022,PROV. KEPULAUAN BANGKA BELITUNG,19,KAB. BANGKA TENGAH,1904,Swasta,20,5,2,0,27,27
2022,PROV. KEPULAUAN BANGKA BELITUNG,19,KAB. BANGKA TENGAH,1904,Negeri,65,40,19,5,129,129
2022,PROV. KEPULAUAN BANGKA BELITUNG,19,KAB. BANGKA TENGAH,1904,Negeri dan Swasta,85,45,21,5,156,156
2022,PROV. KEPULAUAN BANGKA BELITUNG,19,KAB. BANGKA BARAT,1905,Swasta,20,5,1,2,28,28
2022,PROV. KEPULAUAN BANGKA BELITUNG,19,KAB. BANGKA BARAT,1905,Negeri dan Swasta,96,40,23,39,198,198
2022,PROV. KEPULAUAN BANGKA BELITUNG,19,KAB. BANGKA BARAT,1905,Negeri,76,35,22,37,170,170
2022,PROV. KEPULAUAN BANGKA BELITUNG,19,KAB. BELITUNG TIMUR,1906,Negeri dan Swasta,84,21,23,18,146,146
2022,PROV. KEPULAUAN BANGKA BELITUNG,19,KAB. BELITUNG TIMUR,1906,Swasta,8,2,0,0,10,10
2022,PROV. KEPULAUAN BANGKA BELITUNG,19,KAB. BELITUNG TIMUR,1906,Negeri,76,19,23,18,136,136
2022,PROV. KEPULAUAN BANGKA BELITUNG,19,KOTA PANGKAL PINANG,1971,Negeri,49,19,21,5,94,94
2022,PROV. KEPULAUAN BANGKA BELITUNG,19,KOTA PANGKAL PINANG,1971,Negeri dan Swasta,100,29,22,7,158,158
2022,PROV. KEPULAUAN BANGKA BELITUNG,19,KOTA PANGKAL PINANG,1971,Swasta,51,10,1,2,64,64
2022,PROV. KEPULAUAN RIAU,21,KAB. BINTAN,2101,Negeri dan Swasta,119,24,7,1,151,151
2022,PROV. KEPULAUAN RIAU,21,KAB. BINTAN,2101,Negeri,94,20,6,1,121,121
2022,PROV. KEPULAUAN RIAU,21,KAB. BINTAN,2101,Swasta,25,4,1,0,30,30
2022,PROV. KEPULAUAN RIAU,21,KAB. KARIMUN,2102,Swasta,37,8,2,0,47,47
2022,PROV. KEPULAUAN RIAU,21,KAB. KARIMUN,2102,Negeri,106,24,15,10,155,155
2022,PROV. KEPULAUAN RIAU,21,KAB. KARIMUN,2102,Negeri dan Swasta,143,32,17,10,202,202
2022,PROV. KEPULAUAN RIAU,21,KAB. NATUNA,2103,Swasta,4,0,0,0,4,4
2022,PROV. KEPULAUAN RIAU,21,KAB. NATUNA,2103,Negeri,55,33,20,17,125,125
2022,PROV. KEPULAUAN RIAU,21,KAB. NATUNA,2103,Negeri dan Swasta,59,33,20,17,129,129
2022,PROV. KEPULAUAN RIAU,21,KAB. LINGGA,2104,Swasta,7,1,0,0,8,8
2022,PROV. KEPULAUAN RIAU,21,KAB. LINGGA,2104,Negeri dan Swasta,81,18,20,17,136,136
2022,PROV. KEPULAUAN RIAU,21,KAB. LINGGA,2104,Negeri,74,17,20,17,128,128
2022,PROV. KEPULAUAN RIAU,21,KAB. KEPULAUAN ANAMBAS,2105,Negeri,47,22,11,11,91,91
2022,PROV. KEPULAUAN RIAU,21,KAB. KEPULAUAN ANAMBAS,2105,Negeri dan Swasta,50,27,11,11,99,99
2022,PROV. KEPULAUAN RIAU,21,KAB. KEPULAUAN ANAMBAS,2105,Swasta,3,5,0,0,8,8
2022,PROV. KEPULAUAN RIAU,21,KOTA BATAM,2171,Swasta,418,87,12,6,523,523
2022,PROV. KEPULAUAN RIAU,21,KOTA BATAM,2171,Negeri dan Swasta,566,118,33,31,748,748
2022,PROV. KEPULAUAN RIAU,21,KOTA BATAM,2171,Negeri,148,31,21,25,225,225
2022,PROV. KEPULAUAN RIAU,21,KOTA TANJUNG PINANG,2172,Swasta,56,8,0,0,64,64
2022,PROV. KEPULAUAN RIAU,21,KOTA TANJUNG PINANG,2172,Negeri,52,12,6,13,83,83
2022,PROV. KEPULAUAN RIAU,21,KOTA TANJUNG PINANG,2172,Negeri dan Swasta,108,20,6,13,147,147
2022,PROV. D.K.I. JAKARTA,31,KAB. ADM. KEP. SERIBU,3101,Negeri,18,6,2,1,27,27
2022,PROV. D.K.I. JAKARTA,31,KAB. ADM. KEP. SERIBU,3101,Swasta,1,1,0,0,2,2
2022,PROV. D.K.I. JAKARTA,31,KAB. ADM. KEP. SERIBU,3101,Negeri dan Swasta,19,7,2,1,29,29
2022,PROV. D.K.I. JAKARTA,31,KOTA ADM. JAKARTA PUSAT,3171,Swasta,276,38,5,0,319,319
2022,PROV. D.K.I. JAKARTA,31,KOTA ADM. JAKARTA PUSAT,3171,Negeri,173,38,11,8,230,230
2022,PROV. D.K.I. JAKARTA,31,KOTA ADM. JAKARTA PUSAT,3171,Negeri dan Swasta,449,76,16,8,549,549
2022,PROV. D.K.I. JAKARTA,31,KOTA ADM. JAKARTA UTARA,3172,Negeri dan Swasta,733,82,13,7,835,835
2022,PROV. D.K.I. JAKARTA,31,KOTA ADM. JAKARTA UTARA,3172,Swasta,547,58,11,4,620,620
2022,PROV. D.K.I. JAKARTA,31,KOTA ADM. JAKARTA UTARA,3172,Negeri,186,24,2,3,215,215
2022,PROV. D.K.I. JAKARTA,31,KOTA ADM. JAKARTA BARAT,3173,Negeri dan Swasta,1046,118,29,8,1201,1201
2022,PROV. D.K.I. JAKARTA,31,KOTA ADM. JAKARTA BARAT,3173,Swasta,730,77,10,1,818,818
2022,PROV. D.K.I. JAKARTA,31,KOTA ADM. JAKARTA BARAT,3173,Negeri,316,41,19,7,383,383
2022,PROV. D.K.I. JAKARTA,31,KOTA ADM. JAKARTA SELATAN,3174,Negeri dan Swasta,945,138,25,18,1126,1126
2022,PROV. D.K.I. JAKARTA,31,KOTA ADM. JAKARTA SELATAN,3174,Swasta,636,61,9,4,710,710
2022,PROV. D.K.I. JAKARTA,31,KOTA ADM. JAKARTA SELATAN,3174,Negeri,309,77,16,14,416,416
2022,PROV. D.K.I. JAKARTA,31,KOTA ADM. JAKARTA TIMUR,3175,Negeri dan Swasta,1173,171,32,22,1398,1398
2022,PROV. D.K.I. JAKARTA,31,KOTA ADM. JAKARTA TIMUR,3175,Swasta,697,109,11,11,828,828
2022,PROV. D.K.I. JAKARTA,31,KOTA ADM. JAKARTA TIMUR,3175,Negeri,476,62,21,11,570,570
2022,PROV. JAWA BARAT,32,KAB. BOGOR,3201,Negeri dan Swasta,1543,680,303,257,2783,2783
2022,PROV. JAWA BARAT,32,KAB. BOGOR,3201,Swasta,1023,377,81,43,1524,1524
2022,PROV. JAWA BARAT,32,KAB. BOGOR,3201,Negeri,520,303,222,214,1259,1259
2022,PROV. JAWA BARAT,32,KAB. SUKABUMI,3202,Negeri,214,262,192,113,781,781
2022,PROV. JAWA BARAT,32,KAB. SUKABUMI,3202,Negeri dan Swasta,432,382,240,137,1191,1191
2022,PROV. JAWA BARAT,32,KAB. SUKABUMI,3202,Swasta,218,120,48,24,410,410
2022,PROV. JAWA BARAT,32,KAB. CIANJUR,3203,Negeri,220,255,152,154,781,781
2022,PROV. JAWA BARAT,32,KAB. CIANJUR,3203,Swasta,229,108,26,8,371,371
2022,PROV. JAWA BARAT,32,KAB. CIANJUR,3203,Negeri dan Swasta,449,363,178,162,1152,1152
2022,PROV. JAWA BARAT,32,KAB. BANDUNG,3204,Negeri,378,344,232,136,1090,1090
2022,PROV. JAWA BARAT,32,KAB. BANDUNG,3204,Negeri dan Swasta,800,572,301,155,1828,1828
2022,PROV. JAWA BARAT,32,KAB. BANDUNG,3204,Swasta,422,228,69,19,738,738
2022,PROV. JAWA BARAT,32,KAB. GARUT,3205,Swasta,226,189,68,43,526,526
2022,PROV. JAWA BARAT,32,KAB. GARUT,3205,Negeri,252,261,194,133,840,840
2022,PROV. JAWA BARAT,32,KAB. GARUT,3205,Negeri dan Swasta,478,450,262,176,1366,1366
2022,PROV. JAWA BARAT,32,KAB. TASIKMALAYA,3206,Negeri,171,195,144,83,593,593
2022,PROV. JAWA BARAT,32,KAB. TASIKMALAYA,3206,Swasta,132,94,37,21,284,284
2022,PROV. JAWA BARAT,32,KAB. TASIKMALAYA,3206,Negeri dan Swasta,303,289,181,104,877,877
2022,PROV. JAWA BARAT,32,KAB. CIAMIS,3207,Negeri,217,213,144,45,619,619
2022,PROV. JAWA BARAT,32,KAB. CIAMIS,3207,Negeri dan Swasta,297,253,166,53,769,769
2022,PROV. JAWA BARAT,32,KAB. CIAMIS,3207,Swasta,80,40,22,8,150,150
2022,PROV. JAWA BARAT,32,KAB. KUNINGAN,3208,Swasta,70,20,17,2,109,109
2022,PROV. JAWA BARAT,32,KAB. KUNINGAN,3208,Negeri,188,139,108,73,508,508
2022,PROV. JAWA BARAT,32,KAB. KUNINGAN,3208,Negeri dan Swasta,258,159,125,75,617,617
2022,PROV. JAWA BARAT,32,KAB. CIREBON,3209,Negeri dan Swasta,477,292,138,107,1014,1014
2022,PROV. JAWA BARAT,32,KAB. CIREBON,3209,Swasta,190,87,25,10,312,312
2022,PROV. JAWA BARAT,32,KAB. CIREBON,3209,Negeri,287,205,113,97,702,702
2022,PROV. JAWA BARAT,32,KAB. MAJALENGKA,3210,Negeri dan Swasta,242,189,155,21,607,607
2022,PROV. JAWA BARAT,32,KAB. MAJALENGKA,3210,Swasta,71,32,4,3,110,110
2022,PROV. JAWA BARAT,32,KAB. MAJALENGKA,3210,Negeri,171,157,151,18,497,497
2022,PROV. JAWA BARAT,32,KAB. SUMEDANG,3211,Swasta,135,56,10,1,202,202
2022,PROV. JAWA BARAT,32,KAB. SUMEDANG,3211,Negeri dan Swasta,319,201,220,12,752,752
2022,PROV. JAWA BARAT,32,KAB. SUMEDANG,3211,Negeri,184,145,210,11,550,550
2022,PROV. JAWA BARAT,32,KAB. INDRAMAYU,3212,Negeri,201,153,104,120,578,578
2022,PROV. JAWA BARAT,32,KAB. INDRAMAYU,3212,Negeri dan Swasta,332,241,146,131,850,850
2022,PROV. JAWA BARAT,32,KAB. INDRAMAYU,3212,Swasta,131,88,42,11,272,272
2022,PROV. JAWA BARAT,32,KAB. SUBANG,3213,Negeri,197,245,187,25,654,654
2022,PROV. JAWA BARAT,32,KAB. SUBANG,3213,Negeri dan Swasta,335,323,213,34,905,905
2022,PROV. JAWA BARAT,32,KAB. SUBANG,3213,Swasta,138,78,26,9,251,251
2022,PROV. JAWA BARAT,32,KAB. PURWAKARTA,3214,Negeri dan Swasta,336,130,68,16,550,550
2022,PROV. JAWA BARAT,32,KAB. PURWAKARTA,3214,Negeri,239,101,61,13,414,414
2022,PROV. JAWA BARAT,32,KAB. PURWAKARTA,3214,Swasta,97,29,7,3,136,136
2022,PROV. JAWA BARAT,32,KAB. KARAWANG,3215,Negeri,168,147,123,63,501,501
2022,PROV. JAWA BARAT,32,KAB. KARAWANG,3215,Swasta,219,78,16,12,325,325
2022,PROV. JAWA BARAT,32,KAB. KARAWANG,3215,Negeri dan Swasta,387,225,139,75,826,826
2022,PROV. JAWA BARAT,32,KAB. BEKASI,3216,Swasta,669,177,32,16,894,894
2022,PROV. JAWA BARAT,32,KAB. BEKASI,3216,Negeri,229,128,48,43,448,448
2022,PROV. JAWA BARAT,32,KAB. BEKASI,3216,Negeri dan Swasta,898,305,80,59,1342,1342
2022,PROV. JAWA BARAT,32,KAB. BANDUNG BARAT,3217,Negeri dan Swasta,327,304,176,117,924,924
2022,PROV. JAWA BARAT,32,KAB. BANDUNG BARAT,3217,Negeri,132,211,138,107,588,588
2022,PROV. JAWA BARAT,32,KAB. BANDUNG BARAT,3217,Swasta,195,93,38,10,336,336
2022,PROV. JAWA BARAT,32,KAB. PANGANDARAN,3218,Swasta,24,18,6,0,48,48
2022,PROV. JAWA BARAT,32,KAB. PANGANDARAN,3218,Negeri dan Swasta,101,83,68,33,285,285
2022,PROV. JAWA BARAT,32,KAB. PANGANDARAN,3218,Negeri,77,65,62,33,237,237
2022,PROV. JAWA BARAT,32,KOTA BOGOR,3271,Negeri,129,68,18,12,227,227
2022,PROV. JAWA BARAT,32,KOTA BOGOR,3271,Negeri dan Swasta,452,139,30,15,636,636
2022,PROV. JAWA BARAT,32,KOTA BOGOR,3271,Swasta,323,71,12,3,409,409
2022,PROV. JAWA BARAT,32,KOTA SUKABUMI,3272,Swasta,81,25,10,2,118,118
2022,PROV. JAWA BARAT,32,KOTA SUKABUMI,3272,Negeri dan Swasta,139,53,42,11,245,245
2022,PROV. JAWA BARAT,32,KOTA SUKABUMI,3272,Negeri,58,28,32,9,127,127
2022,PROV. JAWA BARAT,32,KOTA BANDUNG,3273,Swasta,667,153,36,9,865,865
2022,PROV. JAWA BARAT,32,KOTA BANDUNG,3273,Negeri,153,91,89,33,366,366
2022,PROV. JAWA BARAT,32,KOTA BANDUNG,3273,Negeri dan Swasta,820,244,125,42,1231,1231
2022,PROV. JAWA BARAT,32,KOTA CIREBON,3274,Swasta,95,33,16,3,147,147
2022,PROV. JAWA BARAT,32,KOTA CIREBON,3274,Negeri,51,37,50,3,141,141
2022,PROV. JAWA BARAT,32,KOTA CIREBON,3274,Negeri dan Swasta,146,70,66,6,288,288
2022,PROV. JAWA BARAT,32,KOTA BEKASI,3275,Negeri dan Swasta,977,249,57,41,1324,1324
2022,PROV. JAWA BARAT,32,KOTA BEKASI,3275,Swasta,774,164,20,19,977,977
2022,PROV. JAWA BARAT,32,KOTA BEKASI,3275,Negeri,203,85,37,22,347,347
2022,PROV. JAWA BARAT,32,KOTA DEPOK,3276,Negeri dan Swasta,721,224,61,32,1038,1038
2022,PROV. JAWA BARAT,32,KOTA DEPOK,3276,Swasta,592,165,37,15,809,809
2022,PROV. JAWA BARAT,32,KOTA DEPOK,3276,Negeri,129,59,24,17,229,229
2022,PROV. JAWA BARAT,32,KOTA CIMAHI,3277,Negeri,57,22,19,12,110,110
2022,PROV. JAWA BARAT,32,KOTA CIMAHI,3277,Negeri dan Swasta,167,45,26,15,253,253
2022,PROV. JAWA BARAT,32,KOTA CIMAHI,3277,Swasta,110,23,7,3,143,143
2022,PROV. JAWA BARAT,32,KOTA TASIKMALAYA,3278,Negeri,59,70,32,18,179,179
2022,PROV. JAWA BARAT,32,KOTA TASIKMALAYA,3278,Swasta,122,67,10,6,205,205
2022,PROV. JAWA BARAT,32,KOTA TASIKMALAYA,3278,Negeri dan Swasta,181,137,42,24,384,384
2022,PROV. JAWA BARAT,32,KOTA BANJAR,3279,Swasta,26,9,7,0,42,42
2022,PROV. JAWA BARAT,32,KOTA BANJAR,3279,Negeri dan Swasta,74,38,19,5,136,136
2022,PROV. JAWA BARAT,32,KOTA BANJAR,3279,Negeri,48,29,12,5,94,94
2022,PROV. JAWA TENGAH,33,KAB. CILACAP,3301,Negeri,391,295,176,33,895,895
2022,PROV. JAWA TENGAH,33,KAB. CILACAP,3301,Swasta,149,72,41,9,271,271
2022,PROV. JAWA TENGAH,33,KAB. CILACAP,3301,Negeri dan Swasta,540,367,217,42,1166,1166
2022,PROV. JAWA TENGAH,33,KAB. BANYUMAS,3302,Negeri,310,251,125,106,792,792
2022,PROV. JAWA TENGAH,33,KAB. BANYUMAS,3302,Negeri dan Swasta,575,329,144,122,1170,1170
2022,PROV. JAWA TENGAH,33,KAB. BANYUMAS,3302,Swasta,265,78,19,16,378,378
2022,PROV. JAWA TENGAH,33,KAB. PURBALINGGA,3303,Swasta,57,19,4,3,83,83
2022,PROV. JAWA TENGAH,33,KAB. PURBALINGGA,3303,Negeri dan Swasta,231,139,79,57,506,506
2022,PROV. JAWA TENGAH,33,KAB. PURBALINGGA,3303,Negeri,174,120,75,54,423,423
2022,PROV. JAWA TENGAH,33,KAB. BANJARNEGARA,3304,Negeri dan Swasta,259,190,106,75,630,630
2022,PROV. JAWA TENGAH,33,KAB. BANJARNEGARA,3304,Negeri,212,177,100,73,562,562
2022,PROV. JAWA TENGAH,33,KAB. BANJARNEGARA,3304,Swasta,47,13,6,2,68,68
2022,PROV. JAWA TENGAH,33,KAB. KEBUMEN,3305,Negeri dan Swasta,548,232,76,39,895,895
2022,PROV. JAWA TENGAH,33,KAB. KEBUMEN,3305,Swasta,138,50,13,6,207,207
2022,PROV. JAWA TENGAH,33,KAB. KEBUMEN,3305,Negeri,410,182,63,33,688,688
2022,PROV. JAWA TENGAH,33,KAB. PURWOREJO,3306,Negeri,267,153,61,16,497,497
2022,PROV. JAWA TENGAH,33,KAB. PURWOREJO,3306,Swasta,93,46,9,2,150,150
2022,PROV. JAWA TENGAH,33,KAB. PURWOREJO,3306,Negeri dan Swasta,360,199,70,18,647,647
2022,PROV. JAWA TENGAH,33,KAB. WONOSOBO,3307,Swasta,83,33,4,1,121,121
2022,PROV. JAWA TENGAH,33,KAB. WONOSOBO,3307,Negeri,231,139,68,29,467,467
2022,PROV. JAWA TENGAH,33,KAB. WONOSOBO,3307,Negeri dan Swasta,314,172,72,30,588,588
2022,PROV. JAWA TENGAH,33,KAB. MAGELANG,3308,Swasta,175,81,25,9,290,290
2022,PROV. JAWA TENGAH,33,KAB. MAGELANG,3308,Negeri dan Swasta,384,252,89,51,776,776
2022,PROV. JAWA TENGAH,33,KAB. MAGELANG,3308,Negeri,209,171,64,42,486,486
2022,PROV. JAWA TENGAH,33,KAB. BOYOLALI,3309,Negeri dan Swasta,390,213,91,50,744,744
2022,PROV. JAWA TENGAH,33,KAB. BOYOLALI,3309,Swasta,129,43,18,8,198,198
2022,PROV. JAWA TENGAH,33,KAB. BOYOLALI,3309,Negeri,261,170,73,42,546,546
2022,PROV. JAWA TENGAH,33,KAB. KLATEN,3310,Negeri dan Swasta,521,289,94,55,959,959
2022,PROV. JAWA TENGAH,33,KAB. KLATEN,3310,Swasta,202,78,12,2,294,294
2022,PROV. JAWA TENGAH,33,KAB. KLATEN,3310,Negeri,319,211,82,53,665,665
2022,PROV. JAWA TENGAH,33,KAB. SUKOHARJO,3311,Negeri dan Swasta,363,264,69,13,709,709
2022,PROV. JAWA TENGAH,33,KAB. SUKOHARJO,3311,Swasta,153,67,10,3,233,233
2022,PROV. JAWA TENGAH,33,KAB. SUKOHARJO,3311,Negeri,210,197,59,10,476,476
2022,PROV. JAWA TENGAH,33,KAB. WONOGIRI,3312,Negeri,423,227,84,27,761,761
2022,PROV. JAWA TENGAH,33,KAB. WONOGIRI,3312,Swasta,82,38,15,4,139,139
2022,PROV. JAWA TENGAH,33,KAB. WONOGIRI,3312,Negeri dan Swasta,505,265,99,31,900,900
2022,PROV. JAWA TENGAH,33,KAB. KARANGANYAR,3313,Swasta,181,64,15,7,267,267
2022,PROV. JAWA TENGAH,33,KAB. KARANGANYAR,3313,Negeri dan Swasta,397,239,70,27,733,733
2022,PROV. JAWA TENGAH,33,KAB. KARANGANYAR,3313,Negeri,216,175,55,20,466,466
2022,PROV. JAWA TENGAH,33,KAB. SRAGEN,3314,Negeri,194,164,95,46,499,499
2022,PROV. JAWA TENGAH,33,KAB. SRAGEN,3314,Negeri dan Swasta,314,220,103,51,688,688
2022,PROV. JAWA TENGAH,33,KAB. SRAGEN,3314,Swasta,120,56,8,5,189,189
2022,PROV. JAWA TENGAH,33,KAB. GROBOGAN,3315,Negeri,183,221,173,116,693,693
2022,PROV. JAWA TENGAH,33,KAB. GROBOGAN,3315,Swasta,122,67,31,17,237,237
2022,PROV. JAWA TENGAH,33,KAB. GROBOGAN,3315,Negeri dan Swasta,305,288,204,133,930,930
2022,PROV. JAWA TENGAH,33,KAB. BLORA,3316,Negeri dan Swasta,279,197,102,44,622,622
2022,PROV. JAWA TENGAH,33,KAB. BLORA,3316,Swasta,87,39,12,6,144,144
2022,PROV. JAWA TENGAH,33,KAB. BLORA,3316,Negeri,192,158,90,38,478,478
2022,PROV. JAWA TENGAH,33,KAB. REMBANG,3317,Negeri,107,120,75,109,411,411
2022,PROV. JAWA TENGAH,33,KAB. REMBANG,3317,Swasta,42,24,3,3,72,72
2022,PROV. JAWA TENGAH,33,KAB. REMBANG,3317,Negeri dan Swasta,149,144,78,112,483,483
2022,PROV. JAWA TENGAH,33,KAB. PATI,3318,Negeri dan Swasta,377,244,100,35,756,756
2022,PROV. JAWA TENGAH,33,KAB. PATI,3318,Negeri,219,182,91,30,522,522
2022,PROV. JAWA TENGAH,33,KAB. PATI,3318,Swasta,158,62,9,5,234,234
2022,PROV. JAWA TENGAH,33,KAB. KUDUS,3319,Negeri dan Swasta,283,172,59,45,559,559
2022,PROV. JAWA TENGAH,33,KAB. KUDUS,3319,Negeri,178,134,48,43,403,403
2022,PROV. JAWA TENGAH,33,KAB. KUDUS,3319,Swasta,105,38,11,2,156,156
2022,PROV. JAWA TENGAH,33,KAB. JEPARA,3320,Swasta,121,51,13,8,193,193
2022,PROV. JAWA TENGAH,33,KAB. JEPARA,3320,Negeri,236,147,70,19,472,472
2022,PROV. JAWA TENGAH,33,KAB. JEPARA,3320,Negeri dan Swasta,357,198,83,27,665,665
2022,PROV. JAWA TENGAH,33,KAB. DEMAK,3321,Negeri dan Swasta,368,200,118,55,741,741
2022,PROV. JAWA TENGAH,33,KAB. DEMAK,3321,Swasta,169,58,15,7,249,249
2022,PROV. JAWA TENGAH,33,KAB. DEMAK,3321,Negeri,199,142,103,48,492,492
2022,PROV. JAWA TENGAH,33,KAB. SEMARANG,3322,Swasta,127,91,15,6,239,239
2022,PROV. JAWA TENGAH,33,KAB. SEMARANG,3322,Negeri,203,147,81,17,448,448
2022,PROV. JAWA TENGAH,33,KAB. SEMARANG,3322,Negeri dan Swasta,330,238,96,23,687,687
2022,PROV. JAWA TENGAH,33,KAB. TEMANGGUNG,3323,Negeri,230,151,49,27,457,457
2022,PROV. JAWA TENGAH,33,KAB. TEMANGGUNG,3323,Swasta,102,33,8,4,147,147
2022,PROV. JAWA TENGAH,33,KAB. TEMANGGUNG,3323,Negeri dan Swasta,332,184,57,31,604,604
2022,PROV. JAWA TENGAH,33,KAB. KENDAL,3324,Negeri,187,142,102,35,466,466
2022,PROV. JAWA TENGAH,33,KAB. KENDAL,3324,Negeri dan Swasta,290,190,130,43,653,653
2022,PROV. JAWA TENGAH,33,KAB. KENDAL,3324,Swasta,103,48,28,8,187,187
2022,PROV. JAWA TENGAH,33,KAB. BATANG,3325,Swasta,55,25,10,2,92,92
2022,PROV. JAWA TENGAH,33,KAB. BATANG,3325,Negeri,160,123,77,23,383,383
2022,PROV. JAWA TENGAH,33,KAB. BATANG,3325,Negeri dan Swasta,215,148,87,25,475,475
2022,PROV. JAWA TENGAH,33,KAB. PEKALONGAN,3326,Negeri,147,142,81,46,416,416
2022,PROV. JAWA TENGAH,33,KAB. PEKALONGAN,3326,Swasta,69,36,6,1,112,112
2022,PROV. JAWA TENGAH,33,KAB. PEKALONGAN,3326,Negeri dan Swasta,216,178,87,47,528,528
2022,PROV. JAWA TENGAH,33,KAB. PEMALANG,3327,Negeri,211,177,110,73,571,571
2022,PROV. JAWA TENGAH,33,KAB. PEMALANG,3327,Negeri dan Swasta,302,234,124,80,740,740
2022,PROV. JAWA TENGAH,33,KAB. PEMALANG,3327,Swasta,91,57,14,7,169,169
2022,PROV. JAWA TENGAH,33,KAB. TEGAL,3328,Negeri dan Swasta,311,210,124,108,753,753
2022,PROV. JAWA TENGAH,33,KAB. TEGAL,3328,Negeri,191,155,103,97,546,546
2022,PROV. JAWA TENGAH,33,KAB. TEGAL,3328,Swasta,120,55,21,11,207,207
2022,PROV. JAWA TENGAH,33,KAB. BREBES,3329,Negeri dan Swasta,345,231,205,99,880,880
2022,PROV. JAWA TENGAH,33,KAB. BREBES,3329,Swasta,138,52,23,14,227,227
2022,PROV. JAWA TENGAH,33,KAB. BREBES,3329,Negeri,207,179,182,85,653,653
2022,PROV. JAWA TENGAH,33,KOTA MAGELANG,3371,Negeri,45,25,8,4,82,82
2022,PROV. JAWA TENGAH,33,KOTA MAGELANG,3371,Swasta,71,26,3,2,102,102
2022,PROV. JAWA TENGAH,33,KOTA MAGELANG,3371,Negeri dan Swasta,116,51,11,6,184,184
2022,PROV. JAWA TENGAH,33,KOTA SURAKARTA,3372,Negeri,124,25,25,16,190,190
2022,PROV. JAWA TENGAH,33,KOTA SURAKARTA,3372,Negeri dan Swasta,378,73,30,18,499,499
2022,PROV. JAWA TENGAH,33,KOTA SURAKARTA,3372,Swasta,254,48,5,2,309,309
2022,PROV. JAWA TENGAH,33,KOTA SALATIGA,3373,Negeri,54,16,7,3,80,80
2022,PROV. JAWA TENGAH,33,KOTA SALATIGA,3373,Swasta,74,23,6,4,107,107
2022,PROV. JAWA TENGAH,33,KOTA SALATIGA,3373,Negeri dan Swasta,128,39,13,7,187,187
2022,PROV. JAWA TENGAH,33,KOTA SEMARANG,3374,Negeri dan Swasta,867,176,55,36,1134,1134
2022,PROV. JAWA TENGAH,33,KOTA SEMARANG,3374,Swasta,624,102,23,10,759,759
2022,PROV. JAWA TENGAH,33,KOTA SEMARANG,3374,Negeri,243,74,32,26,375,375
2022,PROV. JAWA TENGAH,33,KOTA PEKALONGAN,3375,Negeri,48,21,28,7,104,104
2022,PROV. JAWA TENGAH,33,KOTA PEKALONGAN,3375,Negeri dan Swasta,109,49,41,8,207,207
2022,PROV. JAWA TENGAH,33,KOTA PEKALONGAN,3375,Swasta,61,28,13,1,103,103
2022,PROV. JAWA TENGAH,33,KOTA TEGAL,3376,Swasta,72,19,8,3,102,102
2022,PROV. JAWA TENGAH,33,KOTA TEGAL,3376,Negeri dan Swasta,154,50,22,12,238,238
2022,PROV. JAWA TENGAH,33,KOTA TEGAL,3376,Negeri,82,31,14,9,136,136
2022,PROV. D.I. YOGYAKARTA,34,KAB. KULON PROGO,3401,Negeri dan Swasta,313,185,59,24,581,581
2022,PROV. D.I. YOGYAKARTA,34,KAB. KULON PROGO,3401,Swasta,142,59,30,7,238,238
2022,PROV. D.I. YOGYAKARTA,34,KAB. KULON PROGO,3401,Negeri,171,126,29,17,343,343
2022,PROV. D.I. YOGYAKARTA,34,KAB. BANTUL,3402,Swasta,515,80,20,4,619,619
2022,PROV. D.I. YOGYAKARTA,34,KAB. BANTUL,3402,Negeri,246,99,30,12,387,387
2022,PROV. D.I. YOGYAKARTA,34,KAB. BANTUL,3402,Negeri dan Swasta,761,179,50,16,1006,1006
2022,PROV. D.I. YOGYAKARTA,34,KAB. GUNUNGKIDUL,3403,Negeri dan Swasta,364,170,125,55,714,714
2022,PROV. D.I. YOGYAKARTA,34,KAB. GUNUNGKIDUL,3403,Swasta,145,47,21,13,226,226
2022,PROV. D.I. YOGYAKARTA,34,KAB. GUNUNGKIDUL,3403,Negeri,219,123,104,42,488,488
2022,PROV. D.I. YOGYAKARTA,34,KAB. SLEMAN,3404,Negeri dan Swasta,732,203,59,38,1032,1032
2022,PROV. D.I. YOGYAKARTA,34,KAB. SLEMAN,3404,Swasta,484,99,20,9,612,612
2022,PROV. D.I. YOGYAKARTA,34,KAB. SLEMAN,3404,Negeri,248,104,39,29,420,420
2022,PROV. D.I. YOGYAKARTA,34,KOTA YOGYAKARTA,3471,Swasta,286,61,7,8,362,362
2022,PROV. D.I. YOGYAKARTA,34,KOTA YOGYAKARTA,3471,Negeri,97,27,8,2,134,134
2022,PROV. D.I. YOGYAKARTA,34,KOTA YOGYAKARTA,3471,Negeri dan Swasta,383,88,15,10,496,496
2022,PROV. JAWA TIMUR,35,KAB. PACITAN,3501,Negeri,180,87,43,74,384,384
2022,PROV. JAWA TIMUR,35,KAB. PACITAN,3501,Swasta,29,21,11,5,66,66
2022,PROV. JAWA TIMUR,35,KAB. PACITAN,3501,Negeri dan Swasta,209,108,54,79,450,450
2022,PROV. JAWA TIMUR,35,KAB. PONOROGO,3502,Negeri,190,183,85,69,527,527
2022,PROV. JAWA TIMUR,35,KAB. PONOROGO,3502,Negeri dan Swasta,273,236,100,71,680,680
2022,PROV. JAWA TIMUR,35,KAB. PONOROGO,3502,Swasta,83,53,15,2,153,153
2022,PROV. JAWA TIMUR,35,KAB. TRENGGALEK,3503,Negeri,190,139,91,19,439,439
2022,PROV. JAWA TIMUR,35,KAB. TRENGGALEK,3503,Negeri dan Swasta,256,173,98,19,546,546
2022,PROV. JAWA TIMUR,35,KAB. TRENGGALEK,3503,Swasta,66,34,7,0,107,107
2022,PROV. JAWA TIMUR,35,KAB. TULUNGAGUNG,3504,Swasta,122,47,12,4,185,185
2022,PROV. JAWA TIMUR,35,KAB. TULUNGAGUNG,3504,Negeri,211,149,65,48,473,473
2022,PROV. JAWA TIMUR,35,KAB. TULUNGAGUNG,3504,Negeri dan Swasta,333,196,77,52,658,658
2022,PROV. JAWA TIMUR,35,KAB. BLITAR,3505,Swasta,130,55,9,10,204,204
2022,PROV. JAWA TIMUR,35,KAB. BLITAR,3505,Negeri dan Swasta,353,240,82,62,737,737
2022,PROV. JAWA TIMUR,35,KAB. BLITAR,3505,Negeri,223,185,73,52,533,533
2022,PROV. JAWA TIMUR,35,KAB. KEDIRI,3506,Swasta,175,46,10,5,236,236
2022,PROV. JAWA TIMUR,35,KAB. KEDIRI,3506,Negeri dan Swasta,409,175,79,31,694,694
2022,PROV. JAWA TIMUR,35,KAB. KEDIRI,3506,Negeri,234,129,69,26,458,458
2022,PROV. JAWA TIMUR,35,KAB. MALANG,3507,Negeri dan Swasta,689,451,141,63,1344,1344
2022,PROV. JAWA TIMUR,35,KAB. MALANG,3507,Swasta,364,188,54,13,619,619
2022,PROV. JAWA TIMUR,35,KAB. MALANG,3507,Negeri,325,263,87,50,725,725
2022,PROV. JAWA TIMUR,35,KAB. LUMAJANG,3508,Negeri,160,166,64,19,409,409
2022,PROV. JAWA TIMUR,35,KAB. LUMAJANG,3508,Negeri dan Swasta,278,216,75,23,592,592
2022,PROV. JAWA TIMUR,35,KAB. LUMAJANG,3508,Swasta,118,50,11,4,183,183
2022,PROV. JAWA TIMUR,35,KAB. JEMBER,3509,Negeri dan Swasta,784,331,126,106,1347,1347
2022,PROV. JAWA TIMUR,35,KAB. JEMBER,3509,Swasta,316,138,53,42,549,549
2022,PROV. JAWA TIMUR,35,KAB. JEMBER,3509,Negeri,468,193,73,64,798,798
2022,PROV. JAWA TIMUR,35,KAB. BANYUWANGI,3510,Negeri,290,174,64,58,586,586
2022,PROV. JAWA TIMUR,35,KAB. BANYUWANGI,3510,Swasta,216,89,29,13,347,347
2022,PROV. JAWA TIMUR,35,KAB. BANYUWANGI,3510,Negeri dan Swasta,506,263,93,71,933,933
2022,PROV. JAWA TIMUR,35,KAB. BONDOWOSO,3511,Swasta,60,38,17,11,126,126
2022,PROV. JAWA TIMUR,35,KAB. BONDOWOSO,3511,Negeri,145,126,78,42,391,391
2022,PROV. JAWA TIMUR,35,KAB. BONDOWOSO,3511,Negeri dan Swasta,205,164,95,53,517,517
2022,PROV. JAWA TIMUR,35,KAB. SITUBONDO,3512,Negeri dan Swasta,227,177,73,16,493,493
2022,PROV. JAWA TIMUR,35,KAB. SITUBONDO,3512,Negeri,149,144,65,16,374,374
2022,PROV. JAWA TIMUR,35,KAB. SITUBONDO,3512,Swasta,78,33,8,0,119,119
2022,PROV. JAWA TIMUR,35,KAB. PROBOLINGGO,3513,Negeri,176,133,83,76,468,468
2022,PROV. JAWA TIMUR,35,KAB. PROBOLINGGO,3513,Swasta,117,70,29,19,235,235
2022,PROV. JAWA TIMUR,35,KAB. PROBOLINGGO,3513,Negeri dan Swasta,293,203,112,95,703,703
2022,PROV. JAWA TIMUR,35,KAB. PASURUAN,3514,Negeri,256,145,73,44,518,518
2022,PROV. JAWA TIMUR,35,KAB. PASURUAN,3514,Negeri dan Swasta,418,236,97,54,805,805
2022,PROV. JAWA TIMUR,35,KAB. PASURUAN,3514,Swasta,162,91,24,10,287,287
2022,PROV. JAWA TIMUR,35,KAB. SIDOARJO,3515,Negeri dan Swasta,898,247,47,20,1212,1212
2022,PROV. JAWA TIMUR,35,KAB. SIDOARJO,3515,Negeri,326,126,26,12,490,490
2022,PROV. JAWA TIMUR,35,KAB. SIDOARJO,3515,Swasta,572,121,21,8,722,722
2022,PROV. JAWA TIMUR,35,KAB. MOJOKERTO,3516,Swasta,151,69,13,12,245,245
2022,PROV. JAWA TIMUR,35,KAB. MOJOKERTO,3516,Negeri,145,75,48,57,325,325
2022,PROV. JAWA TIMUR,35,KAB. MOJOKERTO,3516,Negeri dan Swasta,296,144,61,69,570,570
2022,PROV. JAWA TIMUR,35,KAB. JOMBANG,3517,Negeri,213,149,83,51,496,496
2022,PROV. JAWA TIMUR,35,KAB. JOMBANG,3517,Swasta,172,80,23,9,284,284
2022,PROV. JAWA TIMUR,35,KAB. JOMBANG,3517,Negeri dan Swasta,385,229,106,60,780,780
2022,PROV. JAWA TIMUR,35,KAB. NGANJUK,3518,Negeri,188,95,86,96,465,465
2022,PROV. JAWA TIMUR,35,KAB. NGANJUK,3518,Negeri dan Swasta,297,144,102,98,641,641
2022,PROV. JAWA TIMUR,35,KAB. NGANJUK,3518,Swasta,109,49,16,2,176,176
2022,PROV. JAWA TIMUR,35,KAB. MADIUN,3519,Negeri dan Swasta,206,105,52,49,412,412
2022,PROV. JAWA TIMUR,35,KAB. MADIUN,3519,Negeri,163,91,48,46,348,348
2022,PROV. JAWA TIMUR,35,KAB. MADIUN,3519,Swasta,43,14,4,3,64,64
2022,PROV. JAWA TIMUR,35,KAB. MAGETAN,3520,Swasta,72,24,4,3,103,103
2022,PROV. JAWA TIMUR,35,KAB. MAGETAN,3520,Negeri,150,110,71,27,358,358
2022,PROV. JAWA TIMUR,35,KAB. MAGETAN,3520,Negeri dan Swasta,222,134,75,30,461,461
2022,PROV. JAWA TIMUR,35,KAB. NGAWI,3521,Negeri dan Swasta,301,209,107,42,659,659
2022,PROV. JAWA TIMUR,35,KAB. NGAWI,3521,Swasta,63,38,19,4,124,124
2022,PROV. JAWA TIMUR,35,KAB. NGAWI,3521,Negeri,238,171,88,38,535,535
2022,PROV. JAWA TIMUR,35,KAB. BOJONEGORO,3522,Negeri,191,131,100,90,512,512
2022,PROV. JAWA TIMUR,35,KAB. BOJONEGORO,3522,Swasta,128,39,20,9,196,196
2022,PROV. JAWA TIMUR,35,KAB. BOJONEGORO,3522,Negeri dan Swasta,319,170,120,99,708,708
2022,PROV. JAWA TIMUR,35,KAB. TUBAN,3523,Swasta,131,40,12,6,189,189
2022,PROV. JAWA TIMUR,35,KAB. TUBAN,3523,Negeri,231,127,71,67,496,496
2022,PROV. JAWA TIMUR,35,KAB. TUBAN,3523,Negeri dan Swasta,362,167,83,73,685,685
2022,PROV. JAWA TIMUR,35,KAB. LAMONGAN,3524,Negeri dan Swasta,496,310,141,72,1019,1019
2022,PROV. JAWA TIMUR,35,KAB. LAMONGAN,3524,Swasta,315,197,47,21,580,580
2022,PROV. JAWA TIMUR,35,KAB. LAMONGAN,3524,Negeri,181,113,94,51,439,439
2022,PROV. JAWA TIMUR,35,KAB. GRESIK,3525,Negeri dan Swasta,463,236,68,108,875,875
2022,PROV. JAWA TIMUR,35,KAB. GRESIK,3525,Swasta,356,138,10,19,523,523
2022,PROV. JAWA TIMUR,35,KAB. GRESIK,3525,Negeri,107,98,58,89,352,352
2022,PROV. JAWA TIMUR,35,KAB. BANGKALAN,3526,Negeri dan Swasta,260,237,154,90,741,741
2022,PROV. JAWA TIMUR,35,KAB. BANGKALAN,3526,Swasta,120,88,42,23,273,273
2022,PROV. JAWA TIMUR,35,KAB. BANGKALAN,3526,Negeri,140,149,112,67,468,468
2022,PROV. JAWA TIMUR,35,KAB. SAMPANG,3527,Negeri dan Swasta,286,242,145,75,748,748
2022,PROV. JAWA TIMUR,35,KAB. SAMPANG,3527,Negeri,163,149,101,57,470,470
2022,PROV. JAWA TIMUR,35,KAB. SAMPANG,3527,Swasta,123,93,44,18,278,278
2022,PROV. JAWA TIMUR,35,KAB. PAMEKASAN,3528,Swasta,155,102,57,31,345,345
2022,PROV. JAWA TIMUR,35,KAB. PAMEKASAN,3528,Negeri,155,118,81,67,421,421
2022,PROV. JAWA TIMUR,35,KAB. PAMEKASAN,3528,Negeri dan Swasta,310,220,138,98,766,766
2022,PROV. JAWA TIMUR,35,KAB. SUMENEP,3529,Negeri,122,146,96,68,432,432
2022,PROV. JAWA TIMUR,35,KAB. SUMENEP,3529,Swasta,104,85,48,26,263,263
2022,PROV. JAWA TIMUR,35,KAB. SUMENEP,3529,Negeri dan Swasta,226,231,144,94,695,695
2022,PROV. JAWA TIMUR,35,KOTA KEDIRI,3571,Negeri,56,34,35,5,130,130
2022,PROV. JAWA TIMUR,35,KOTA KEDIRI,3571,Swasta,115,25,10,6,156,156
2022,PROV. JAWA TIMUR,35,KOTA KEDIRI,3571,Negeri dan Swasta,171,59,45,11,286,286
2022,PROV. JAWA TIMUR,35,KOTA BLITAR,3572,Negeri dan Swasta,91,32,7,5,135,135
2022,PROV. JAWA TIMUR,35,KOTA BLITAR,3572,Negeri,43,16,6,2,67,67
2022,PROV. JAWA TIMUR,35,KOTA BLITAR,3572,Swasta,48,16,1,3,68,68
2022,PROV. JAWA TIMUR,35,KOTA MALANG,3573,Negeri,168,53,14,13,248,248
2022,PROV. JAWA TIMUR,35,KOTA MALANG,3573,Negeri dan Swasta,500,134,26,18,678,678
2022,PROV. JAWA TIMUR,35,KOTA MALANG,3573,Swasta,332,81,12,5,430,430
2022,PROV. JAWA TIMUR,35,KOTA PROBOLINGGO,3574,Negeri,76,18,8,7,109,109
2022,PROV. JAWA TIMUR,35,KOTA PROBOLINGGO,3574,Negeri dan Swasta,136,43,14,10,203,203
2022,PROV. JAWA TIMUR,35,KOTA PROBOLINGGO,3574,Swasta,60,25,6,3,94,94
2022,PROV. JAWA TIMUR,35,KOTA PASURUAN,3575,Negeri,39,16,5,5,65,65
2022,PROV. JAWA TIMUR,35,KOTA PASURUAN,3575,Swasta,64,15,1,3,83,83
2022,PROV. JAWA TIMUR,35,KOTA PASURUAN,3575,Negeri dan Swasta,103,31,6,8,148,148
2022,PROV. JAWA TIMUR,35,KOTA MOJOKERTO,3576,Negeri,42,11,5,10,68,68
2022,PROV. JAWA TIMUR,35,KOTA MOJOKERTO,3576,Swasta,60,9,1,1,71,71
2022,PROV. JAWA TIMUR,35,KOTA MOJOKERTO,3576,Negeri dan Swasta,102,20,6,11,139,139
2022,PROV. JAWA TIMUR,35,KOTA MADIUN,3577,Swasta,98,17,3,2,120,120
2022,PROV. JAWA TIMUR,35,KOTA MADIUN,3577,Negeri,63,16,4,0,83,83
2022,PROV. JAWA TIMUR,35,KOTA MADIUN,3577,Negeri dan Swasta,161,33,7,2,203,203
2022,PROV. JAWA TIMUR,35,KOTA SURABAYA,3578,Swasta,1209,199,24,11,1443,1443
2022,PROV. JAWA TIMUR,35,KOTA SURABAYA,3578,Negeri,343,55,13,16,427,427
2022,PROV. JAWA TIMUR,35,KOTA SURABAYA,3578,Negeri dan Swasta,1552,254,37,27,1870,1870
2022,PROV. JAWA TIMUR,35,KOTA BATU,3579,Negeri dan Swasta,91,30,18,6,145,145
2022,PROV. JAWA TIMUR,35,KOTA BATU,3579,Swasta,49,9,7,2,67,67
2022,PROV. JAWA TIMUR,35,KOTA BATU,3579,Negeri,42,21,11,4,78,78
2022,PROV. BANTEN,36,KAB. PANDEGLANG,3601,Swasta,82,47,30,9,168,168
2022,PROV. BANTEN,36,KAB. PANDEGLANG,3601,Negeri,250,193,169,115,727,727
2022,PROV. BANTEN,36,KAB. PANDEGLANG,3601,Negeri dan Swasta,332,240,199,124,895,895
2022,PROV. BANTEN,36,KAB. LEBAK,3602,Swasta,58,43,17,7,125,125
2022,PROV. BANTEN,36,KAB. LEBAK,3602,Negeri dan Swasta,295,198,143,145,781,781
2022,PROV. BANTEN,36,KAB. LEBAK,3602,Negeri,237,155,126,138,656,656
2022,PROV. BANTEN,36,KAB. TANGERANG,3603,Negeri dan Swasta,884,342,110,65,1401,1401
2022,PROV. BANTEN,36,KAB. TANGERANG,3603,Swasta,602,199,46,22,869,869
2022,PROV. BANTEN,36,KAB. TANGERANG,3603,Negeri,282,143,64,43,532,532
2022,PROV. BANTEN,36,KAB. SERANG,3604,Negeri dan Swasta,427,284,136,72,919,919
2022,PROV. BANTEN,36,KAB. SERANG,3604,Swasta,151,83,47,12,293,293
2022,PROV. BANTEN,36,KAB. SERANG,3604,Negeri,276,201,89,60,626,626
2022,PROV. BANTEN,36,KOTA TANGERANG,3671,Negeri,247,46,6,2,301,301
2022,PROV. BANTEN,36,KOTA TANGERANG,3671,Negeri dan Swasta,745,138,20,8,911,911
2022,PROV. BANTEN,36,KOTA TANGERANG,3671,Swasta,498,92,14,6,610,610
2022,PROV. BANTEN,36,KOTA CILEGON,3672,Negeri,95,28,9,6,138,138
2022,PROV. BANTEN,36,KOTA CILEGON,3672,Swasta,109,29,6,4,148,148
2022,PROV. BANTEN,36,KOTA CILEGON,3672,Negeri dan Swasta,204,57,15,10,286,286
2022,PROV. BANTEN,36,KOTA SERANG,3673,Negeri,125,61,44,18,248,248
2022,PROV. BANTEN,36,KOTA SERANG,3673,Negeri dan Swasta,252,106,60,19,437,437
2022,PROV. BANTEN,36,KOTA SERANG,3673,Swasta,127,45,16,1,189,189
2022,PROV. BANTEN,36,KOTA TANGERANG SELATAN,3674,Swasta,513,100,23,6,642,642
2022,PROV. BANTEN,36,KOTA TANGERANG SELATAN,3674,Negeri,116,39,16,12,183,183
2022,PROV. BANTEN,36,KOTA TANGERANG SELATAN,3674,Negeri dan Swasta,629,139,39,18,825,825
2022,PROV. BALI,51,KAB. JEMBRANA,5101,Swasta,16,3,2,0,21,21
2022,PROV. BALI,51,KAB. JEMBRANA,5101,Negeri,107,53,15,21,196,196
2022,PROV. BALI,51,KAB. JEMBRANA,5101,Negeri dan Swasta,123,56,17,21,217,217
2022,PROV. BALI,51,KAB. TABANAN,5102,Swasta,32,5,2,0,39,39
2022,PROV. BALI,51,KAB. TABANAN,5102,Negeri,136,80,34,9,259,259
2022,PROV. BALI,51,KAB. TABANAN,5102,Negeri dan Swasta,168,85,36,9,298,298
2022,PROV. BALI,51,KAB. BADUNG,5103,Negeri dan Swasta,391,63,15,24,493,493
2022,PROV. BALI,51,KAB. BADUNG,5103,Negeri,209,47,14,24,294,294
2022,PROV. BALI,51,KAB. BADUNG,5103,Swasta,182,16,1,0,199,199
2022,PROV. BALI,51,KAB. GIANYAR,5104,Negeri,156,105,36,14,311,311
2022,PROV. BALI,51,KAB. GIANYAR,5104,Negeri dan Swasta,210,121,37,14,382,382
2022,PROV. BALI,51,KAB. GIANYAR,5104,Swasta,54,16,1,0,71,71
2022,PROV. BALI,51,KAB. KLUNGKUNG,5105,Negeri dan Swasta,106,49,16,11,182,182
2022,PROV. BALI,51,KAB. KLUNGKUNG,5105,Negeri,97,48,16,11,172,172
2022,PROV. BALI,51,KAB. KLUNGKUNG,5105,Swasta,9,1,0,0,10,10
2022,PROV. BALI,51,KAB. BANGLI,5106,Swasta,5,2,1,0,8,8
2022,PROV. BALI,51,KAB. BANGLI,5106,Negeri dan Swasta,108,46,50,3,207,207
2022,PROV. BALI,51,KAB. BANGLI,5106,Negeri,103,44,49,3,199,199
2022,PROV. BALI,51,KAB. KARANGASEM,5107,Swasta,19,7,3,1,30,30
2022,PROV. BALI,51,KAB. KARANGASEM,5107,Negeri,218,117,41,3,379,379
2022,PROV. BALI,51,KAB. KARANGASEM,5107,Negeri dan Swasta,237,124,44,4,409,409
2022,PROV. BALI,51,KAB. BULELENG,5108,Negeri dan Swasta,324,161,45,9,539,539
2022,PROV. BALI,51,KAB. BULELENG,5108,Negeri,274,149,44,9,476,476
2022,PROV. BALI,51,KAB. BULELENG,5108,Swasta,50,12,1,0,63,63
2022,PROV. BALI,51,KOTA DENPASAR,5171,Negeri,141,38,11,9,199,199
2022,PROV. BALI,51,KOTA DENPASAR,5171,Swasta,251,25,2,1,279,279
2022,PROV. BALI,51,KOTA DENPASAR,5171,Negeri dan Swasta,392,63,13,10,478,478
2022,PROV. NUSA TENGGARA BARAT,52,KAB. LOMBOK BARAT,5201,Swasta,51,23,12,8,94,94
2022,PROV. NUSA TENGGARA BARAT,52,KAB. LOMBOK BARAT,5201,Negeri dan Swasta,187,127,127,60,501,501
2022,PROV. NUSA TENGGARA BARAT,52,KAB. LOMBOK BARAT,5201,Negeri,136,104,115,52,407,407
2022,PROV. NUSA TENGGARA BARAT,52,KAB. LOMBOK TENGAH,5202,Swasta,69,36,27,5,137,137
2022,PROV. NUSA TENGGARA BARAT,52,KAB. LOMBOK TENGAH,5202,Negeri,183,193,210,58,644,644
2022,PROV. NUSA TENGGARA BARAT,52,KAB. LOMBOK TENGAH,5202,Negeri dan Swasta,252,229,237,63,781,781
2022,PROV. NUSA TENGGARA BARAT,52,KAB. LOMBOK TIMUR,5203,Negeri,220,226,100,36,582,582
2022,PROV. NUSA TENGGARA BARAT,52,KAB. LOMBOK TIMUR,5203,Negeri dan Swasta,326,298,136,45,805,805
2022,PROV. NUSA TENGGARA BARAT,52,KAB. LOMBOK TIMUR,5203,Swasta,106,72,36,9,223,223
2022,PROV. NUSA TENGGARA BARAT,52,KAB. SUMBAWA,5204,Negeri,157,116,90,25,388,388
2022,PROV. NUSA TENGGARA BARAT,52,KAB. SUMBAWA,5204,Negeri dan Swasta,198,133,99,28,458,458
2022,PROV. NUSA TENGGARA BARAT,52,KAB. SUMBAWA,5204,Swasta,41,17,9,3,70,70
2022,PROV. NUSA TENGGARA BARAT,52,KAB. DOMPU,5205,Swasta,13,10,10,5,38,38
2022,PROV. NUSA TENGGARA BARAT,52,KAB. DOMPU,5205,Negeri,64,76,57,41,238,238
2022,PROV. NUSA TENGGARA BARAT,52,KAB. DOMPU,5205,Negeri dan Swasta,77,86,67,46,276,276
2022,PROV. NUSA TENGGARA BARAT,52,KAB. BIMA,5206,Negeri dan Swasta,178,141,137,46,502,502
2022,PROV. NUSA TENGGARA BARAT,52,KAB. BIMA,5206,Negeri,155,120,122,45,442,442
2022,PROV. NUSA TENGGARA BARAT,52,KAB. BIMA,5206,Swasta,23,21,15,1,60,60
2022,PROV. NUSA TENGGARA BARAT,52,KAB. SUMBAWA BARAT,5207,Negeri,64,31,30,9,134,134
2022,PROV. NUSA TENGGARA BARAT,52,KAB. SUMBAWA BARAT,5207,Swasta,14,4,0,0,18,18
2022,PROV. NUSA TENGGARA BARAT,52,KAB. SUMBAWA BARAT,5207,Negeri dan Swasta,78,35,30,9,152,152
2022,PROV. NUSA TENGGARA BARAT,52,KAB. LOMBOK UTARA,5208,Swasta,12,4,2,3,21,21
2022,PROV. NUSA TENGGARA BARAT,52,KAB. LOMBOK UTARA,5208,Negeri,67,28,12,19,126,126
2022,PROV. NUSA TENGGARA BARAT,52,KAB. LOMBOK UTARA,5208,Negeri dan Swasta,79,32,14,22,147,147
2022,PROV. NUSA TENGGARA BARAT,52,KOTA MATARAM,5271,Negeri,111,51,26,8,196,196
2022,PROV. NUSA TENGGARA BARAT,52,KOTA MATARAM,5271,Swasta,84,33,5,1,123,123
2022,PROV. NUSA TENGGARA BARAT,52,KOTA MATARAM,5271,Negeri dan Swasta,195,84,31,9,319,319
2022,PROV. NUSA TENGGARA BARAT,52,KOTA BIMA,5272,Negeri,43,18,23,12,96,96
2022,PROV. NUSA TENGGARA BARAT,52,KOTA BIMA,5272,Negeri dan Swasta,61,31,33,13,138,138
2022,PROV. NUSA TENGGARA BARAT,52,KOTA BIMA,5272,Swasta,18,13,10,1,42,42
2022,PROV. NUSA TENGGARA TIMUR,53,KAB. KUPANG,5301,Negeri,175,113,81,51,420,420
2022,PROV. NUSA TENGGARA TIMUR,53,KAB. KUPANG,5301,Swasta,68,25,25,9,127,127
2022,PROV. NUSA TENGGARA TIMUR,53,KAB. KUPANG,5301,Negeri dan Swasta,243,138,106,60,547,547
2022,PROV. NUSA TENGGARA TIMUR,53,KAB. TIMOR TENGAH SELATAN,5302,Negeri dan Swasta,230,137,84,64,515,515
2022,PROV. NUSA TENGGARA TIMUR,53,KAB. TIMOR TENGAH SELATAN,5302,Negeri,162,104,61,53,380,380
2022,PROV. NUSA TENGGARA TIMUR,53,KAB. TIMOR TENGAH SELATAN,5302,Swasta,68,33,23,11,135,135
2022,PROV. NUSA TENGGARA TIMUR,53,KAB. TIMOR TENGAH UTARA,5303,Negeri dan Swasta,175,104,72,45,396,396
2022,PROV. NUSA TENGGARA TIMUR,53,KAB. TIMOR TENGAH UTARA,5303,Swasta,58,42,28,13,141,141
2022,PROV. NUSA TENGGARA TIMUR,53,KAB. TIMOR TENGAH UTARA,5303,Negeri,117,62,44,32,255,255
2022,PROV. NUSA TENGGARA TIMUR,53,KAB. BELU,5304,Negeri,85,34,23,12,154,154
2022,PROV. NUSA TENGGARA TIMUR,53,KAB. BELU,5304,Swasta,52,17,8,9,86,86
2022,PROV. NUSA TENGGARA TIMUR,53,KAB. BELU,5304,Negeri dan Swasta,137,51,31,21,240,240
2022,PROV. NUSA TENGGARA TIMUR,53,KAB. ALOR,5305,Negeri,118,74,80,23,295,295
2022,PROV. NUSA TENGGARA TIMUR,53,KAB. ALOR,5305,Negeri dan Swasta,152,104,117,33,406,406
2022,PROV. NUSA TENGGARA TIMUR,53,KAB. ALOR,5305,Swasta,34,30,37,10,111,111
2022,PROV. NUSA TENGGARA TIMUR,53,KAB. FLORES TIMUR,5306,Swasta,59,32,45,12,148,148
2022,PROV. NUSA TENGGARA TIMUR,53,KAB. FLORES TIMUR,5306,Negeri dan Swasta,113,75,78,26,292,292
2022,PROV. NUSA TENGGARA TIMUR,53,KAB. FLORES TIMUR,5306,Negeri,54,43,33,14,144,144
2022,PROV. NUSA TENGGARA TIMUR,53,KAB. SIKKA,5307,Negeri dan Swasta,171,86,73,65,395,395
2022,PROV. NUSA TENGGARA TIMUR,53,KAB. SIKKA,5307,Negeri,86,46,29,39,200,200
2022,PROV. NUSA TENGGARA TIMUR,53,KAB. SIKKA,5307,Swasta,85,40,44,26,195,195
2022,PROV. NUSA TENGGARA TIMUR,53,KAB. ENDE,5308,Swasta,102,41,29,21,193,193
2022,PROV. NUSA TENGGARA TIMUR,53,KAB. ENDE,5308,Negeri dan Swasta,188,102,67,54,411,411
2022,PROV. NUSA TENGGARA TIMUR,53,KAB. ENDE,5308,Negeri,86,61,38,33,218,218
2022,PROV. NUSA TENGGARA TIMUR,53,KAB. NGADA,5309,Negeri,81,50,20,30,181,181
2022,PROV. NUSA TENGGARA TIMUR,53,KAB. NGADA,5309,Negeri dan Swasta,116,76,32,43,267,267
2022,PROV. NUSA TENGGARA TIMUR,53,KAB. NGADA,5309,Swasta,35,26,12,13,86,86
2022,PROV. NUSA TENGGARA TIMUR,53,KAB. MANGGARAI,5310,Swasta,71,40,13,13,137,137
2022,PROV. NUSA TENGGARA TIMUR,53,KAB. MANGGARAI,5310,Negeri dan Swasta,186,101,47,36,370,370
2022,PROV. NUSA TENGGARA TIMUR,53,KAB. MANGGARAI,5310,Negeri,115,61,34,23,233,233
2022,PROV. NUSA TENGGARA TIMUR,53,KAB. SUMBA TIMUR,5311,Swasta,31,29,9,4,73,73
2022,PROV. NUSA TENGGARA TIMUR,53,KAB. SUMBA TIMUR,5311,Negeri dan Swasta,151,98,43,24,316,316
2022,PROV. NUSA TENGGARA TIMUR,53,KAB. SUMBA TIMUR,5311,Negeri,120,69,34,20,243,243
2022,PROV. NUSA TENGGARA TIMUR,53,KAB. SUMBA BARAT,5312,Negeri dan Swasta,76,38,17,14,145,145
2022,PROV. NUSA TENGGARA TIMUR,53,KAB. SUMBA BARAT,5312,Negeri,54,29,11,11,105,105
2022,PROV. NUSA TENGGARA TIMUR,53,KAB. SUMBA BARAT,5312,Swasta,22,9,6,3,40,40
2022,PROV. NUSA TENGGARA TIMUR,53,KAB. LEMBATA,5313,Negeri dan Swasta,73,48,45,57,223,223
2022,PROV. NUSA TENGGARA TIMUR,53,KAB. LEMBATA,5313,Negeri,52,38,27,31,148,148
2022,PROV. NUSA TENGGARA TIMUR,53,KAB. LEMBATA,5313,Swasta,21,10,18,26,75,75
2022,PROV. NUSA TENGGARA TIMUR,53,KAB. ROTE NDAO,5314,Negeri dan Swasta,100,35,28,19,182,182
2022,PROV. NUSA TENGGARA TIMUR,53,KAB. ROTE NDAO,5314,Negeri,83,32,23,18,156,156
2022,PROV. NUSA TENGGARA TIMUR,53,KAB. ROTE NDAO,5314,Swasta,17,3,5,1,26,26
2022,PROV. NUSA TENGGARA TIMUR,53,KAB. MANGGARAI BARAT,5315,Negeri dan Swasta,154,98,47,34,333,333
2022,PROV. NUSA TENGGARA TIMUR,53,KAB. MANGGARAI BARAT,5315,Negeri,108,76,27,16,227,227
2022,PROV. NUSA TENGGARA TIMUR,53,KAB. MANGGARAI BARAT,5315,Swasta,46,22,20,18,106,106
2022,PROV. NUSA TENGGARA TIMUR,53,KAB. NAGEKEO,5316,Negeri,69,50,24,25,168,168
2022,PROV. NUSA TENGGARA TIMUR,53,KAB. NAGEKEO,5316,Swasta,36,27,20,17,100,100
2022,PROV. NUSA TENGGARA TIMUR,53,KAB. NAGEKEO,5316,Negeri dan Swasta,105,77,44,42,268,268
2022,PROV. NUSA TENGGARA TIMUR,53,KAB. SUMBA TENGAH,5317,Swasta,8,14,14,6,42,42
2022,PROV. NUSA TENGGARA TIMUR,53,KAB. SUMBA TENGAH,5317,Negeri dan Swasta,37,48,38,15,138,138
2022,PROV. NUSA TENGGARA TIMUR,53,KAB. SUMBA TENGAH,5317,Negeri,29,34,24,9,96,96
2022,PROV. NUSA TENGGARA TIMUR,53,KAB. SUMBA BARAT DAYA,5318,Negeri dan Swasta,135,93,79,46,353,353
2022,PROV. NUSA TENGGARA TIMUR,53,KAB. SUMBA BARAT DAYA,5318,Negeri,78,57,42,20,197,197
2022,PROV. NUSA TENGGARA TIMUR,53,KAB. SUMBA BARAT DAYA,5318,Swasta,57,36,37,26,156,156
2022,PROV. NUSA TENGGARA TIMUR,53,KAB. MANGGARAI TIMUR,5319,Swasta,41,41,26,16,124,124
2022,PROV. NUSA TENGGARA TIMUR,53,KAB. MANGGARAI TIMUR,5319,Negeri,139,108,69,37,353,353
2022,PROV. NUSA TENGGARA TIMUR,53,KAB. MANGGARAI TIMUR,5319,Negeri dan Swasta,180,149,95,53,477,477
2022,PROV. NUSA TENGGARA TIMUR,53,KAB. SABU RAIJUA,5320,Negeri dan Swasta,55,35,24,7,121,121
2022,PROV. NUSA TENGGARA TIMUR,53,KAB. SABU RAIJUA,5320,Swasta,14,11,7,3,35,35
2022,PROV. NUSA TENGGARA TIMUR,53,KAB. SABU RAIJUA,5320,Negeri,41,24,17,4,86,86
2022,PROV. NUSA TENGGARA TIMUR,53,KAB. MALAKA,5321,Negeri dan Swasta,92,68,38,15,213,213
2022,PROV. NUSA TENGGARA TIMUR,53,KAB. MALAKA,5321,Negeri,66,41,22,10,139,139
2022,PROV. NUSA TENGGARA TIMUR,53,KAB. MALAKA,5321,Swasta,26,27,16,5,74,74
2022,PROV. NUSA TENGGARA TIMUR,53,KOTA KUPANG,5371,Swasta,112,28,18,9,167,167
2022,PROV. NUSA TENGGARA TIMUR,53,KOTA KUPANG,5371,Negeri dan Swasta,162,53,39,42,296,296
2022,PROV. NUSA TENGGARA TIMUR,53,KOTA KUPANG,5371,Negeri,50,25,21,33,129,129
2022,PROV. KALIMANTAN BARAT,61,KAB. SAMBAS,6101,Negeri dan Swasta,247,147,67,71,532,532
2022,PROV. KALIMANTAN BARAT,61,KAB. SAMBAS,6101,Swasta,33,14,8,1,56,56
2022,PROV. KALIMANTAN BARAT,61,KAB. SAMBAS,6101,Negeri,214,133,59,70,476,476
2022,PROV. KALIMANTAN BARAT,61,KAB. MEMPAWAH,6102,Negeri,82,54,35,38,209,209
2022,PROV. KALIMANTAN BARAT,61,KAB. MEMPAWAH,6102,Swasta,22,14,5,1,42,42
2022,PROV. KALIMANTAN BARAT,61,KAB. MEMPAWAH,6102,Negeri dan Swasta,104,68,40,39,251,251
2022,PROV. KALIMANTAN BARAT,61,KAB. SANGGAU,6103,Negeri,181,194,115,17,507,507
2022,PROV. KALIMANTAN BARAT,61,KAB. SANGGAU,6103,Negeri dan Swasta,214,208,119,18,559,559
2022,PROV. KALIMANTAN BARAT,61,KAB. SANGGAU,6103,Swasta,33,14,4,1,52,52
2022,PROV. KALIMANTAN BARAT,61,KAB. KETAPANG,6104,Negeri,178,136,89,50,453,453
2022,PROV. KALIMANTAN BARAT,61,KAB. KETAPANG,6104,Swasta,51,21,10,6,88,88
2022,PROV. KALIMANTAN BARAT,61,KAB. KETAPANG,6104,Negeri dan Swasta,229,157,99,56,541,541
2022,PROV. KALIMANTAN BARAT,61,KAB. SINTANG,6105,Swasta,24,11,4,0,39,39
2022,PROV. KALIMANTAN BARAT,61,KAB. SINTANG,6105,Negeri dan Swasta,158,182,79,28,447,447
2022,PROV. KALIMANTAN BARAT,61,KAB. SINTANG,6105,Negeri,134,171,75,28,408,408
2022,PROV. KALIMANTAN BARAT,61,KAB. KAPUAS HULU,6106,Negeri dan Swasta,128,132,89,48,397,397
2022,PROV. KALIMANTAN BARAT,61,KAB. KAPUAS HULU,6106,Swasta,14,6,1,0,21,21
2022,PROV. KALIMANTAN BARAT,61,KAB. KAPUAS HULU,6106,Negeri,114,126,88,48,376,376
2022,PROV. KALIMANTAN BARAT,61,KAB. BENGKAYANG,6107,Swasta,14,10,3,3,30,30
2022,PROV. KALIMANTAN BARAT,61,KAB. BENGKAYANG,6107,Negeri dan Swasta,129,100,58,46,333,333
2022,PROV. KALIMANTAN BARAT,61,KAB. BENGKAYANG,6107,Negeri,115,90,55,43,303,303
2022,PROV. KALIMANTAN BARAT,61,KAB. LANDAK,6108,Negeri,115,89,106,45,355,355
2022,PROV. KALIMANTAN BARAT,61,KAB. LANDAK,6108,Negeri dan Swasta,148,98,120,50,416,416
2022,PROV. KALIMANTAN BARAT,61,KAB. LANDAK,6108,Swasta,33,9,14,5,61,61
2022,PROV. KALIMANTAN BARAT,61,KAB. SEKADAU,6109,Negeri,123,72,57,48,300,300
2022,PROV. KALIMANTAN BARAT,61,KAB. SEKADAU,6109,Negeri dan Swasta,135,76,58,49,318,318
2022,PROV. KALIMANTAN BARAT,61,KAB. SEKADAU,6109,Swasta,12,4,1,1,18,18
2022,PROV. KALIMANTAN BARAT,61,KAB. MELAWI,6110,Negeri,74,83,61,31,249,249
2022,PROV. KALIMANTAN BARAT,61,KAB. MELAWI,6110,Swasta,19,10,4,1,34,34
2022,PROV. KALIMANTAN BARAT,61,KAB. MELAWI,6110,Negeri dan Swasta,93,93,65,32,283,283
2022,PROV. KALIMANTAN BARAT,61,KAB. KAYONG UTARA,6111,Swasta,1,4,1,0,6,6
2022,PROV. KALIMANTAN BARAT,61,KAB. KAYONG UTARA,6111,Negeri,79,42,21,12,154,154
2022,PROV. KALIMANTAN BARAT,61,KAB. KAYONG UTARA,6111,Negeri dan Swasta,80,46,22,12,160,160
2022,PROV. KALIMANTAN BARAT,61,KAB. KUBU RAYA,6112,Negeri dan Swasta,286,143,85,68,582,582
2022,PROV. KALIMANTAN BARAT,61,KAB. KUBU RAYA,6112,Swasta,92,35,16,11,154,154
2022,PROV. KALIMANTAN BARAT,61,KAB. KUBU RAYA,6112,Negeri,194,108,69,57,428,428
2022,PROV. KALIMANTAN BARAT,61,KOTA PONTIANAK,6171,Negeri dan Swasta,257,60,27,29,373,373
2022,PROV. KALIMANTAN BARAT,61,KOTA PONTIANAK,6171,Swasta,154,32,14,13,213,213
2022,PROV. KALIMANTAN BARAT,61,KOTA PONTIANAK,6171,Negeri,103,28,13,16,160,160
2022,PROV. KALIMANTAN BARAT,61,KOTA SINGKAWANG,6172,Negeri,49,21,24,16,110,110
2022,PROV. KALIMANTAN BARAT,61,KOTA SINGKAWANG,6172,Negeri dan Swasta,100,34,25,21,180,180
2022,PROV. KALIMANTAN BARAT,61,KOTA SINGKAWANG,6172,Swasta,51,13,1,5,70,70
2022,PROV. KALIMANTAN TENGAH,62,KAB. KOTAWARINGIN BARAT,6201,Negeri dan Swasta,148,57,40,26,271,271
2022,PROV. KALIMANTAN TENGAH,62,KAB. KOTAWARINGIN BARAT,6201,Negeri,98,48,39,25,210,210
2022,PROV. KALIMANTAN TENGAH,62,KAB. KOTAWARINGIN BARAT,6201,Swasta,50,9,1,1,61,61
2022,PROV. KALIMANTAN TENGAH,62,KAB. KOTAWARINGIN TIMUR,6202,Negeri dan Swasta,193,95,34,27,349,349
2022,PROV. KALIMANTAN TENGAH,62,KAB. KOTAWARINGIN TIMUR,6202,Negeri,108,73,31,25,237,237
2022,PROV. KALIMANTAN TENGAH,62,KAB. KOTAWARINGIN TIMUR,6202,Swasta,85,22,3,2,112,112
2022,PROV. KALIMANTAN TENGAH,62,KAB. KAPUAS,6203,Negeri,128,105,56,52,341,341
2022,PROV. KALIMANTAN TENGAH,62,KAB. KAPUAS,6203,Negeri dan Swasta,152,113,62,54,381,381
2022,PROV. KALIMANTAN TENGAH,62,KAB. KAPUAS,6203,Swasta,24,8,6,2,40,40
2022,PROV. KALIMANTAN TENGAH,62,KAB. BARITO SELATAN,6204,Negeri,76,42,23,16,157,157
2022,PROV. KALIMANTAN TENGAH,62,KAB. BARITO SELATAN,6204,Negeri dan Swasta,88,46,24,17,175,175
2022,PROV. KALIMANTAN TENGAH,62,KAB. BARITO SELATAN,6204,Swasta,12,4,1,1,18,18
2022,PROV. KALIMANTAN TENGAH,62,KAB. BARITO UTARA,6205,Negeri dan Swasta,108,66,36,13,223,223
2022,PROV. KALIMANTAN TENGAH,62,KAB. BARITO UTARA,6205,Negeri,99,63,36,12,210,210
2022,PROV. KALIMANTAN TENGAH,62,KAB. BARITO UTARA,6205,Swasta,9,3,0,1,13,13
2022,PROV. KALIMANTAN TENGAH,62,KAB. KATINGAN,6206,Swasta,15,5,1,3,24,24
2022,PROV. KALIMANTAN TENGAH,62,KAB. KATINGAN,6206,Negeri dan Swasta,100,73,36,31,240,240
2022,PROV. KALIMANTAN TENGAH,62,KAB. KATINGAN,6206,Negeri,85,68,35,28,216,216
2022,PROV. KALIMANTAN TENGAH,62,KAB. SERUYAN,6207,Swasta,54,5,0,1,60,60
2022,PROV. KALIMANTAN TENGAH,62,KAB. SERUYAN,6207,Negeri,76,44,31,15,166,166
2022,PROV. KALIMANTAN TENGAH,62,KAB. SERUYAN,6207,Negeri dan Swasta,130,49,31,16,226,226
2022,PROV. KALIMANTAN TENGAH,62,KAB. SUKAMARA,6208,Negeri,24,26,13,8,71,71
2022,PROV. KALIMANTAN TENGAH,62,KAB. SUKAMARA,6208,Swasta,3,1,0,0,4,4
2022,PROV. KALIMANTAN TENGAH,62,KAB. SUKAMARA,6208,Negeri dan Swasta,27,27,13,8,75,75
2022,PROV. KALIMANTAN TENGAH,62,KAB. LAMANDAU,6209,Swasta,4,1,1,0,6,6
2022,PROV. KALIMANTAN TENGAH,62,KAB. LAMANDAU,6209,Negeri dan Swasta,60,68,30,22,180,180
2022,PROV. KALIMANTAN TENGAH,62,KAB. LAMANDAU,6209,Negeri,56,67,29,22,174,174
2022,PROV. KALIMANTAN TENGAH,62,KAB. GUNUNG MAS,6210,Negeri,87,64,24,16,191,191
2022,PROV. KALIMANTAN TENGAH,62,KAB. GUNUNG MAS,6210,Negeri dan Swasta,91,64,24,17,196,196
2022,PROV. KALIMANTAN TENGAH,62,KAB. GUNUNG MAS,6210,Swasta,4,0,0,1,5,5
2022,PROV. KALIMANTAN TENGAH,62,KAB. PULANG PISAU,6211,Swasta,7,5,3,2,17,17
2022,PROV. KALIMANTAN TENGAH,62,KAB. PULANG PISAU,6211,Negeri,101,52,42,19,214,214
2022,PROV. KALIMANTAN TENGAH,62,KAB. PULANG PISAU,6211,Negeri dan Swasta,108,57,45,21,231,231
2022,PROV. KALIMANTAN TENGAH,62,KAB. MURUNG RAYA,6212,Negeri dan Swasta,54,34,17,9,114,114
2022,PROV. KALIMANTAN TENGAH,62,KAB. MURUNG RAYA,6212,Negeri,48,32,17,9,106,106
2022,PROV. KALIMANTAN TENGAH,62,KAB. MURUNG RAYA,6212,Swasta,6,2,0,0,8,8
2022,PROV. KALIMANTAN TENGAH,62,KAB. BARITO TIMUR,6213,Swasta,6,1,0,0,7,7
2022,PROV. KALIMANTAN TENGAH,62,KAB. BARITO TIMUR,6213,Negeri dan Swasta,80,42,24,16,162,162
2022,PROV. KALIMANTAN TENGAH,62,KAB. BARITO TIMUR,6213,Negeri,74,41,24,16,155,155
2022,PROV. KALIMANTAN TENGAH,62,KOTA PALANGKA RAYA,6271,Negeri dan Swasta,127,49,34,15,225,225
2022,PROV. KALIMANTAN TENGAH,62,KOTA PALANGKA RAYA,6271,Negeri,59,33,27,14,133,133
2022,PROV. KALIMANTAN TENGAH,62,KOTA PALANGKA RAYA,6271,Swasta,68,16,7,1,92,92
2022,PROV. KALIMANTAN SELATAN,63,KAB. TANAH LAUT,6301,Negeri,131,60,21,4,216,216
2022,PROV. KALIMANTAN SELATAN,63,KAB. TANAH LAUT,6301,Swasta,17,6,0,2,25,25
2022,PROV. KALIMANTAN SELATAN,63,KAB. TANAH LAUT,6301,Negeri dan Swasta,148,66,21,6,241,241
2022,PROV. KALIMANTAN SELATAN,63,KAB. KOTABARU,6302,Swasta,23,10,3,2,38,38
2022,PROV. KALIMANTAN SELATAN,63,KAB. KOTABARU,6302,Negeri,115,46,22,21,204,204
2022,PROV. KALIMANTAN SELATAN,63,KAB. KOTABARU,6302,Negeri dan Swasta,138,56,25,23,242,242
2022,PROV. KALIMANTAN SELATAN,63,KAB. BANJAR,6303,Swasta,34,9,2,1,46,46
2022,PROV. KALIMANTAN SELATAN,63,KAB. BANJAR,6303,Negeri dan Swasta,181,105,85,13,384,384
2022,PROV. KALIMANTAN SELATAN,63,KAB. BANJAR,6303,Negeri,147,96,83,12,338,338
2022,PROV. KALIMANTAN SELATAN,63,KAB. BARITO KUALA,6304,Negeri dan Swasta,125,91,88,54,358,358
2022,PROV. KALIMANTAN SELATAN,63,KAB. BARITO KUALA,6304,Swasta,14,2,0,1,17,17
2022,PROV. KALIMANTAN SELATAN,63,KAB. BARITO KUALA,6304,Negeri,111,89,88,53,341,341
2022,PROV. KALIMANTAN SELATAN,63,KAB. TAPIN,6305,Negeri,77,79,31,8,195,195
2022,PROV. KALIMANTAN SELATAN,63,KAB. TAPIN,6305,Swasta,10,6,0,0,16,16
2022,PROV. KALIMANTAN SELATAN,63,KAB. TAPIN,6305,Negeri dan Swasta,87,85,31,8,211,211
2022,PROV. KALIMANTAN SELATAN,63,KAB. HULU SUNGAI SELATAN,6306,Negeri dan Swasta,135,73,35,18,261,261
2022,PROV. KALIMANTAN SELATAN,63,KAB. HULU SUNGAI SELATAN,6306,Negeri,119,71,33,18,241,241
2022,PROV. KALIMANTAN SELATAN,63,KAB. HULU SUNGAI SELATAN,6306,Swasta,16,2,2,0,20,20
2022,PROV. KALIMANTAN SELATAN,63,KAB. HULU SUNGAI TENGAH,6307,Swasta,30,7,4,0,41,41
2022,PROV. KALIMANTAN SELATAN,63,KAB. HULU SUNGAI TENGAH,6307,Negeri dan Swasta,157,78,53,17,305,305
2022,PROV. KALIMANTAN SELATAN,63,KAB. HULU SUNGAI TENGAH,6307,Negeri,127,71,49,17,264,264
2022,PROV. KALIMANTAN SELATAN,63,KAB. HULU SUNGAI UTARA,6308,Swasta,20,6,1,0,27,27
2022,PROV. KALIMANTAN SELATAN,63,KAB. HULU SUNGAI UTARA,6308,Negeri,88,63,31,24,206,206
2022,PROV. KALIMANTAN SELATAN,63,KAB. HULU SUNGAI UTARA,6308,Negeri dan Swasta,108,69,32,24,233,233
2022,PROV. KALIMANTAN SELATAN,63,KAB. TABALONG,6309,Negeri,158,43,22,8,231,231
2022,PROV. KALIMANTAN SELATAN,63,KAB. TABALONG,6309,Negeri dan Swasta,181,47,22,9,259,259
2022,PROV. KALIMANTAN SELATAN,63,KAB. TABALONG,6309,Swasta,23,4,0,1,28,28
2022,PROV. KALIMANTAN SELATAN,63,KAB. TANAH BUMBU,6310,Swasta,26,4,2,2,34,34
2022,PROV. KALIMANTAN SELATAN,63,KAB. TANAH BUMBU,6310,Negeri,98,46,21,14,179,179
2022,PROV. KALIMANTAN SELATAN,63,KAB. TANAH BUMBU,6310,Negeri dan Swasta,124,50,23,16,213,213
2022,PROV. KALIMANTAN SELATAN,63,KAB. BALANGAN,6311,Negeri dan Swasta,93,41,37,27,198,198
2022,PROV. KALIMANTAN SELATAN,63,KAB. BALANGAN,6311,Negeri,89,40,35,27,191,191
2022,PROV. KALIMANTAN SELATAN,63,KAB. BALANGAN,6311,Swasta,4,1,2,0,7,7
2022,PROV. KALIMANTAN SELATAN,63,KOTA BANJARMASIN,6371,Negeri,124,55,20,27,226,226
2022,PROV. KALIMANTAN SELATAN,63,KOTA BANJARMASIN,6371,Negeri dan Swasta,272,82,31,29,414,414
2022,PROV. KALIMANTAN SELATAN,63,KOTA BANJARMASIN,6371,Swasta,148,27,11,2,188,188
2022,PROV. KALIMANTAN SELATAN,63,KOTA BANJARBARU,6372,Negeri dan Swasta,133,42,22,5,202,202
2022,PROV. KALIMANTAN SELATAN,63,KOTA BANJARBARU,6372,Negeri,49,30,19,4,102,102
2022,PROV. KALIMANTAN SELATAN,63,KOTA BANJARBARU,6372,Swasta,84,12,3,1,100,100
2022,PROV. KALIMANTAN TIMUR,64,KAB. PASER,6401,Negeri,96,41,35,21,193,193
2022,PROV. KALIMANTAN TIMUR,64,KAB. PASER,6401,Negeri dan Swasta,115,46,35,22,218,218
2022,PROV. KALIMANTAN TIMUR,64,KAB. PASER,6401,Swasta,19,5,0,1,25,25
2022,PROV. KALIMANTAN TIMUR,64,KAB. KUTAI KARTANEGARA,6402,Negeri,228,106,54,50,438,438
2022,PROV. KALIMANTAN TIMUR,64,KAB. KUTAI KARTANEGARA,6402,Swasta,81,30,14,7,132,132
2022,PROV. KALIMANTAN TIMUR,64,KAB. KUTAI KARTANEGARA,6402,Negeri dan Swasta,309,136,68,57,570,570
2022,PROV. KALIMANTAN TIMUR,64,KAB. BERAU,6403,Negeri dan Swasta,150,51,11,9,221,221
2022,PROV. KALIMANTAN TIMUR,64,KAB. BERAU,6403,Swasta,29,11,0,0,40,40
2022,PROV. KALIMANTAN TIMUR,64,KAB. BERAU,6403,Negeri,121,40,11,9,181,181
2022,PROV. KALIMANTAN TIMUR,64,KAB. KUTAI BARAT,6407,Swasta,30,8,2,0,40,40
2022,PROV. KALIMANTAN TIMUR,64,KAB. KUTAI BARAT,6407,Negeri dan Swasta,133,89,31,15,268,268
2022,PROV. KALIMANTAN TIMUR,64,KAB. KUTAI BARAT,6407,Negeri,103,81,29,15,228,228
2022,PROV. KALIMANTAN TIMUR,64,KAB. KUTAI TIMUR,6408,Negeri dan Swasta,198,79,35,38,350,350
2022,PROV. KALIMANTAN TIMUR,64,KAB. KUTAI TIMUR,6408,Swasta,74,17,4,2,97,97
2022,PROV. KALIMANTAN TIMUR,64,KAB. KUTAI TIMUR,6408,Negeri,124,62,31,36,253,253
2022,PROV. KALIMANTAN TIMUR,64,KAB. PENAJAM PASER UTARA,6409,Negeri dan Swasta,76,32,11,4,123,123
2022,PROV. KALIMANTAN TIMUR,64,KAB. PENAJAM PASER UTARA,6409,Swasta,13,6,0,1,20,20
2022,PROV. KALIMANTAN TIMUR,64,KAB. PENAJAM PASER UTARA,6409,Negeri,63,26,11,3,103,103
2022,PROV. KALIMANTAN TIMUR,64,KAB. MAHAKAM ULU,6411,Negeri,29,21,6,3,59,59
2022,PROV. KALIMANTAN TIMUR,64,KAB. MAHAKAM ULU,6411,Swasta,2,3,1,2,8,8
2022,PROV. KALIMANTAN TIMUR,64,KAB. MAHAKAM ULU,6411,Negeri dan Swasta,31,24,7,5,67,67
2022,PROV. KALIMANTAN TIMUR,64,KOTA BALIKPAPAN,6471,Swasta,199,43,4,3,249,249
2022,PROV. KALIMANTAN TIMUR,64,KOTA BALIKPAPAN,6471,Negeri,114,30,17,15,176,176
2022,PROV. KALIMANTAN TIMUR,64,KOTA BALIKPAPAN,6471,Negeri dan Swasta,313,73,21,18,425,425
2022,PROV. KALIMANTAN TIMUR,64,KOTA SAMARINDA,6472,Swasta,166,36,10,4,216,216
2022,PROV. KALIMANTAN TIMUR,64,KOTA SAMARINDA,6472,Negeri dan Swasta,299,95,38,31,463,463
2022,PROV. KALIMANTAN TIMUR,64,KOTA SAMARINDA,6472,Negeri,133,59,28,27,247,247
2022,PROV. KALIMANTAN TIMUR,64,KOTA BONTANG,6474,Negeri dan Swasta,98,22,11,10,141,141
2022,PROV. KALIMANTAN TIMUR,64,KOTA BONTANG,6474,Swasta,69,18,6,7,100,100
2022,PROV. KALIMANTAN TIMUR,64,KOTA BONTANG,6474,Negeri,29,4,5,3,41,41
2022,PROV. KALIMANTAN UTARA,65,KAB. BULUNGAN,6501,Swasta,25,12,4,1,42,42
2022,PROV. KALIMANTAN UTARA,65,KAB. BULUNGAN,6501,Negeri dan Swasta,108,45,20,14,187,187
2022,PROV. KALIMANTAN UTARA,65,KAB. BULUNGAN,6501,Negeri,83,33,16,13,145,145
2022,PROV. KALIMANTAN UTARA,65,KAB. MALINAU,6502,Negeri,52,45,16,10,123,123
2022,PROV. KALIMANTAN UTARA,65,KAB. MALINAU,6502,Negeri dan Swasta,53,47,17,12,129,129
2022,PROV. KALIMANTAN UTARA,65,KAB. MALINAU,6502,Swasta,1,2,1,2,6,6
2022,PROV. KALIMANTAN UTARA,65,KAB. NUNUKAN,6503,Negeri,66,35,21,31,153,153
2022,PROV. KALIMANTAN UTARA,65,KAB. NUNUKAN,6503,Swasta,22,9,1,3,35,35
2022,PROV. KALIMANTAN UTARA,65,KAB. NUNUKAN,6503,Negeri dan Swasta,88,44,22,34,188,188
2022,PROV. KALIMANTAN UTARA,65,KAB. TANA TIDUNG,6504,Swasta,3,1,0,0,4,4
2022,PROV. KALIMANTAN UTARA,65,KAB. TANA TIDUNG,6504,Negeri,24,14,1,2,41,41
2022,PROV. KALIMANTAN UTARA,65,KAB. TANA TIDUNG,6504,Negeri dan Swasta,27,15,1,2,45,45
2022,PROV. KALIMANTAN UTARA,65,KOTA TARAKAN,6571,Negeri dan Swasta,89,13,11,4,117,117
2022,PROV. KALIMANTAN UTARA,65,KOTA TARAKAN,6571,Negeri,47,8,7,3,65,65
2022,PROV. KALIMANTAN UTARA,65,KOTA TARAKAN,6571,Swasta,42,5,4,1,52,52
2022,PROV. SULAWESI UTARA,71,KAB. BOLAANG MONGONDOW,7101,Negeri dan Swasta,119,92,25,19,255,255
2022,PROV. SULAWESI UTARA,71,KAB. BOLAANG MONGONDOW,7101,Negeri,98,83,21,14,216,216
2022,PROV. SULAWESI UTARA,71,KAB. BOLAANG MONGONDOW,7101,Swasta,21,9,4,5,39,39
2022,PROV. SULAWESI UTARA,71,KAB. MINAHASA,7102,Swasta,69,18,30,12,129,129
2022,PROV. SULAWESI UTARA,71,KAB. MINAHASA,7102,Negeri dan Swasta,155,62,67,37,321,321
2022,PROV. SULAWESI UTARA,71,KAB. MINAHASA,7102,Negeri,86,44,37,25,192,192
2022,PROV. SULAWESI UTARA,71,KAB. KEPULAUAN SANGIHE,7103,Swasta,47,18,19,12,96,96
2022,PROV. SULAWESI UTARA,71,KAB. KEPULAUAN SANGIHE,7103,Negeri,88,42,30,28,188,188
2022,PROV. SULAWESI UTARA,71,KAB. KEPULAUAN SANGIHE,7103,Negeri dan Swasta,135,60,49,40,284,284
2022,PROV. SULAWESI UTARA,71,KAB. KEPULAUAN TALAUD,7104,Swasta,16,10,7,19,52,52
2022,PROV. SULAWESI UTARA,71,KAB. KEPULAUAN TALAUD,7104,Negeri dan Swasta,67,33,33,48,181,181
2022,PROV. SULAWESI UTARA,71,KAB. KEPULAUAN TALAUD,7104,Negeri,51,23,26,29,129,129
2022,PROV. SULAWESI UTARA,71,KAB. MINAHASA SELATAN,7105,Negeri dan Swasta,111,63,29,31,234,234
2022,PROV. SULAWESI UTARA,71,KAB. MINAHASA SELATAN,7105,Swasta,41,22,9,14,86,86
2022,PROV. SULAWESI UTARA,71,KAB. MINAHASA SELATAN,7105,Negeri,70,41,20,17,148,148
2022,PROV. SULAWESI UTARA,71,KAB. MINAHASA UTARA,7106,Swasta,40,30,24,19,113,113
2022,PROV. SULAWESI UTARA,71,KAB. MINAHASA UTARA,7106,Negeri,48,33,46,21,148,148
2022,PROV. SULAWESI UTARA,71,KAB. MINAHASA UTARA,7106,Negeri dan Swasta,88,63,70,40,261,261
2022,PROV. SULAWESI UTARA,71,KAB. MINAHASA TENGGARA,7107,Swasta,23,18,5,7,53,53
2022,PROV. SULAWESI UTARA,71,KAB. MINAHASA TENGGARA,7107,Negeri dan Swasta,59,46,22,23,150,150
2022,PROV. SULAWESI UTARA,71,KAB. MINAHASA TENGGARA,7107,Negeri,36,28,17,16,97,97
2022,PROV. SULAWESI UTARA,71,KAB. BOLAANG MONGONDOW UTARA,7108,Swasta,2,1,0,0,3,3
2022,PROV. SULAWESI UTARA,71,KAB. BOLAANG MONGONDOW UTARA,7108,Negeri dan Swasta,57,33,14,13,117,117
2022,PROV. SULAWESI UTARA,71,KAB. BOLAANG MONGONDOW UTARA,7108,Negeri,55,32,14,13,114,114
2022,PROV. SULAWESI UTARA,71,KAB. KEP. SIAU TAGULANDANG BIARO,7109,Swasta,18,8,20,8,54,54
2022,PROV. SULAWESI UTARA,71,KAB. KEP. SIAU TAGULANDANG BIARO,7109,Negeri,24,20,19,17,80,80
2022,PROV. SULAWESI UTARA,71,KAB. KEP. SIAU TAGULANDANG BIARO,7109,Negeri dan Swasta,42,28,39,25,134,134
2022,PROV. SULAWESI UTARA,71,KAB. BOLAANG MONGONDOW TIMUR,7110,Negeri dan Swasta,57,14,18,5,94,94
2022,PROV. SULAWESI UTARA,71,KAB. BOLAANG MONGONDOW TIMUR,7110,Negeri,51,13,17,5,86,86
2022,PROV. SULAWESI UTARA,71,KAB. BOLAANG MONGONDOW TIMUR,7110,Swasta,6,1,1,0,8,8
2022,PROV. SULAWESI UTARA,71,KAB. BOLAANG MONGONDOW SELATAN,7111,Swasta,9,2,0,0,11,11
2022,PROV. SULAWESI UTARA,71,KAB. BOLAANG MONGONDOW SELATAN,7111,Negeri dan Swasta,55,27,10,9,101,101
2022,PROV. SULAWESI UTARA,71,KAB. BOLAANG MONGONDOW SELATAN,7111,Negeri,46,25,10,9,90,90
2022,PROV. SULAWESI UTARA,71,KOTA MANADO,7171,Swasta,145,67,37,16,265,265
2022,PROV. SULAWESI UTARA,71,KOTA MANADO,7171,Negeri,53,25,18,14,110,110
2022,PROV. SULAWESI UTARA,71,KOTA MANADO,7171,Negeri dan Swasta,198,92,55,30,375,375
2022,PROV. SULAWESI UTARA,71,KOTA BITUNG,7172,Negeri,24,15,13,5,57,57
2022,PROV. SULAWESI UTARA,71,KOTA BITUNG,7172,Swasta,43,15,16,8,82,82
2022,PROV. SULAWESI UTARA,71,KOTA BITUNG,7172,Negeri dan Swasta,67,30,29,13,139,139
2022,PROV. SULAWESI UTARA,71,KOTA TOMOHON,7173,Swasta,37,21,11,16,85,85
2022,PROV. SULAWESI UTARA,71,KOTA TOMOHON,7173,Negeri,8,9,7,6,30,30
2022,PROV. SULAWESI UTARA,71,KOTA TOMOHON,7173,Negeri dan Swasta,45,30,18,22,115,115
2022,PROV. SULAWESI UTARA,71,KOTA KOTAMOBAGU,7174,Negeri dan Swasta,61,22,12,10,105,105
2022,PROV. SULAWESI UTARA,71,KOTA KOTAMOBAGU,7174,Negeri,41,19,10,8,78,78
2022,PROV. SULAWESI UTARA,71,KOTA KOTAMOBAGU,7174,Swasta,20,3,2,2,27,27
2022,PROV. SULAWESI TENGAH,72,KAB. BANGGAI,7201,Negeri dan Swasta,192,141,99,62,494,494
2022,PROV. SULAWESI TENGAH,72,KAB. BANGGAI,7201,Negeri,158,122,98,54,432,432
2022,PROV. SULAWESI TENGAH,72,KAB. BANGGAI,7201,Swasta,34,19,1,8,62,62
2022,PROV. SULAWESI TENGAH,72,KAB. POSO,7202,Negeri dan Swasta,144,56,42,32,274,274
2022,PROV. SULAWESI TENGAH,72,KAB. POSO,7202,Swasta,17,9,7,4,37,37
2022,PROV. SULAWESI TENGAH,72,KAB. POSO,7202,Negeri,127,47,35,28,237,237
2022,PROV. SULAWESI TENGAH,72,KAB. DONGGALA,7203,Swasta,19,8,5,3,35,35
2022,PROV. SULAWESI TENGAH,72,KAB. DONGGALA,7203,Negeri dan Swasta,230,123,88,43,484,484
2022,PROV. SULAWESI TENGAH,72,KAB. DONGGALA,7203,Negeri,211,115,83,40,449,449
2022,PROV. SULAWESI TENGAH,72,KAB. TOLITOLI,7204,Swasta,12,10,2,1,25,25
2022,PROV. SULAWESI TENGAH,72,KAB. TOLITOLI,7204,Negeri dan Swasta,139,57,37,21,254,254
2022,PROV. SULAWESI TENGAH,72,KAB. TOLITOLI,7204,Negeri,127,47,35,20,229,229
2022,PROV. SULAWESI TENGAH,72,KAB. BUOL,7205,Swasta,3,3,0,1,7,7
2022,PROV. SULAWESI TENGAH,72,KAB. BUOL,7205,Negeri,66,49,36,36,187,187
2022,PROV. SULAWESI TENGAH,72,KAB. BUOL,7205,Negeri dan Swasta,69,52,36,37,194,194
2022,PROV. SULAWESI TENGAH,72,KAB. MOROWALI,7206,Negeri dan Swasta,77,48,38,21,184,184
2022,PROV. SULAWESI TENGAH,72,KAB. MOROWALI,7206,Negeri,74,43,37,21,175,175
2022,PROV. SULAWESI TENGAH,72,KAB. MOROWALI,7206,Swasta,3,5,1,0,9,9
2022,PROV. SULAWESI TENGAH,72,KAB. BANGGAI KEPULAUAN,7207,Negeri dan Swasta,68,37,50,49,204,204
2022,PROV. SULAWESI TENGAH,72,KAB. BANGGAI KEPULAUAN,7207,Swasta,2,3,5,1,11,11
2022,PROV. SULAWESI TENGAH,72,KAB. BANGGAI KEPULAUAN,7207,Negeri,66,34,45,48,193,193
2022,PROV. SULAWESI TENGAH,72,KAB. PARIGI MOUTONG,7208,Negeri dan Swasta,181,87,67,39,374,374
2022,PROV. SULAWESI TENGAH,72,KAB. PARIGI MOUTONG,7208,Negeri,160,81,61,37,339,339
2022,PROV. SULAWESI TENGAH,72,KAB. PARIGI MOUTONG,7208,Swasta,21,6,6,2,35,35
2022,PROV. SULAWESI TENGAH,72,KAB. TOJO UNA UNA,7209,Swasta,8,0,0,0,8,8
2022,PROV. SULAWESI TENGAH,72,KAB. TOJO UNA UNA,7209,Negeri dan Swasta,123,57,65,8,253,253
2022,PROV. SULAWESI TENGAH,72,KAB. TOJO UNA UNA,7209,Negeri,115,57,65,8,245,245
2022,PROV. SULAWESI TENGAH,72,KAB. SIGI,7210,Negeri dan Swasta,161,57,33,23,274,274
2022,PROV. SULAWESI TENGAH,72,KAB. SIGI,7210,Negeri,137,52,31,20,240,240
2022,PROV. SULAWESI TENGAH,72,KAB. SIGI,7210,Swasta,24,5,2,3,34,34
2022,PROV. SULAWESI TENGAH,72,KAB. BANGGAI LAUT,7211,Negeri dan Swasta,29,18,19,32,98,98
2022,PROV. SULAWESI TENGAH,72,KAB. BANGGAI LAUT,7211,Negeri,27,17,19,30,93,93
2022,PROV. SULAWESI TENGAH,72,KAB. BANGGAI LAUT,7211,Swasta,2,1,0,2,5,5
2022,PROV. SULAWESI TENGAH,72,KAB. MOROWALI UTARA,7212,Negeri,66,38,17,22,143,143
2022,PROV. SULAWESI TENGAH,72,KAB. MOROWALI UTARA,7212,Swasta,5,5,2,2,14,14
2022,PROV. SULAWESI TENGAH,72,KAB. MOROWALI UTARA,7212,Negeri dan Swasta,71,43,19,24,157,157
2022,PROV. SULAWESI TENGAH,72,KOTA PALU,7271,Negeri dan Swasta,188,41,28,26,283,283
2022,PROV. SULAWESI TENGAH,72,KOTA PALU,7271,Swasta,86,10,6,2,104,104
2022,PROV. SULAWESI TENGAH,72,KOTA PALU,7271,Negeri,102,31,22,24,179,179
2022,PROV. SULAWESI SELATAN,73,KAB. KEPULAUAN SELAYAR,7301,Negeri,97,60,25,22,204,204
2022,PROV. SULAWESI SELATAN,73,KAB. KEPULAUAN SELAYAR,7301,Swasta,8,5,0,0,13,13
2022,PROV. SULAWESI SELATAN,73,KAB. KEPULAUAN SELAYAR,7301,Negeri dan Swasta,105,65,25,22,217,217
2022,PROV. SULAWESI SELATAN,73,KAB. BULUKUMBA,7302,Negeri,119,139,127,26,411,411
2022,PROV. SULAWESI SELATAN,73,KAB. BULUKUMBA,7302,Swasta,10,13,10,0,33,33
2022,PROV. SULAWESI SELATAN,73,KAB. BULUKUMBA,7302,Negeri dan Swasta,129,152,137,26,444,444
2022,PROV. SULAWESI SELATAN,73,KAB. BANTAENG,7303,Negeri dan Swasta,82,49,39,28,198,198
2022,PROV. SULAWESI SELATAN,73,KAB. BANTAENG,7303,Swasta,7,7,6,5,25,25
2022,PROV. SULAWESI SELATAN,73,KAB. BANTAENG,7303,Negeri,75,42,33,23,173,173
2022,PROV. SULAWESI SELATAN,73,KAB. JENEPONTO,7304,Negeri dan Swasta,135,92,115,14,356,356
2022,PROV. SULAWESI SELATAN,73,KAB. JENEPONTO,7304,Swasta,9,10,11,2,32,32
2022,PROV. SULAWESI SELATAN,73,KAB. JENEPONTO,7304,Negeri,126,82,104,12,324,324
2022,PROV. SULAWESI SELATAN,73,KAB. TAKALAR,7305,Negeri,86,49,60,56,251,251
2022,PROV. SULAWESI SELATAN,73,KAB. TAKALAR,7305,Negeri dan Swasta,113,54,63,57,287,287
2022,PROV. SULAWESI SELATAN,73,KAB. TAKALAR,7305,Swasta,27,5,3,1,36,36
2022,PROV. SULAWESI SELATAN,73,KAB. GOWA,7306,Negeri,147,118,101,35,401,401
2022,PROV. SULAWESI SELATAN,73,KAB. GOWA,7306,Negeri dan Swasta,219,145,113,42,519,519
2022,PROV. SULAWESI SELATAN,73,KAB. GOWA,7306,Swasta,72,27,12,7,118,118
2022,PROV. SULAWESI SELATAN,73,KAB. SINJAI,7307,Swasta,8,6,2,1,17,17
2022,PROV. SULAWESI SELATAN,73,KAB. SINJAI,7307,Negeri dan Swasta,100,101,77,21,299,299
2022,PROV. SULAWESI SELATAN,73,KAB. SINJAI,7307,Negeri,92,95,75,20,282,282
2022,PROV. SULAWESI SELATAN,73,KAB. BONE,7308,Negeri,327,126,64,102,619,619
2022,PROV. SULAWESI SELATAN,73,KAB. BONE,7308,Negeri dan Swasta,372,137,70,106,685,685
2022,PROV. SULAWESI SELATAN,73,KAB. BONE,7308,Swasta,45,11,6,4,66,66
2022,PROV. SULAWESI SELATAN,73,KAB. MAROS,7309,Swasta,38,20,13,4,75,75
2022,PROV. SULAWESI SELATAN,73,KAB. MAROS,7309,Negeri dan Swasta,142,103,97,18,360,360
2022,PROV. SULAWESI SELATAN,73,KAB. MAROS,7309,Negeri,104,83,84,14,285,285
2022,PROV. SULAWESI SELATAN,73,KAB. PANGKAJENE DAN KEPULAUAN,7310,Negeri,134,103,71,39,347,347
2022,PROV. SULAWESI SELATAN,73,KAB. PANGKAJENE DAN KEPULAUAN,7310,Swasta,24,8,5,1,38,38
2022,PROV. SULAWESI SELATAN,73,KAB. PANGKAJENE DAN KEPULAUAN,7310,Negeri dan Swasta,158,111,76,40,385,385
2022,PROV. SULAWESI SELATAN,73,KAB. BARRU,7311,Negeri,118,70,35,22,245,245
2022,PROV. SULAWESI SELATAN,73,KAB. BARRU,7311,Negeri dan Swasta,125,79,35,22,261,261
2022,PROV. SULAWESI SELATAN,73,KAB. BARRU,7311,Swasta,7,9,0,0,16,16
2022,PROV. SULAWESI SELATAN,73,KAB. SOPPENG,7312,Negeri,123,56,62,54,295,295
2022,PROV. SULAWESI SELATAN,73,KAB. SOPPENG,7312,Swasta,26,12,2,6,46,46
2022,PROV. SULAWESI SELATAN,73,KAB. SOPPENG,7312,Negeri dan Swasta,149,68,64,60,341,341
2022,PROV. SULAWESI SELATAN,73,KAB. WAJO,7313,Negeri dan Swasta,175,133,86,85,479,479
2022,PROV. SULAWESI SELATAN,73,KAB. WAJO,7313,Negeri,141,129,82,84,436,436
2022,PROV. SULAWESI SELATAN,73,KAB. WAJO,7313,Swasta,34,4,4,1,43,43
2022,PROV. SULAWESI SELATAN,73,KAB. SIDENRENG RAPPANG,7314,Negeri,118,92,74,15,299,299
2022,PROV. SULAWESI SELATAN,73,KAB. SIDENRENG RAPPANG,7314,Negeri dan Swasta,129,109,75,15,328,328
2022,PROV. SULAWESI SELATAN,73,KAB. SIDENRENG RAPPANG,7314,Swasta,11,17,1,0,29,29
2022,PROV. SULAWESI SELATAN,73,KAB. PINRANG,7315,Negeri dan Swasta,173,108,74,16,371,371
2022,PROV. SULAWESI SELATAN,73,KAB. PINRANG,7315,Negeri,147,103,72,16,338,338
2022,PROV. SULAWESI SELATAN,73,KAB. PINRANG,7315,Swasta,26,5,2,0,33,33
2022,PROV. SULAWESI SELATAN,73,KAB. ENREKANG,7316,Swasta,16,7,5,0,28,28
2022,PROV. SULAWESI SELATAN,73,KAB. ENREKANG,7316,Negeri,65,75,87,20,247,247
2022,PROV. SULAWESI SELATAN,73,KAB. ENREKANG,7316,Negeri dan Swasta,81,82,92,20,275,275
2022,PROV. SULAWESI SELATAN,73,KAB. LUWU,7317,Swasta,20,3,5,5,33,33
2022,PROV. SULAWESI SELATAN,73,KAB. LUWU,7317,Negeri,119,77,90,29,315,315
2022,PROV. SULAWESI SELATAN,73,KAB. LUWU,7317,Negeri dan Swasta,139,80,95,34,348,348
2022,PROV. SULAWESI SELATAN,73,KAB. TANA TORAJA,7318,Negeri,97,85,33,28,243,243
2022,PROV. SULAWESI SELATAN,73,KAB. TANA TORAJA,7318,Swasta,28,15,5,2,50,50
2022,PROV. SULAWESI SELATAN,73,KAB. TANA TORAJA,7318,Negeri dan Swasta,125,100,38,30,293,293
2022,PROV. SULAWESI SELATAN,73,KAB. LUWU UTARA,7322,Negeri,113,96,64,33,306,306
2022,PROV. SULAWESI SELATAN,73,KAB. LUWU UTARA,7322,Negeri dan Swasta,121,97,65,33,316,316
2022,PROV. SULAWESI SELATAN,73,KAB. LUWU UTARA,7322,Swasta,8,1,1,0,10,10
2022,PROV. SULAWESI SELATAN,73,KAB. LUWU TIMUR,7324,Swasta,14,12,4,3,33,33
2022,PROV. SULAWESI SELATAN,73,KAB. LUWU TIMUR,7324,Negeri dan Swasta,120,75,36,20,251,251
2022,PROV. SULAWESI SELATAN,73,KAB. LUWU TIMUR,7324,Negeri,106,63,32,17,218,218
2022,PROV. SULAWESI SELATAN,73,KAB. TORAJA UTARA,7326,Negeri,102,74,44,20,240,240
2022,PROV. SULAWESI SELATAN,73,KAB. TORAJA UTARA,7326,Swasta,23,14,3,2,42,42
2022,PROV. SULAWESI SELATAN,73,KAB. TORAJA UTARA,7326,Negeri dan Swasta,125,88,47,22,282,282
2022,PROV. SULAWESI SELATAN,73,KOTA MAKASSAR,7371,Negeri dan Swasta,573,233,101,71,978,978
2022,PROV. SULAWESI SELATAN,73,KOTA MAKASSAR,7371,Negeri,177,102,54,46,379,379
2022,PROV. SULAWESI SELATAN,73,KOTA MAKASSAR,7371,Swasta,396,131,47,25,599,599
2022,PROV. SULAWESI SELATAN,73,KOTA PAREPARE,7372,Negeri dan Swasta,84,40,19,15,158,158
2022,PROV. SULAWESI SELATAN,73,KOTA PAREPARE,7372,Negeri,50,28,13,12,103,103
2022,PROV. SULAWESI SELATAN,73,KOTA PAREPARE,7372,Swasta,34,12,6,3,55,55
2022,PROV. SULAWESI SELATAN,73,KOTA PALOPO,7373,Swasta,41,11,6,1,59,59
2022,PROV. SULAWESI SELATAN,73,KOTA PALOPO,7373,Negeri dan Swasta,94,29,19,11,153,153
2022,PROV. SULAWESI SELATAN,73,KOTA PALOPO,7373,Negeri,53,18,13,10,94,94
2022,PROV. SULAWESI TENGGARA,74,KAB. KOLAKA,7401,Negeri dan Swasta,153,31,22,13,219,219
2022,PROV. SULAWESI TENGGARA,74,KAB. KOLAKA,7401,Swasta,16,4,2,0,22,22
2022,PROV. SULAWESI TENGGARA,74,KAB. KOLAKA,7401,Negeri,137,27,20,13,197,197
2022,PROV. SULAWESI TENGGARA,74,KAB. KONAWE,7402,Negeri dan Swasta,148,74,66,51,339,339
2022,PROV. SULAWESI TENGGARA,74,KAB. KONAWE,7402,Negeri,137,72,66,51,326,326
2022,PROV. SULAWESI TENGGARA,74,KAB. KONAWE,7402,Swasta,11,2,0,0,13,13
2022,PROV. SULAWESI TENGGARA,74,KAB. MUNA,7403,Negeri dan Swasta,116,41,53,92,302,302
2022,PROV. SULAWESI TENGGARA,74,KAB. MUNA,7403,Swasta,21,6,12,5,44,44
2022,PROV. SULAWESI TENGGARA,74,KAB. MUNA,7403,Negeri,95,35,41,87,258,258
2022,PROV. SULAWESI TENGGARA,74,KAB. BUTON,7404,Swasta,1,1,0,4,6,6
2022,PROV. SULAWESI TENGGARA,74,KAB. BUTON,7404,Negeri dan Swasta,88,64,27,28,207,207
2022,PROV. SULAWESI TENGGARA,74,KAB. BUTON,7404,Negeri,87,63,27,24,201,201
2022,PROV. SULAWESI TENGGARA,74,KAB. KONAWE SELATAN,7405,Swasta,9,2,0,0,11,11
2022,PROV. SULAWESI TENGGARA,74,KAB. KONAWE SELATAN,7405,Negeri,153,114,107,29,403,403
2022,PROV. SULAWESI TENGGARA,74,KAB. KONAWE SELATAN,7405,Negeri dan Swasta,162,116,107,29,414,414
2022,PROV. SULAWESI TENGGARA,74,KAB. BOMBANA,7406,Swasta,13,4,2,1,20,20
2022,PROV. SULAWESI TENGGARA,74,KAB. BOMBANA,7406,Negeri,109,32,27,23,191,191
2022,PROV. SULAWESI TENGGARA,74,KAB. BOMBANA,7406,Negeri dan Swasta,122,36,29,24,211,211
2022,PROV. SULAWESI TENGGARA,74,KAB. WAKATOBI,7407,Negeri dan Swasta,65,45,46,29,185,185
2022,PROV. SULAWESI TENGGARA,74,KAB. WAKATOBI,7407,Swasta,4,3,2,2,11,11
2022,PROV. SULAWESI TENGGARA,74,KAB. WAKATOBI,7407,Negeri,61,42,44,27,174,174
2022,PROV. SULAWESI TENGGARA,74,KAB. KOLAKA UTARA,7408,Swasta,2,2,1,0,5,5
2022,PROV. SULAWESI TENGGARA,74,KAB. KOLAKA UTARA,7408,Negeri,59,34,24,26,143,143
2022,PROV. SULAWESI TENGGARA,74,KAB. KOLAKA UTARA,7408,Negeri dan Swasta,61,36,25,26,148,148
2022,PROV. SULAWESI TENGGARA,74,KAB. KONAWE UTARA,7409,Negeri,64,49,31,15,159,159
2022,PROV. SULAWESI TENGGARA,74,KAB. KONAWE UTARA,7409,Swasta,0,1,0,0,1,1
2022,PROV. SULAWESI TENGGARA,74,KAB. KONAWE UTARA,7409,Negeri dan Swasta,64,50,31,15,160,160
2022,PROV. SULAWESI TENGGARA,74,KAB. BUTON UTARA,7410,Negeri dan Swasta,58,17,23,32,130,130
2022,PROV. SULAWESI TENGGARA,74,KAB. BUTON UTARA,7410,Swasta,0,0,0,0,0,0
2022,PROV. SULAWESI TENGGARA,74,KAB. BUTON UTARA,7410,Negeri,58,17,23,32,130,130
2022,PROV. SULAWESI TENGGARA,74,KAB. KOLAKA TIMUR,7411,Negeri,71,38,18,24,151,151
2022,PROV. SULAWESI TENGGARA,74,KAB. KOLAKA TIMUR,7411,Swasta,5,0,0,0,5,5
2022,PROV. SULAWESI TENGGARA,74,KAB. KOLAKA TIMUR,7411,Negeri dan Swasta,76,38,18,24,156,156
2022,PROV. SULAWESI TENGGARA,74,KAB. KONAWE KEPULAUAN,7412,Negeri dan Swasta,29,18,25,7,79,79
2022,PROV. SULAWESI TENGGARA,74,KAB. KONAWE KEPULAUAN,7412,Swasta,0,0,1,1,2,2
2022,PROV. SULAWESI TENGGARA,74,KAB. KONAWE KEPULAUAN,7412,Negeri,29,18,24,6,77,77
2022,PROV. SULAWESI TENGGARA,74,KAB. MUNA BARAT,7413,Negeri,67,22,21,18,128,128
2022,PROV. SULAWESI TENGGARA,74,KAB. MUNA BARAT,7413,Negeri dan Swasta,72,24,22,20,138,138
2022,PROV. SULAWESI TENGGARA,74,KAB. MUNA BARAT,7413,Swasta,5,2,1,2,10,10
2022,PROV. SULAWESI TENGGARA,74,KAB. BUTON TENGAH,7414,Swasta,3,0,0,0,3,3
2022,PROV. SULAWESI TENGGARA,74,KAB. BUTON TENGAH,7414,Negeri,48,35,46,4,133,133
2022,PROV. SULAWESI TENGGARA,74,KAB. BUTON TENGAH,7414,Negeri dan Swasta,51,35,46,4,136,136
2022,PROV. SULAWESI TENGGARA,74,KAB. BUTON SELATAN,7415,Swasta,0,1,0,0,1,1
2022,PROV. SULAWESI TENGGARA,74,KAB. BUTON SELATAN,7415,Negeri dan Swasta,47,22,20,18,107,107
2022,PROV. SULAWESI TENGGARA,74,KAB. BUTON SELATAN,7415,Negeri,47,21,20,18,106,106
2022,PROV. SULAWESI TENGGARA,74,KOTA KENDARI,7471,Swasta,57,20,15,5,97,97
2022,PROV. SULAWESI TENGGARA,74,KOTA KENDARI,7471,Negeri,84,22,51,10,167,167
2022,PROV. SULAWESI TENGGARA,74,KOTA KENDARI,7471,Negeri dan Swasta,141,42,66,15,264,264
2022,PROV. SULAWESI TENGGARA,74,KOTA BAU BAU,7472,Swasta,13,9,2,1,25,25
2022,PROV. SULAWESI TENGGARA,74,KOTA BAU BAU,7472,Negeri dan Swasta,60,30,20,13,123,123
2022,PROV. SULAWESI TENGGARA,74,KOTA BAU BAU,7472,Negeri,47,21,18,12,98,98
2022,PROV. GORONTALO,75,KAB. GORONTALO,7501,Swasta,29,9,3,2,43,43
2022,PROV. GORONTALO,75,KAB. GORONTALO,7501,Negeri dan Swasta,188,85,71,33,377,377
2022,PROV. GORONTALO,75,KAB. GORONTALO,7501,Negeri,159,76,68,31,334,334
2022,PROV. GORONTALO,75,KAB. BOALEMO,7502,Negeri dan Swasta,145,56,38,22,261,261
2022,PROV. GORONTALO,75,KAB. BOALEMO,7502,Negeri,141,56,38,22,257,257
2022,PROV. GORONTALO,75,KAB. BOALEMO,7502,Swasta,4,0,0,0,4,4
2022,PROV. GORONTALO,75,KAB. BONE BOLANGO,7503,Negeri dan Swasta,97,23,63,12,195,195
2022,PROV. GORONTALO,75,KAB. BONE BOLANGO,7503,Negeri,92,23,63,12,190,190
2022,PROV. GORONTALO,75,KAB. BONE BOLANGO,7503,Swasta,5,0,0,0,5,5
2022,PROV. GORONTALO,75,KAB. POHUWATO,7504,Negeri dan Swasta,90,59,32,16,197,197
2022,PROV. GORONTALO,75,KAB. POHUWATO,7504,Negeri,80,56,32,16,184,184
2022,PROV. GORONTALO,75,KAB. POHUWATO,7504,Swasta,10,3,0,0,13,13
2022,PROV. GORONTALO,75,KAB. GORONTALO UTARA,7505,Negeri,99,32,29,28,188,188
2022,PROV. GORONTALO,75,KAB. GORONTALO UTARA,7505,Swasta,4,0,1,0,5,5
2022,PROV. GORONTALO,75,KAB. GORONTALO UTARA,7505,Negeri dan Swasta,103,32,30,28,193,193
2022,PROV. GORONTALO,75,KOTA GORONTALO,7571,Negeri,80,26,21,5,132,132
2022,PROV. GORONTALO,75,KOTA GORONTALO,7571,Swasta,28,4,6,0,38,38
2022,PROV. GORONTALO,75,KOTA GORONTALO,7571,Negeri dan Swasta,108,30,27,5,170,170
2022,PROV. SULAWESI BARAT,76,KAB. PASANGKAYU,7601,Negeri,111,23,36,10,180,180
2022,PROV. SULAWESI BARAT,76,KAB. PASANGKAYU,7601,Negeri dan Swasta,121,24,40,10,195,195
2022,PROV. SULAWESI BARAT,76,KAB. PASANGKAYU,7601,Swasta,10,1,4,0,15,15
2022,PROV. SULAWESI BARAT,76,KAB. MAMUJU,7602,Negeri dan Swasta,87,46,77,62,272,272
2022,PROV. SULAWESI BARAT,76,KAB. MAMUJU,7602,Swasta,17,2,5,2,26,26
2022,PROV. SULAWESI BARAT,76,KAB. MAMUJU,7602,Negeri,70,44,72,60,246,246
2022,PROV. SULAWESI BARAT,76,KAB. MAMASA,7603,Negeri dan Swasta,54,62,71,79,266,266
2022,PROV. SULAWESI BARAT,76,KAB. MAMASA,7603,Swasta,9,9,7,6,31,31
2022,PROV. SULAWESI BARAT,76,KAB. MAMASA,7603,Negeri,45,53,64,73,235,235
2022,PROV. SULAWESI BARAT,76,KAB. POLEWALI MANDAR,7604,Swasta,15,2,3,3,23,23
2022,PROV. SULAWESI BARAT,76,KAB. POLEWALI MANDAR,7604,Negeri,132,115,65,46,358,358
2022,PROV. SULAWESI BARAT,76,KAB. POLEWALI MANDAR,7604,Negeri dan Swasta,147,117,68,49,381,381
2022,PROV. SULAWESI BARAT,76,KAB. MAJENE,7605,Negeri dan Swasta,89,40,49,57,235,235
2022,PROV. SULAWESI BARAT,76,KAB. MAJENE,7605,Negeri,85,38,47,55,225,225
2022,PROV. SULAWESI BARAT,76,KAB. MAJENE,7605,Swasta,4,2,2,2,10,10
2022,PROV. SULAWESI BARAT,76,KAB. MAMUJU TENGAH,7606,Negeri dan Swasta,55,38,40,21,154,154
2022,PROV. SULAWESI BARAT,76,KAB. MAMUJU TENGAH,7606,Negeri,53,38,36,20,147,147
2022,PROV. SULAWESI BARAT,76,KAB. MAMUJU TENGAH,7606,Swasta,2,0,4,1,7,7
2022,PROV. MALUKU,81,KAB. MALUKU TENGAH,8101,Negeri dan Swasta,239,93,72,52,456,456
2022,PROV. MALUKU,81,KAB. MALUKU TENGAH,8101,Swasta,35,13,3,6,57,57
2022,PROV. MALUKU,81,KAB. MALUKU TENGAH,8101,Negeri,204,80,69,46,399,399
2022,PROV. MALUKU,81,KAB. MALUKU TENGGARA,8102,Negeri dan Swasta,100,46,60,6,212,212
2022,PROV. MALUKU,81,KAB. MALUKU TENGGARA,8102,Negeri,48,17,32,2,99,99
2022,PROV. MALUKU,81,KAB. MALUKU TENGGARA,8102,Swasta,52,29,28,4,113,113
2022,PROV. MALUKU,81,KAB. KEPULAUAN TANIMBAR,8103,Negeri,44,21,14,19,98,98
2022,PROV. MALUKU,81,KAB. KEPULAUAN TANIMBAR,8103,Swasta,18,17,18,13,66,66
2022,PROV. MALUKU,81,KAB. KEPULAUAN TANIMBAR,8103,Negeri dan Swasta,62,38,32,32,164,164
2022,PROV. MALUKU,81,KAB. BURU,8104,Swasta,13,8,9,12,42,42
2022,PROV. MALUKU,81,KAB. BURU,8104,Negeri dan Swasta,70,37,35,62,204,204
2022,PROV. MALUKU,81,KAB. BURU,8104,Negeri,57,29,26,50,162,162
2022,PROV. MALUKU,81,KAB. SERAM BAGIAN TIMUR,8105,Negeri,37,45,57,24,163,163
2022,PROV. MALUKU,81,KAB. SERAM BAGIAN TIMUR,8105,Negeri dan Swasta,42,47,65,31,185,185
2022,PROV. MALUKU,81,KAB. SERAM BAGIAN TIMUR,8105,Swasta,5,2,8,7,22,22
2022,PROV. MALUKU,81,KAB. SERAM BAGIAN BARAT,8106,Swasta,26,3,20,5,54,54
2022,PROV. MALUKU,81,KAB. SERAM BAGIAN BARAT,8106,Negeri,103,40,49,35,227,227
2022,PROV. MALUKU,81,KAB. SERAM BAGIAN BARAT,8106,Negeri dan Swasta,129,43,69,40,281,281
2022,PROV. MALUKU,81,KAB. KEPULAUAN ARU,8107,Negeri dan Swasta,89,14,16,17,136,136
2022,PROV. MALUKU,81,KAB. KEPULAUAN ARU,8107,Swasta,45,4,7,4,60,60
2022,PROV. MALUKU,81,KAB. KEPULAUAN ARU,8107,Negeri,44,10,9,13,76,76
2022,PROV. MALUKU,81,KAB. MALUKU BARAT DAYA,8108,Negeri,46,20,18,15,99,99
2022,PROV. MALUKU,81,KAB. MALUKU BARAT DAYA,8108,Negeri dan Swasta,61,30,29,19,139,139
2022,PROV. MALUKU,81,KAB. MALUKU BARAT DAYA,8108,Swasta,15,10,11,4,40,40
2022,PROV. MALUKU,81,KAB. BURU SELATAN,8109,Negeri,52,15,7,11,85,85
2022,PROV. MALUKU,81,KAB. BURU SELATAN,8109,Swasta,11,2,7,1,21,21
2022,PROV. MALUKU,81,KAB. BURU SELATAN,8109,Negeri dan Swasta,63,17,14,12,106,106
2022,PROV. MALUKU,81,KOTA AMBON,8171,Swasta,57,30,19,6,112,112
2022,PROV. MALUKU,81,KOTA AMBON,8171,Negeri dan Swasta,146,56,55,44,301,301
2022,PROV. MALUKU,81,KOTA AMBON,8171,Negeri,89,26,36,38,189,189
2022,PROV. MALUKU,81,KOTA TUAL,8172,Negeri,34,10,10,9,63,63
2022,PROV. MALUKU,81,KOTA TUAL,8172,Negeri dan Swasta,45,12,16,10,83,83
2022,PROV. MALUKU,81,KOTA TUAL,8172,Swasta,11,2,6,1,20,20
2022,PROV. MALUKU UTARA,82,KAB. HALMAHERA BARAT,8201,Negeri,66,44,41,16,167,167
2022,PROV. MALUKU UTARA,82,KAB. HALMAHERA BARAT,8201,Swasta,19,14,14,4,51,51
2022,PROV. MALUKU UTARA,82,KAB. HALMAHERA BARAT,8201,Negeri dan Swasta,85,58,55,20,218,218
2022,PROV. MALUKU UTARA,82,KAB. HALMAHERA TENGAH,8202,Negeri,23,27,24,14,88,88
2022,PROV. MALUKU UTARA,82,KAB. HALMAHERA TENGAH,8202,Negeri dan Swasta,23,27,25,14,89,89
2022,PROV. MALUKU UTARA,82,KAB. HALMAHERA TENGAH,8202,Swasta,0,0,1,0,1,1
2022,PROV. MALUKU UTARA,82,KAB. HALMAHERA UTARA,8203,Swasta,28,21,15,13,77,77
2022,PROV. MALUKU UTARA,82,KAB. HALMAHERA UTARA,8203,Negeri,53,34,24,23,134,134
2022,PROV. MALUKU UTARA,82,KAB. HALMAHERA UTARA,8203,Negeri dan Swasta,81,55,39,36,211,211
2022,PROV. MALUKU UTARA,82,KAB. HALMAHERA SELATAN,8204,Negeri dan Swasta,72,75,109,39,295,295
2022,PROV. MALUKU UTARA,82,KAB. HALMAHERA SELATAN,8204,Swasta,19,15,12,3,49,49
2022,PROV. MALUKU UTARA,82,KAB. HALMAHERA SELATAN,8204,Negeri,53,60,97,36,246,246
2022,PROV. MALUKU UTARA,82,KAB. KEPULAUAN SULA,8205,Swasta,2,2,1,2,7,7
2022,PROV. MALUKU UTARA,82,KAB. KEPULAUAN SULA,8205,Negeri dan Swasta,58,33,33,26,150,150
2022,PROV. MALUKU UTARA,82,KAB. KEPULAUAN SULA,8205,Negeri,56,31,32,24,143,143
2022,PROV. MALUKU UTARA,82,KAB. HALMAHERA TIMUR,8206,Negeri dan Swasta,66,33,35,12,146,146
2022,PROV. MALUKU UTARA,82,KAB. HALMAHERA TIMUR,8206,Swasta,6,1,2,0,9,9
2022,PROV. MALUKU UTARA,82,KAB. HALMAHERA TIMUR,8206,Negeri,60,32,33,12,137,137
2022,PROV. MALUKU UTARA,82,KAB. PULAU MOROTAI,8207,Negeri dan Swasta,18,20,16,31,85,85
2022,PROV. MALUKU UTARA,82,KAB. PULAU MOROTAI,8207,Swasta,5,7,2,12,26,26
2022,PROV. MALUKU UTARA,82,KAB. PULAU MOROTAI,8207,Negeri,13,13,14,19,59,59
2022,PROV. MALUKU UTARA,82,KAB. PULAU TALIABU,8208,Negeri,20,27,24,7,78,78
2022,PROV. MALUKU UTARA,82,KAB. PULAU TALIABU,8208,Swasta,1,0,1,0,2,2
2022,PROV. MALUKU UTARA,82,KAB. PULAU TALIABU,8208,Negeri dan Swasta,21,27,25,7,80,80
2022,PROV. MALUKU UTARA,82,KOTA TERNATE,8271,Swasta,29,11,3,4,47,47
2022,PROV. MALUKU UTARA,82,KOTA TERNATE,8271,Negeri,48,16,24,24,112,112
2022,PROV. MALUKU UTARA,82,KOTA TERNATE,8271,Negeri dan Swasta,77,27,27,28,159,159
2022,PROV. MALUKU UTARA,82,KOTA TIDORE KEPULAUAN,8272,Negeri dan Swasta,78,32,70,9,189,189
2022,PROV. MALUKU UTARA,82,KOTA TIDORE KEPULAUAN,8272,Negeri,66,27,64,9,166,166
2022,PROV. MALUKU UTARA,82,KOTA TIDORE KEPULAUAN,8272,Swasta,12,5,6,0,23,23
2022,PROV. PAPUA,91,KAB. JAYAPURA,9103,Swasta,40,29,22,5,96,96
2022,PROV. PAPUA,91,KAB. JAYAPURA,9103,Negeri,44,39,20,16,119,119
2022,PROV. PAPUA,91,KAB. JAYAPURA,9103,Negeri dan Swasta,84,68,42,21,215,215
2022,PROV. PAPUA,91,KAB. KEPULAUAN YAPEN,9105,Negeri,11,12,5,9,37,37
2022,PROV. PAPUA,91,KAB. KEPULAUAN YAPEN,9105,Swasta,11,8,4,7,30,30
2022,PROV. PAPUA,91,KAB. KEPULAUAN YAPEN,9105,Negeri dan Swasta,22,20,9,16,67,67
2022,PROV. PAPUA,91,KAB. BIAK NUMFOR,9106,Swasta,26,25,21,8,80,80
2022,PROV. PAPUA,91,KAB. BIAK NUMFOR,9106,Negeri dan Swasta,64,60,53,21,198,198
2022,PROV. PAPUA,91,KAB. BIAK NUMFOR,9106,Negeri,38,35,32,13,118,118
2022,PROV. PAPUA,91,KAB. SARMI,9110,Swasta,1,5,0,1,7,7
2022,PROV. PAPUA,91,KAB. SARMI,9110,Negeri dan Swasta,7,19,4,10,40,40
2022,PROV. PAPUA,91,KAB. SARMI,9110,Negeri,6,14,4,9,33,33
2022,PROV. PAPUA,91,KAB. KEEROM,9111,Negeri dan Swasta,22,25,10,12,69,69
2022,PROV. PAPUA,91,KAB. KEEROM,9111,Swasta,6,8,4,1,19,19
2022,PROV. PAPUA,91,KAB. KEEROM,9111,Negeri,16,17,6,11,50,50
2022,PROV. PAPUA,91,KAB. WAROPEN,9115,Negeri dan Swasta,12,16,6,10,44,44
2022,PROV. PAPUA,91,KAB. WAROPEN,9115,Negeri,10,10,5,6,31,31
2022,PROV. PAPUA,91,KAB. WAROPEN,9115,Swasta,2,6,1,4,13,13
2022,PROV. PAPUA,91,KAB. SUPIORI,9119,Negeri,13,14,8,10,45,45
2022,PROV. PAPUA,91,KAB. SUPIORI,9119,Swasta,4,7,7,7,25,25
2022,PROV. PAPUA,91,KAB. SUPIORI,9119,Negeri dan Swasta,17,21,15,17,70,70
2022,PROV. PAPUA,91,KAB. MAMBERAMO RAYA,9120,Negeri,4,3,2,4,13,13
2022,PROV. PAPUA,91,KAB. MAMBERAMO RAYA,9120,Negeri dan Swasta,4,4,4,4,16,16
2022,PROV. PAPUA,91,KAB. MAMBERAMO RAYA,9120,Swasta,0,1,2,0,3,3
2022,PROV. PAPUA,91,KOTA JAYAPURA,9171,Negeri,38,17,14,15,84,84
2022,PROV. PAPUA,91,KOTA JAYAPURA,9171,Swasta,59,35,13,7,114,114
2022,PROV. PAPUA,91,KOTA JAYAPURA,9171,Negeri dan Swasta,97,52,27,22,198,198
2022,PROV. PAPUA BARAT,92,KAB. MANOKWARI,9202,Swasta,27,11,1,9,48,48
2022,PROV. PAPUA BARAT,92,KAB. MANOKWARI,9202,Negeri,44,23,12,5,84,84
2022,PROV. PAPUA BARAT,92,KAB. MANOKWARI,9202,Negeri dan Swasta,71,34,13,14,132,132
2022,PROV. PAPUA BARAT,92,KAB. FAK FAK,9203,Swasta,24,7,1,0,32,32
2022,PROV. PAPUA BARAT,92,KAB. FAK FAK,9203,Negeri,37,27,12,6,82,82
2022,PROV. PAPUA BARAT,92,KAB. FAK FAK,9203,Negeri dan Swasta,61,34,13,6,114,114
2022,PROV. PAPUA BARAT,92,KAB. TELUK BINTUNI,9206,Negeri,20,18,10,5,53,53
2022,PROV. PAPUA BARAT,92,KAB. TELUK BINTUNI,9206,Negeri dan Swasta,29,25,18,8,80,80
2022,PROV. PAPUA BARAT,92,KAB. TELUK BINTUNI,9206,Swasta,9,7,8,3,27,27
2022,PROV. PAPUA BARAT,92,KAB. TELUK WONDAMA,9207,Negeri,15,15,6,1,37,37
2022,PROV. PAPUA BARAT,92,KAB. TELUK WONDAMA,9207,Swasta,7,6,1,2,16,16
2022,PROV. PAPUA BARAT,92,KAB. TELUK WONDAMA,9207,Negeri dan Swasta,22,21,7,3,53,53
2022,PROV. PAPUA BARAT,92,KAB. KAIMANA,9208,Negeri dan Swasta,18,9,6,5,38,38
2022,PROV. PAPUA BARAT,92,KAB. KAIMANA,9208,Swasta,7,3,2,2,14,14
2022,PROV. PAPUA BARAT,92,KAB. KAIMANA,9208,Negeri,11,6,4,3,24,24
2022,PROV. PAPUA BARAT,92,KAB. MANOKWARI SELATAN,9211,Negeri dan Swasta,6,11,4,2,23,23
2022,PROV. PAPUA BARAT,92,KAB. MANOKWARI SELATAN,9211,Swasta,1,3,3,0,7,7
2022,PROV. PAPUA BARAT,92,KAB. MANOKWARI SELATAN,9211,Negeri,5,8,1,2,16,16
2022,PROV. PAPUA BARAT,92,KAB. PEGUNUNGAN ARFAK,9212,Negeri,13,4,2,2,21,21
2022,PROV. PAPUA BARAT,92,KAB. PEGUNUNGAN ARFAK,9212,Negeri dan Swasta,14,4,2,2,22,22
2022,PROV. PAPUA BARAT,92,KAB. PEGUNUNGAN ARFAK,9212,Swasta,1,0,0,0,1,1
2023,PROV. ACEH,11,KAB. ACEH SELATAN,1101,Swasta,4,8,4,0,16,16
2023,PROV. ACEH,11,KAB. ACEH SELATAN,1101,Negeri,70,94,83,30,277,277
2023,PROV. ACEH,11,KAB. ACEH SELATAN,1101,Negeri dan Swasta,74,102,87,30,293,293
2023,PROV. ACEH,11,KAB. ACEH TENGGARA,1102,Swasta,22,20,8,4,54,54
2023,PROV. ACEH,11,KAB. ACEH TENGGARA,1102,Negeri dan Swasta,70,84,71,25,250,250
2023,PROV. ACEH,11,KAB. ACEH TENGGARA,1102,Negeri,48,64,63,21,196,196
2023,PROV. ACEH,11,KAB. ACEH TIMUR,1103,Negeri,98,94,81,29,302,302
2023,PROV. ACEH,11,KAB. ACEH TIMUR,1103,Negeri dan Swasta,105,98,82,29,314,314
2023,PROV. ACEH,11,KAB. ACEH TIMUR,1103,Swasta,7,4,1,0,12,12
2023,PROV. ACEH,11,KAB. ACEH TENGAH,1104,Negeri,70,48,56,34,208,208
2023,PROV. ACEH,11,KAB. ACEH TENGAH,1104,Negeri dan Swasta,82,53,57,35,227,227
2023,PROV. ACEH,11,KAB. ACEH TENGAH,1104,Swasta,12,5,1,1,19,19
2023,PROV. ACEH,11,KAB. ACEH BARAT,1105,Negeri dan Swasta,106,52,69,39,266,266
2023,PROV. ACEH,11,KAB. ACEH BARAT,1105,Swasta,13,3,5,4,25,25
2023,PROV. ACEH,11,KAB. ACEH BARAT,1105,Negeri,93,49,64,35,241,241
2023,PROV. ACEH,11,KAB. ACEH BESAR,1106,Negeri,103,74,78,39,294,294
2023,PROV. ACEH,11,KAB. ACEH BESAR,1106,Negeri dan Swasta,165,85,85,44,379,379
2023,PROV. ACEH,11,KAB. ACEH BESAR,1106,Swasta,62,11,7,5,85,85
2023,PROV. ACEH,11,KAB. PIDIE,1107,Negeri,159,103,55,34,351,351
2023,PROV. ACEH,11,KAB. PIDIE,1107,Negeri dan Swasta,178,114,58,35,385,385
2023,PROV. ACEH,11,KAB. PIDIE,1107,Swasta,19,11,3,1,34,34
2023,PROV. ACEH,11,KAB. ACEH UTARA,1108,Negeri dan Swasta,196,140,75,64,475,475
2023,PROV. ACEH,11,KAB. ACEH UTARA,1108,Swasta,33,12,10,4,59,59
2023,PROV. ACEH,11,KAB. ACEH UTARA,1108,Negeri,163,128,65,60,416,416
2023,PROV. ACEH,11,KAB. SIMEULUE,1109,Negeri,39,40,55,74,208,208
2023,PROV. ACEH,11,KAB. SIMEULUE,1109,Swasta,2,3,0,0,5,5
2023,PROV. ACEH,11,KAB. SIMEULUE,1109,Negeri dan Swasta,41,43,55,74,213,213
2023,PROV. ACEH,11,KAB. ACEH SINGKIL,1110,Negeri,61,44,53,17,175,175
2023,PROV. ACEH,11,KAB. ACEH SINGKIL,1110,Negeri dan Swasta,68,50,61,17,196,196
2023,PROV. ACEH,11,KAB. ACEH SINGKIL,1110,Swasta,7,6,8,0,21,21
2023,PROV. ACEH,11,KAB. BIREUEN,1111,Swasta,36,13,7,2,58,58
2023,PROV. ACEH,11,KAB. BIREUEN,1111,Negeri dan Swasta,157,98,54,74,383,383
2023,PROV. ACEH,11,KAB. BIREUEN,1111,Negeri,121,85,47,72,325,325
2023,PROV. ACEH,11,KAB. ACEH BARAT DAYA,1112,Negeri,75,23,27,25,150,150
2023,PROV. ACEH,11,KAB. ACEH BARAT DAYA,1112,Negeri dan Swasta,81,25,27,26,159,159
2023,PROV. ACEH,11,KAB. ACEH BARAT DAYA,1112,Swasta,6,2,0,1,9,9
2023,PROV. ACEH,11,KAB. GAYO LUES,1113,Negeri dan Swasta,55,29,28,35,147,147
2023,PROV. ACEH,11,KAB. GAYO LUES,1113,Negeri,51,25,25,33,134,134
2023,PROV. ACEH,11,KAB. GAYO LUES,1113,Swasta,4,4,3,2,13,13
2023,PROV. ACEH,11,KAB. ACEH JAYA,1114,Negeri,56,30,52,15,153,153
2023,PROV. ACEH,11,KAB. ACEH JAYA,1114,Negeri dan Swasta,58,32,55,16,161,161
2023,PROV. ACEH,11,KAB. ACEH JAYA,1114,Swasta,2,2,3,1,8,8
2023,PROV. ACEH,11,KAB. NAGAN RAYA,1115,Negeri,76,62,33,22,193,193
2023,PROV. ACEH,11,KAB. NAGAN RAYA,1115,Swasta,4,0,0,1,5,5
2023,PROV. ACEH,11,KAB. NAGAN RAYA,1115,Negeri dan Swasta,80,62,33,23,198,198
2023,PROV. ACEH,11,KAB. ACEH TAMIANG,1116,Negeri,100,73,60,12,245,245
2023,PROV. ACEH,11,KAB. ACEH TAMIANG,1116,Swasta,16,7,4,0,27,27
2023,PROV. ACEH,11,KAB. ACEH TAMIANG,1116,Negeri dan Swasta,116,80,64,12,272,272
2023,PROV. ACEH,11,KAB. BENER MERIAH,1117,Negeri dan Swasta,67,55,54,20,196,196
2023,PROV. ACEH,11,KAB. BENER MERIAH,1117,Swasta,12,3,1,1,17,17
2023,PROV. ACEH,11,KAB. BENER MERIAH,1117,Negeri,55,52,53,19,179,179
2023,PROV. ACEH,11,KAB. PIDIE JAYA,1118,Negeri,69,21,21,25,136,136
2023,PROV. ACEH,11,KAB. PIDIE JAYA,1118,Negeri dan Swasta,78,28,22,26,154,154
2023,PROV. ACEH,11,KAB. PIDIE JAYA,1118,Swasta,9,7,1,1,18,18
2023,PROV. ACEH,11,KOTA BANDA ACEH,1171,Negeri dan Swasta,132,37,33,17,219,219
2023,PROV. ACEH,11,KOTA BANDA ACEH,1171,Swasta,67,13,5,2,87,87
2023,PROV. ACEH,11,KOTA BANDA ACEH,1171,Negeri,65,24,28,15,132,132
2023,PROV. ACEH,11,KOTA SABANG,1172,Swasta,2,1,0,0,3,3
2023,PROV. ACEH,11,KOTA SABANG,1172,Negeri,29,1,5,0,35,35
2023,PROV. ACEH,11,KOTA SABANG,1172,Negeri dan Swasta,31,2,5,0,38,38
2023,PROV. ACEH,11,KOTA LHOKSEUMAWE,1173,Negeri,50,15,22,11,98,98
2023,PROV. ACEH,11,KOTA LHOKSEUMAWE,1173,Swasta,24,7,1,2,34,34
2023,PROV. ACEH,11,KOTA LHOKSEUMAWE,1173,Negeri dan Swasta,74,22,23,13,132,132
2023,PROV. ACEH,11,KOTA LANGSA,1174,Negeri,48,27,7,7,89,89
2023,PROV. ACEH,11,KOTA LANGSA,1174,Swasta,14,5,2,3,24,24
2023,PROV. ACEH,11,KOTA LANGSA,1174,Negeri dan Swasta,62,32,9,10,113,113
2023,PROV. ACEH,11,KOTA SUBULUSSALAM,1175,Negeri dan Swasta,35,24,62,9,130,130
2023,PROV. ACEH,11,KOTA SUBULUSSALAM,1175,Negeri,23,15,61,8,107,107
2023,PROV. ACEH,11,KOTA SUBULUSSALAM,1175,Swasta,12,9,1,1,23,23
2023,PROV. SUMATERA UTARA,12,KAB. TAPANULI TENGAH,1201,Negeri,111,90,61,24,286,286
2023,PROV. SUMATERA UTARA,12,KAB. TAPANULI TENGAH,1201,Negeri dan Swasta,145,98,65,26,334,334
2023,PROV. SUMATERA UTARA,12,KAB. TAPANULI TENGAH,1201,Swasta,34,8,4,2,48,48
2023,PROV. SUMATERA UTARA,12,KAB. TAPANULI UTARA,1202,Negeri dan Swasta,154,84,29,32,299,299
2023,PROV. SUMATERA UTARA,12,KAB. TAPANULI UTARA,1202,Negeri,134,73,26,31,264,264
2023,PROV. SUMATERA UTARA,12,KAB. TAPANULI UTARA,1202,Swasta,20,11,3,1,35,35
2023,PROV. SUMATERA UTARA,12,KAB. TAPANULI SELATAN,1203,Negeri dan Swasta,97,71,42,16,226,226
2023,PROV. SUMATERA UTARA,12,KAB. TAPANULI SELATAN,1203,Swasta,12,4,0,2,18,18
2023,PROV. SUMATERA UTARA,12,KAB. TAPANULI SELATAN,1203,Negeri,85,67,42,14,208,208
2023,PROV. SUMATERA UTARA,12,KAB. NIAS,1204,Negeri,40,71,47,97,255,255
2023,PROV. SUMATERA UTARA,12,KAB. NIAS,1204,Swasta,8,1,0,3,12,12
2023,PROV. SUMATERA UTARA,12,KAB. NIAS,1204,Negeri dan Swasta,48,72,47,100,267,267
2023,PROV. SUMATERA UTARA,12,KAB. LANGKAT,1205,Negeri dan Swasta,284,192,121,64,661,661
2023,PROV. SUMATERA UTARA,12,KAB. LANGKAT,1205,Negeri,155,130,84,51,420,420
2023,PROV. SUMATERA UTARA,12,KAB. LANGKAT,1205,Swasta,129,62,37,13,241,241
2023,PROV. SUMATERA UTARA,12,KAB. KARO,1206,Negeri dan Swasta,154,104,80,47,385,385
2023,PROV. SUMATERA UTARA,12,KAB. KARO,1206,Swasta,59,17,8,7,91,91
2023,PROV. SUMATERA UTARA,12,KAB. KARO,1206,Negeri,95,87,72,40,294,294
2023,PROV. SUMATERA UTARA,12,KAB. DELI SERDANG,1207,Negeri,314,154,88,62,618,618
2023,PROV. SUMATERA UTARA,12,KAB. DELI SERDANG,1207,Negeri dan Swasta,797,283,143,101,1324,1324
2023,PROV. SUMATERA UTARA,12,KAB. DELI SERDANG,1207,Swasta,483,129,55,39,706,706
2023,PROV. SUMATERA UTARA,12,KAB. SIMALUNGUN,1208,Swasta,101,50,25,13,189,189
2023,PROV. SUMATERA UTARA,12,KAB. SIMALUNGUN,1208,Negeri dan Swasta,291,216,124,96,727,727
2023,PROV. SUMATERA UTARA,12,KAB. SIMALUNGUN,1208,Negeri,190,166,99,83,538,538
2023,PROV. SUMATERA UTARA,12,KAB. ASAHAN,1209,Negeri,131,81,74,47,333,333
2023,PROV. SUMATERA UTARA,12,KAB. ASAHAN,1209,Swasta,85,26,13,5,129,129
2023,PROV. SUMATERA UTARA,12,KAB. ASAHAN,1209,Negeri dan Swasta,216,107,87,52,462,462
2023,PROV. SUMATERA UTARA,12,KAB. LABUHANBATU,1210,Swasta,54,19,6,4,83,83
2023,PROV. SUMATERA UTARA,12,KAB. LABUHANBATU,1210,Negeri dan Swasta,164,85,42,38,329,329
2023,PROV. SUMATERA UTARA,12,KAB. LABUHANBATU,1210,Negeri,110,66,36,34,246,246
2023,PROV. SUMATERA UTARA,12,KAB. DAIRI,1211,Negeri dan Swasta,156,124,31,28,339,339
2023,PROV. SUMATERA UTARA,12,KAB. DAIRI,1211,Negeri,125,107,28,25,285,285
2023,PROV. SUMATERA UTARA,12,KAB. DAIRI,1211,Swasta,31,17,3,3,54,54
2023,PROV. SUMATERA UTARA,12,KAB. TOBA,1212,Swasta,20,14,0,2,36,36
2023,PROV. SUMATERA UTARA,12,KAB. TOBA,1212,Negeri dan Swasta,85,107,79,12,283,283
2023,PROV. SUMATERA UTARA,12,KAB. TOBA,1212,Negeri,65,93,79,10,247,247
2023,PROV. SUMATERA UTARA,12,KAB. MANDAILING NATAL,1213,Negeri,133,117,62,40,352,352
2023,PROV. SUMATERA UTARA,12,KAB. MANDAILING NATAL,1213,Negeri dan Swasta,150,126,64,41,381,381
2023,PROV. SUMATERA UTARA,12,KAB. MANDAILING NATAL,1213,Swasta,17,9,2,1,29,29
2023,PROV. SUMATERA UTARA,12,KAB. NIAS SELATAN,1214,Negeri,70,99,90,59,318,318
2023,PROV. SUMATERA UTARA,12,KAB. NIAS SELATAN,1214,Negeri dan Swasta,88,108,94,66,356,356
2023,PROV. SUMATERA UTARA,12,KAB. NIAS SELATAN,1214,Swasta,18,9,4,7,38,38
2023,PROV. SUMATERA UTARA,12,KAB. PAKPAK BHARAT,1215,Swasta,0,0,0,0,0,0
2023,PROV. SUMATERA UTARA,12,KAB. PAKPAK BHARAT,1215,Negeri dan Swasta,40,26,25,7,98,98
2023,PROV. SUMATERA UTARA,12,KAB. PAKPAK BHARAT,1215,Negeri,40,26,25,7,98,98
2023,PROV. SUMATERA UTARA,12,KAB. HUMBANG HASUNDUTAN,1216,Swasta,12,5,3,0,20,20
2023,PROV. SUMATERA UTARA,12,KAB. HUMBANG HASUNDUTAN,1216,Negeri dan Swasta,104,109,47,18,278,278
2023,PROV. SUMATERA UTARA,12,KAB. HUMBANG HASUNDUTAN,1216,Negeri,92,104,44,18,258,258
2023,PROV. SUMATERA UTARA,12,KAB. SAMOSIR,1217,Negeri dan Swasta,87,72,49,29,237,237
2023,PROV. SUMATERA UTARA,12,KAB. SAMOSIR,1217,Negeri,71,65,48,28,212,212
2023,PROV. SUMATERA UTARA,12,KAB. SAMOSIR,1217,Swasta,16,7,1,1,25,25
2023,PROV. SUMATERA UTARA,12,KAB. SERDANG BEDAGAI,1218,Negeri,179,142,84,25,430,430
2023,PROV. SUMATERA UTARA,12,KAB. SERDANG BEDAGAI,1218,Negeri dan Swasta,256,178,98,32,564,564
2023,PROV. SUMATERA UTARA,12,KAB. SERDANG BEDAGAI,1218,Swasta,77,36,14,7,134,134
2023,PROV. SUMATERA UTARA,12,KAB. BATU BARA,1219,Negeri,81,74,68,58,281,281
2023,PROV. SUMATERA UTARA,12,KAB. BATU BARA,1219,Negeri dan Swasta,119,91,76,61,347,347
2023,PROV. SUMATERA UTARA,12,KAB. BATU BARA,1219,Swasta,38,17,8,3,66,66
2023,PROV. SUMATERA UTARA,12,KAB. PADANG LAWAS UTARA,1220,Negeri dan Swasta,80,105,51,26,262,262
2023,PROV. SUMATERA UTARA,12,KAB. PADANG LAWAS UTARA,1220,Swasta,16,3,1,1,21,21
2023,PROV. SUMATERA UTARA,12,KAB. PADANG LAWAS UTARA,1220,Negeri,64,102,50,25,241,241
2023,PROV. SUMATERA UTARA,12,KAB. PADANG LAWAS,1221,Negeri,64,36,20,25,145,145
2023,PROV. SUMATERA UTARA,12,KAB. PADANG LAWAS,1221,Swasta,12,11,1,1,25,25
2023,PROV. SUMATERA UTARA,12,KAB. PADANG LAWAS,1221,Negeri dan Swasta,76,47,21,26,170,170
2023,PROV. SUMATERA UTARA,12,KAB. LABUHANBATU SELATAN,1222,Negeri dan Swasta,115,65,45,21,246,246
2023,PROV. SUMATERA UTARA,12,KAB. LABUHANBATU SELATAN,1222,Swasta,41,5,4,5,55,55
2023,PROV. SUMATERA UTARA,12,KAB. LABUHANBATU SELATAN,1222,Negeri,74,60,41,16,191,191
2023,PROV. SUMATERA UTARA,12,KAB. LABUHANBATU UTARA,1223,Swasta,29,12,10,6,57,57
2023,PROV. SUMATERA UTARA,12,KAB. LABUHANBATU UTARA,1223,Negeri,102,59,42,19,222,222
2023,PROV. SUMATERA UTARA,12,KAB. LABUHANBATU UTARA,1223,Negeri dan Swasta,131,71,52,25,279,279
2023,PROV. SUMATERA UTARA,12,KAB. NIAS UTARA,1224,Negeri,50,70,86,42,248,248
2023,PROV. SUMATERA UTARA,12,KAB. NIAS UTARA,1224,Swasta,6,3,3,1,13,13
2023,PROV. SUMATERA UTARA,12,KAB. NIAS UTARA,1224,Negeri dan Swasta,56,73,89,43,261,261
2023,PROV. SUMATERA UTARA,12,KAB. NIAS BARAT,1225,Negeri dan Swasta,45,44,23,69,181,181
2023,PROV. SUMATERA UTARA,12,KAB. NIAS BARAT,1225,Swasta,2,1,0,2,5,5
2023,PROV. SUMATERA UTARA,12,KAB. NIAS BARAT,1225,Negeri,43,43,23,67,176,176
2023,PROV. SUMATERA UTARA,12,KOTA MEDAN,1271,Swasta,965,207,43,31,1246,1246
2023,PROV. SUMATERA UTARA,12,KOTA MEDAN,1271,Negeri,257,69,36,29,391,391
2023,PROV. SUMATERA UTARA,12,KOTA MEDAN,1271,Negeri dan Swasta,1222,276,79,60,1637,1637
2023,PROV. SUMATERA UTARA,12,KOTA PEMATANGSIANTAR,1272,Negeri,47,22,15,8,92,92
2023,PROV. SUMATERA UTARA,12,KOTA PEMATANGSIANTAR,1272,Negeri dan Swasta,140,42,23,13,218,218
2023,PROV. SUMATERA UTARA,12,KOTA PEMATANGSIANTAR,1272,Swasta,93,20,8,5,126,126
2023,PROV. SUMATERA UTARA,12,KOTA SIBOLGA,1273,Swasta,21,6,1,1,29,29
2023,PROV. SUMATERA UTARA,12,KOTA SIBOLGA,1273,Negeri,30,10,4,4,48,48
2023,PROV. SUMATERA UTARA,12,KOTA SIBOLGA,1273,Negeri dan Swasta,51,16,5,5,77,77
2023,PROV. SUMATERA UTARA,12,KOTA TANJUNG BALAI,1274,Negeri,31,20,34,14,99,99
2023,PROV. SUMATERA UTARA,12,KOTA TANJUNG BALAI,1274,Swasta,20,5,4,1,30,30
2023,PROV. SUMATERA UTARA,12,KOTA TANJUNG BALAI,1274,Negeri dan Swasta,51,25,38,15,129,129
2023,PROV. SUMATERA UTARA,12,KOTA BINJAI,1275,Negeri dan Swasta,145,53,47,22,267,267
2023,PROV. SUMATERA UTARA,12,KOTA BINJAI,1275,Swasta,80,26,12,8,126,126
2023,PROV. SUMATERA UTARA,12,KOTA BINJAI,1275,Negeri,65,27,35,14,141,141
2023,PROV. SUMATERA UTARA,12,KOTA TEBING TINGGI,1276,Negeri dan Swasta,102,16,14,12,144,144
2023,PROV. SUMATERA UTARA,12,KOTA TEBING TINGGI,1276,Swasta,37,7,4,2,50,50
2023,PROV. SUMATERA UTARA,12,KOTA TEBING TINGGI,1276,Negeri,65,9,10,10,94,94
2023,PROV. SUMATERA UTARA,12,KOTA PADANG SIDEMPUAN,1277,Negeri dan Swasta,95,19,18,18,150,150
2023,PROV. SUMATERA UTARA,12,KOTA PADANG SIDEMPUAN,1277,Negeri,54,10,16,17,97,97
2023,PROV. SUMATERA UTARA,12,KOTA PADANG SIDEMPUAN,1277,Swasta,41,9,2,1,53,53
2023,PROV. SUMATERA UTARA,12,KOTA GUNUNGSITOLI,1278,Negeri,54,72,24,9,159,159
2023,PROV. SUMATERA UTARA,12,KOTA GUNUNGSITOLI,1278,Negeri dan Swasta,68,81,28,9,186,186
2023,PROV. SUMATERA UTARA,12,KOTA GUNUNGSITOLI,1278,Swasta,14,9,4,0,27,27
2023,PROV. SUMATERA BARAT,13,KAB. PESISIR SELATAN,1301,Swasta,18,7,3,0,28,28
2023,PROV. SUMATERA BARAT,13,KAB. PESISIR SELATAN,1301,Negeri,202,112,85,46,445,445
2023,PROV. SUMATERA BARAT,13,KAB. PESISIR SELATAN,1301,Negeri dan Swasta,220,119,88,46,473,473
2023,PROV. SUMATERA BARAT,13,KAB. SOLOK,1302,Negeri,115,105,70,25,315,315
2023,PROV. SUMATERA BARAT,13,KAB. SOLOK,1302,Negeri dan Swasta,138,107,71,26,342,342
2023,PROV. SUMATERA BARAT,13,KAB. SOLOK,1302,Swasta,23,2,1,1,27,27
2023,PROV. SUMATERA BARAT,13,KAB. SIJUNJUNG,1303,Negeri,111,68,45,28,252,252
2023,PROV. SUMATERA BARAT,13,KAB. SIJUNJUNG,1303,Negeri dan Swasta,125,72,47,28,272,272
2023,PROV. SUMATERA BARAT,13,KAB. SIJUNJUNG,1303,Swasta,14,4,2,0,20,20
2023,PROV. SUMATERA BARAT,13,KAB. TANAH DATAR,1304,Negeri,125,95,50,39,309,309
2023,PROV. SUMATERA BARAT,13,KAB. TANAH DATAR,1304,Swasta,28,2,4,1,35,35
2023,PROV. SUMATERA BARAT,13,KAB. TANAH DATAR,1304,Negeri dan Swasta,153,97,54,40,344,344
2023,PROV. SUMATERA BARAT,13,KAB. PADANG PARIAMAN,1305,Swasta,21,7,8,4,40,40
2023,PROV. SUMATERA BARAT,13,KAB. PADANG PARIAMAN,1305,Negeri,146,116,88,70,420,420
2023,PROV. SUMATERA BARAT,13,KAB. PADANG PARIAMAN,1305,Negeri dan Swasta,167,123,96,74,460,460
2023,PROV. SUMATERA BARAT,13,KAB. AGAM,1306,Negeri,171,111,48,21,351,351
2023,PROV. SUMATERA BARAT,13,KAB. AGAM,1306,Swasta,31,18,5,1,55,55
2023,PROV. SUMATERA BARAT,13,KAB. AGAM,1306,Negeri dan Swasta,202,129,53,22,406,406
2023,PROV. SUMATERA BARAT,13,KAB. LIMA PULUH KOTA,1307,Negeri,149,118,91,16,374,374
2023,PROV. SUMATERA BARAT,13,KAB. LIMA PULUH KOTA,1307,Swasta,20,6,1,2,29,29
2023,PROV. SUMATERA BARAT,13,KAB. LIMA PULUH KOTA,1307,Negeri dan Swasta,169,124,92,18,403,403
2023,PROV. SUMATERA BARAT,13,KAB. PASAMAN,1308,Swasta,7,2,1,0,10,10
2023,PROV. SUMATERA BARAT,13,KAB. PASAMAN,1308,Negeri dan Swasta,107,71,40,36,254,254
2023,PROV. SUMATERA BARAT,13,KAB. PASAMAN,1308,Negeri,100,69,39,36,244,244
2023,PROV. SUMATERA BARAT,13,KAB. KEPULAUAN MENTAWAI,1309,Negeri dan Swasta,61,49,30,26,166,166
2023,PROV. SUMATERA BARAT,13,KAB. KEPULAUAN MENTAWAI,1309,Swasta,9,7,2,4,22,22
2023,PROV. SUMATERA BARAT,13,KAB. KEPULAUAN MENTAWAI,1309,Negeri,52,42,28,22,144,144
2023,PROV. SUMATERA BARAT,13,KAB. DHARMASRAYA,1310,Negeri dan Swasta,90,51,73,17,231,231
2023,PROV. SUMATERA BARAT,13,KAB. DHARMASRAYA,1310,Negeri,78,46,71,14,209,209
2023,PROV. SUMATERA BARAT,13,KAB. DHARMASRAYA,1310,Swasta,12,5,2,3,22,22
2023,PROV. SUMATERA BARAT,13,KAB. SOLOK SELATAN,1311,Negeri dan Swasta,68,46,55,12,181,181
2023,PROV. SUMATERA BARAT,13,KAB. SOLOK SELATAN,1311,Negeri,55,46,54,10,165,165
2023,PROV. SUMATERA BARAT,13,KAB. SOLOK SELATAN,1311,Swasta,13,0,1,2,16,16
2023,PROV. SUMATERA BARAT,13,KAB. PASAMAN BARAT,1312,Negeri,105,123,62,23,313,313
2023,PROV. SUMATERA BARAT,13,KAB. PASAMAN BARAT,1312,Swasta,28,13,7,5,53,53
2023,PROV. SUMATERA BARAT,13,KAB. PASAMAN BARAT,1312,Negeri dan Swasta,133,136,69,28,366,366
2023,PROV. SUMATERA BARAT,13,KOTA PADANG,1371,Negeri dan Swasta,391,121,54,28,594,594
2023,PROV. SUMATERA BARAT,13,KOTA PADANG,1371,Swasta,198,39,16,3,256,256
2023,PROV. SUMATERA BARAT,13,KOTA PADANG,1371,Negeri,193,82,38,25,338,338
2023,PROV. SUMATERA BARAT,13,KOTA SOLOK,1372,Swasta,12,3,1,1,17,17
2023,PROV. SUMATERA BARAT,13,KOTA SOLOK,1372,Negeri,27,14,12,1,54,54
2023,PROV. SUMATERA BARAT,13,KOTA SOLOK,1372,Negeri dan Swasta,39,17,13,2,71,71
2023,PROV. SUMATERA BARAT,13,KOTA SAWAHLUNTO,1373,Swasta,8,0,2,1,11,11
2023,PROV. SUMATERA BARAT,13,KOTA SAWAHLUNTO,1373,Negeri,36,15,16,7,74,74
2023,PROV. SUMATERA BARAT,13,KOTA SAWAHLUNTO,1373,Negeri dan Swasta,44,15,18,8,85,85
2023,PROV. SUMATERA BARAT,13,KOTA PADANG PANJANG,1374,Negeri dan Swasta,26,13,15,12,66,66
2023,PROV. SUMATERA BARAT,13,KOTA PADANG PANJANG,1374,Swasta,8,4,5,2,19,19
2023,PROV. SUMATERA BARAT,13,KOTA PADANG PANJANG,1374,Negeri,18,9,10,10,47,47
2023,PROV. SUMATERA BARAT,13,KOTA BUKITTINGGI,1375,Negeri,32,24,3,9,68,68
2023,PROV. SUMATERA BARAT,13,KOTA BUKITTINGGI,1375,Swasta,35,14,3,1,53,53
2023,PROV. SUMATERA BARAT,13,KOTA BUKITTINGGI,1375,Negeri dan Swasta,67,38,6,10,121,121
2023,PROV. SUMATERA BARAT,13,KOTA PAYAKUMBUH,1376,Swasta,25,11,6,3,45,45
2023,PROV. SUMATERA BARAT,13,KOTA PAYAKUMBUH,1376,Negeri,37,22,26,8,93,93
2023,PROV. SUMATERA BARAT,13,KOTA PAYAKUMBUH,1376,Negeri dan Swasta,62,33,32,11,138,138
2023,PROV. SUMATERA BARAT,13,KOTA PARIAMAN,1377,Negeri dan Swasta,59,26,18,15,118,118
2023,PROV. SUMATERA BARAT,13,KOTA PARIAMAN,1377,Swasta,13,6,2,1,22,22
2023,PROV. SUMATERA BARAT,13,KOTA PARIAMAN,1377,Negeri,46,20,16,14,96,96
2023,PROV. RIAU,14,KAB. KAMPAR,1401,Swasta,75,21,6,0,102,102
2023,PROV. RIAU,14,KAB. KAMPAR,1401,Negeri,231,126,92,26,475,475
2023,PROV. RIAU,14,KAB. KAMPAR,1401,Negeri dan Swasta,306,147,98,26,577,577
2023,PROV. RIAU,14,KAB. INDRAGIRI HULU,1402,Negeri,134,61,35,38,268,268
2023,PROV. RIAU,14,KAB. INDRAGIRI HULU,1402,Negeri dan Swasta,163,72,38,39,312,312
2023,PROV. RIAU,14,KAB. INDRAGIRI HULU,1402,Swasta,29,11,3,1,44,44
2023,PROV. RIAU,14,KAB. BENGKALIS,1403,Negeri dan Swasta,246,122,75,68,511,511
2023,PROV. RIAU,14,KAB. BENGKALIS,1403,Negeri,178,103,68,60,409,409
2023,PROV. RIAU,14,KAB. BENGKALIS,1403,Swasta,68,19,7,8,102,102
2023,PROV. RIAU,14,KAB. INDRAGIRI HILIR,1404,Negeri dan Swasta,180,144,99,72,495,495
2023,PROV. RIAU,14,KAB. INDRAGIRI HILIR,1404,Swasta,42,17,10,8,77,77
2023,PROV. RIAU,14,KAB. INDRAGIRI HILIR,1404,Negeri,138,127,89,64,418,418
2023,PROV. RIAU,14,KAB. PELALAWAN,1405,Swasta,56,7,1,1,65,65
2023,PROV. RIAU,14,KAB. PELALAWAN,1405,Negeri,151,60,48,13,272,272
2023,PROV. RIAU,14,KAB. PELALAWAN,1405,Negeri dan Swasta,207,67,49,14,337,337
2023,PROV. RIAU,14,KAB. ROKAN HULU,1406,Negeri dan Swasta,174,82,62,31,349,349
2023,PROV. RIAU,14,KAB. ROKAN HULU,1406,Swasta,45,13,6,3,67,67
2023,PROV. RIAU,14,KAB. ROKAN HULU,1406,Negeri,129,69,56,28,282,282
2023,PROV. RIAU,14,KAB. ROKAN HILIR,1407,Swasta,56,33,18,17,124,124
2023,PROV. RIAU,14,KAB. ROKAN HILIR,1407,Negeri,120,56,28,24,228,228
2023,PROV. RIAU,14,KAB. ROKAN HILIR,1407,Negeri dan Swasta,176,89,46,41,352,352
2023,PROV. RIAU,14,KAB. SIAK,1408,Negeri,165,60,44,18,287,287
2023,PROV. RIAU,14,KAB. SIAK,1408,Negeri dan Swasta,208,73,51,21,353,353
2023,PROV. RIAU,14,KAB. SIAK,1408,Swasta,43,13,7,3,66,66
2023,PROV. RIAU,14,KAB. KUANTAN SINGINGI,1409,Negeri dan Swasta,180,100,37,22,339,339
2023,PROV. RIAU,14,KAB. KUANTAN SINGINGI,1409,Negeri,162,98,37,22,319,319
2023,PROV. RIAU,14,KAB. KUANTAN SINGINGI,1409,Swasta,18,2,0,0,20,20
2023,PROV. RIAU,14,KAB. KEPULAUAN MERANTI,1410,Swasta,22,6,3,1,32,32
2023,PROV. RIAU,14,KAB. KEPULAUAN MERANTI,1410,Negeri dan Swasta,96,57,56,14,223,223
2023,PROV. RIAU,14,KAB. KEPULAUAN MERANTI,1410,Negeri,74,51,53,13,191,191
2023,PROV. RIAU,14,KOTA PEKANBARU,1471,Negeri,131,63,26,16,236,236
2023,PROV. RIAU,14,KOTA PEKANBARU,1471,Negeri dan Swasta,413,115,40,21,589,589
2023,PROV. RIAU,14,KOTA PEKANBARU,1471,Swasta,282,52,14,5,353,353
2023,PROV. RIAU,14,KOTA DUMAI,1472,Negeri,55,33,31,23,142,142
2023,PROV. RIAU,14,KOTA DUMAI,1472,Swasta,37,15,7,7,66,66
2023,PROV. RIAU,14,KOTA DUMAI,1472,Negeri dan Swasta,92,48,38,30,208,208
2023,PROV. JAMBI,15,KAB. KERINCI,1501,Negeri dan Swasta,80,115,90,32,317,317
2023,PROV. JAMBI,15,KAB. KERINCI,1501,Negeri,75,111,86,31,303,303
2023,PROV. JAMBI,15,KAB. KERINCI,1501,Swasta,5,4,4,1,14,14
2023,PROV. JAMBI,15,KAB. MERANGIN,1502,Negeri,90,123,65,46,324,324
2023,PROV. JAMBI,15,KAB. MERANGIN,1502,Swasta,9,3,3,3,18,18
2023,PROV. JAMBI,15,KAB. MERANGIN,1502,Negeri dan Swasta,99,126,68,49,342,342
2023,PROV. JAMBI,15,KAB. SAROLANGUN,1503,Negeri dan Swasta,109,91,98,13,311,311
2023,PROV. JAMBI,15,KAB. SAROLANGUN,1503,Negeri,94,71,90,10,265,265
2023,PROV. JAMBI,15,KAB. SAROLANGUN,1503,Swasta,15,20,8,3,46,46
2023,PROV. JAMBI,15,KAB. BATANGHARI,1504,Negeri dan Swasta,139,90,41,8,278,278
2023,PROV. JAMBI,15,KAB. BATANGHARI,1504,Swasta,21,4,4,0,29,29
2023,PROV. JAMBI,15,KAB. BATANGHARI,1504,Negeri,118,86,37,8,249,249
2023,PROV. JAMBI,15,KAB. MUARO JAMBI,1505,Negeri,121,82,61,96,360,360
2023,PROV. JAMBI,15,KAB. MUARO JAMBI,1505,Swasta,15,13,5,4,37,37
2023,PROV. JAMBI,15,KAB. MUARO JAMBI,1505,Negeri dan Swasta,136,95,66,100,397,397
2023,PROV. JAMBI,15,KAB. TANJUNG JABUNG BARAT,1506,Negeri dan Swasta,118,57,25,29,229,229
2023,PROV. JAMBI,15,KAB. TANJUNG JABUNG BARAT,1506,Swasta,27,4,1,2,34,34
2023,PROV. JAMBI,15,KAB. TANJUNG JABUNG BARAT,1506,Negeri,91,53,24,27,195,195
2023,PROV. JAMBI,15,KAB. TANJUNG JABUNG TIMUR,1507,Negeri,107,39,66,11,223,223
2023,PROV. JAMBI,15,KAB. TANJUNG JABUNG TIMUR,1507,Negeri dan Swasta,110,41,67,11,229,229
2023,PROV. JAMBI,15,KAB. TANJUNG JABUNG TIMUR,1507,Swasta,3,2,1,0,6,6
2023,PROV. JAMBI,15,KAB. BUNGO,1508,Negeri dan Swasta,142,105,60,20,327,327
2023,PROV. JAMBI,15,KAB. BUNGO,1508,Swasta,12,8,2,1,23,23
2023,PROV. JAMBI,15,KAB. BUNGO,1508,Negeri,130,97,58,19,304,304
2023,PROV. JAMBI,15,KAB. TEBO,1509,Negeri dan Swasta,152,92,54,45,343,343
2023,PROV. JAMBI,15,KAB. TEBO,1509,Negeri,138,82,49,45,314,314
2023,PROV. JAMBI,15,KAB. TEBO,1509,Swasta,14,10,5,0,29,29
2023,PROV. JAMBI,15,KOTA JAMBI,1571,Swasta,134,40,8,1,183,183
2023,PROV. JAMBI,15,KOTA JAMBI,1571,Negeri,92,43,48,34,217,217
2023,PROV. JAMBI,15,KOTA JAMBI,1571,Negeri dan Swasta,226,83,56,35,400,400
2023,PROV. JAMBI,15,KOTA SUNGAI PENUH,1572,Negeri,22,14,30,36,102,102
2023,PROV. JAMBI,15,KOTA SUNGAI PENUH,1572,Negeri dan Swasta,27,15,30,36,108,108
2023,PROV. JAMBI,15,KOTA SUNGAI PENUH,1572,Swasta,5,1,0,0,6,6
2023,PROV. SUMATERA SELATAN,16,KAB. OGAN KOMERING ULU,1601,Negeri,120,70,42,25,257,257
2023,PROV. SUMATERA SELATAN,16,KAB. OGAN KOMERING ULU,1601,Negeri dan Swasta,155,85,45,26,311,311
2023,PROV. SUMATERA SELATAN,16,KAB. OGAN KOMERING ULU,1601,Swasta,35,15,3,1,54,54
2023,PROV. SUMATERA SELATAN,16,KAB. OGAN KOMERING ILIR,1602,Negeri dan Swasta,229,201,113,44,587,587
2023,PROV. SUMATERA SELATAN,16,KAB. OGAN KOMERING ILIR,1602,Negeri,194,180,107,41,522,522
2023,PROV. SUMATERA SELATAN,16,KAB. OGAN KOMERING ILIR,1602,Swasta,35,21,6,3,65,65
2023,PROV. SUMATERA SELATAN,16,KAB. MUARA ENIM,1603,Negeri,232,115,67,37,451,451
2023,PROV. SUMATERA SELATAN,16,KAB. MUARA ENIM,1603,Negeri dan Swasta,278,124,72,38,512,512
2023,PROV. SUMATERA SELATAN,16,KAB. MUARA ENIM,1603,Swasta,46,9,5,1,61,61
2023,PROV. SUMATERA SELATAN,16,KAB. LAHAT,1604,Negeri,119,116,89,29,353,353
2023,PROV. SUMATERA SELATAN,16,KAB. LAHAT,1604,Swasta,22,10,8,5,45,45
2023,PROV. SUMATERA SELATAN,16,KAB. LAHAT,1604,Negeri dan Swasta,141,126,97,34,398,398
2023,PROV. SUMATERA SELATAN,16,KAB. MUSI RAWAS,1605,Negeri,130,112,107,30,379,379
2023,PROV. SUMATERA SELATAN,16,KAB. MUSI RAWAS,1605,Swasta,26,4,3,3,36,36
2023,PROV. SUMATERA SELATAN,16,KAB. MUSI RAWAS,1605,Negeri dan Swasta,156,116,110,33,415,415
2023,PROV. SUMATERA SELATAN,16,KAB. MUSI BANYUASIN,1606,Negeri,312,140,70,40,562,562
2023,PROV. SUMATERA SELATAN,16,KAB. MUSI BANYUASIN,1606,Swasta,45,38,7,11,101,101
2023,PROV. SUMATERA SELATAN,16,KAB. MUSI BANYUASIN,1606,Negeri dan Swasta,357,178,77,51,663,663
2023,PROV. SUMATERA SELATAN,16,KAB. BANYUASIN,1607,Swasta,53,23,11,9,96,96
2023,PROV. SUMATERA SELATAN,16,KAB. BANYUASIN,1607,Negeri,153,197,84,36,470,470
2023,PROV. SUMATERA SELATAN,16,KAB. BANYUASIN,1607,Negeri dan Swasta,206,220,95,45,566,566
2023,PROV. SUMATERA SELATAN,16,KAB. OGAN KOMERING ULU TIMUR,1608,Swasta,44,28,14,6,92,92
2023,PROV. SUMATERA SELATAN,16,KAB. OGAN KOMERING ULU TIMUR,1608,Negeri,157,114,97,10,378,378
2023,PROV. SUMATERA SELATAN,16,KAB. OGAN KOMERING ULU TIMUR,1608,Negeri dan Swasta,201,142,111,16,470,470
2023,PROV. SUMATERA SELATAN,16,KAB. OGAN KOMERING ULU SELATAN,1609,Swasta,14,3,5,1,23,23
2023,PROV. SUMATERA SELATAN,16,KAB. OGAN KOMERING ULU SELATAN,1609,Negeri dan Swasta,125,67,58,20,270,270
2023,PROV. SUMATERA SELATAN,16,KAB. OGAN KOMERING ULU SELATAN,1609,Negeri,111,64,53,19,247,247
2023,PROV. SUMATERA SELATAN,16,KAB. OGAN ILIR,1610,Negeri,127,85,51,27,290,290
2023,PROV. SUMATERA SELATAN,16,KAB. OGAN ILIR,1610,Swasta,21,8,5,1,35,35
2023,PROV. SUMATERA SELATAN,16,KAB. OGAN ILIR,1610,Negeri dan Swasta,148,93,56,28,325,325
2023,PROV. SUMATERA SELATAN,16,KAB. EMPAT LAWANG,1611,Negeri dan Swasta,83,47,65,8,203,203
2023,PROV. SUMATERA SELATAN,16,KAB. EMPAT LAWANG,1611,Negeri,81,42,64,8,195,195
2023,PROV. SUMATERA SELATAN,16,KAB. EMPAT LAWANG,1611,Swasta,2,5,1,0,8,8
2023,PROV. SUMATERA SELATAN,16,KAB. PENUKAL ABAB LEMATANG ILIR,1612,Swasta,16,10,3,3,32,32
2023,PROV. SUMATERA SELATAN,16,KAB. PENUKAL ABAB LEMATANG ILIR,1612,Negeri,76,49,13,14,152,152
2023,PROV. SUMATERA SELATAN,16,KAB. PENUKAL ABAB LEMATANG ILIR,1612,Negeri dan Swasta,92,59,16,17,184,184
2023,PROV. SUMATERA SELATAN,16,KAB. MUSI RAWAS UTARA,1613,Negeri,64,43,41,22,170,170
2023,PROV. SUMATERA SELATAN,16,KAB. MUSI RAWAS UTARA,1613,Negeri dan Swasta,66,44,43,22,175,175
2023,PROV. SUMATERA SELATAN,16,KAB. MUSI RAWAS UTARA,1613,Swasta,2,1,2,0,5,5
2023,PROV. SUMATERA SELATAN,16,KOTA PALEMBANG,1671,Negeri dan Swasta,427,210,162,57,856,856
2023,PROV. SUMATERA SELATAN,16,KOTA PALEMBANG,1671,Swasta,327,123,64,13,527,527
2023,PROV. SUMATERA SELATAN,16,KOTA PALEMBANG,1671,Negeri,100,87,98,44,329,329
2023,PROV. SUMATERA SELATAN,16,KOTA PAGAR ALAM,1672,Swasta,26,4,6,2,38,38
2023,PROV. SUMATERA SELATAN,16,KOTA PAGAR ALAM,1672,Negeri,30,19,20,13,82,82
2023,PROV. SUMATERA SELATAN,16,KOTA PAGAR ALAM,1672,Negeri dan Swasta,56,23,26,15,120,120
2023,PROV. SUMATERA SELATAN,16,KOTA LUBUK LINGGAU,1673,Negeri dan Swasta,116,26,26,18,186,186
2023,PROV. SUMATERA SELATAN,16,KOTA LUBUK LINGGAU,1673,Swasta,51,9,6,3,69,69
2023,PROV. SUMATERA SELATAN,16,KOTA LUBUK LINGGAU,1673,Negeri,65,17,20,15,117,117
2023,PROV. SUMATERA SELATAN,16,KOTA PRABUMULIH,1674,Negeri,55,18,10,20,103,103
2023,PROV. SUMATERA SELATAN,16,KOTA PRABUMULIH,1674,Negeri dan Swasta,79,29,16,23,147,147
2023,PROV. SUMATERA SELATAN,16,KOTA PRABUMULIH,1674,Swasta,24,11,6,3,44,44
2023,PROV. BENGKULU,17,KAB. BENGKULU SELATAN,1701,Negeri dan Swasta,66,49,69,6,190,190
2023,PROV. BENGKULU,17,KAB. BENGKULU SELATAN,1701,Negeri,56,47,67,5,175,175
2023,PROV. BENGKULU,17,KAB. BENGKULU SELATAN,1701,Swasta,10,2,2,1,15,15
2023,PROV. BENGKULU,17,KAB. REJANG LEBONG,1702,Negeri,56,82,54,22,214,214
2023,PROV. BENGKULU,17,KAB. REJANG LEBONG,1702,Negeri dan Swasta,73,91,66,24,254,254
2023,PROV. BENGKULU,17,KAB. REJANG LEBONG,1702,Swasta,17,9,12,2,40,40
2023,PROV. BENGKULU,17,KAB. BENGKULU UTARA,1703,Negeri,107,76,93,10,286,286
2023,PROV. BENGKULU,17,KAB. BENGKULU UTARA,1703,Negeri dan Swasta,115,80,96,12,303,303
2023,PROV. BENGKULU,17,KAB. BENGKULU UTARA,1703,Swasta,8,4,3,2,17,17
2023,PROV. BENGKULU,17,KAB. KAUR,1704,Negeri dan Swasta,73,47,60,13,193,193
2023,PROV. BENGKULU,17,KAB. KAUR,1704,Negeri,68,41,53,13,175,175
2023,PROV. BENGKULU,17,KAB. KAUR,1704,Swasta,5,6,7,0,18,18
2023,PROV. BENGKULU,17,KAB. SELUMA,1705,Negeri dan Swasta,81,61,57,23,222,222
2023,PROV. BENGKULU,17,KAB. SELUMA,1705,Swasta,5,1,2,0,8,8
2023,PROV. BENGKULU,17,KAB. SELUMA,1705,Negeri,76,60,55,23,214,214
2023,PROV. BENGKULU,17,KAB. MUKOMUKO,1706,Negeri dan Swasta,94,75,42,18,229,229
2023,PROV. BENGKULU,17,KAB. MUKOMUKO,1706,Swasta,8,9,2,2,21,21
2023,PROV. BENGKULU,17,KAB. MUKOMUKO,1706,Negeri,86,66,40,16,208,208
2023,PROV. BENGKULU,17,KAB. LEBONG,1707,Swasta,7,2,0,1,10,10
2023,PROV. BENGKULU,17,KAB. LEBONG,1707,Negeri dan Swasta,37,43,39,13,132,132
2023,PROV. BENGKULU,17,KAB. LEBONG,1707,Negeri,30,41,39,12,122,122
2023,PROV. BENGKULU,17,KAB. KEPAHIANG,1708,Negeri dan Swasta,76,50,44,5,175,175
2023,PROV. BENGKULU,17,KAB. KEPAHIANG,1708,Negeri,71,48,38,4,161,161
2023,PROV. BENGKULU,17,KAB. KEPAHIANG,1708,Swasta,5,2,6,1,14,14
2023,PROV. BENGKULU,17,KAB. BENGKULU TENGAH,1709,Swasta,4,0,1,0,5,5
2023,PROV. BENGKULU,17,KAB. BENGKULU TENGAH,1709,Negeri,49,34,53,17,153,153
2023,PROV. BENGKULU,17,KAB. BENGKULU TENGAH,1709,Negeri dan Swasta,53,34,54,17,158,158
2023,PROV. BENGKULU,17,KOTA BENGKULU,1771,Negeri,65,38,26,16,145,145
2023,PROV. BENGKULU,17,KOTA BENGKULU,1771,Swasta,87,45,14,7,153,153
2023,PROV. BENGKULU,17,KOTA BENGKULU,1771,Negeri dan Swasta,152,83,40,23,298,298
2023,PROV. LAMPUNG,18,KAB. LAMPUNG SELATAN,1801,Swasta,90,45,31,9,175,175
2023,PROV. LAMPUNG,18,KAB. LAMPUNG SELATAN,1801,Negeri,194,106,50,94,444,444
2023,PROV. LAMPUNG,18,KAB. LAMPUNG SELATAN,1801,Negeri dan Swasta,284,151,81,103,619,619
2023,PROV. LAMPUNG,18,KAB. LAMPUNG TENGAH,1802,Swasta,116,85,30,21,252,252
2023,PROV. LAMPUNG,18,KAB. LAMPUNG TENGAH,1802,Negeri,203,175,115,53,546,546
2023,PROV. LAMPUNG,18,KAB. LAMPUNG TENGAH,1802,Negeri dan Swasta,319,260,145,74,798,798
2023,PROV. LAMPUNG,18,KAB. LAMPUNG UTARA,1803,Negeri,115,101,91,73,380,380
2023,PROV. LAMPUNG,18,KAB. LAMPUNG UTARA,1803,Negeri dan Swasta,169,127,110,79,485,485
2023,PROV. LAMPUNG,18,KAB. LAMPUNG UTARA,1803,Swasta,54,26,19,6,105,105
2023,PROV. LAMPUNG,18,KAB. LAMPUNG BARAT,1804,Negeri,83,75,68,38,264,264
2023,PROV. LAMPUNG,18,KAB. LAMPUNG BARAT,1804,Negeri dan Swasta,94,83,77,48,302,302
2023,PROV. LAMPUNG,18,KAB. LAMPUNG BARAT,1804,Swasta,11,8,9,10,38,38
2023,PROV. LAMPUNG,18,KAB. TULANG BAWANG,1805,Negeri dan Swasta,120,77,51,24,272,272
2023,PROV. LAMPUNG,18,KAB. TULANG BAWANG,1805,Negeri,84,58,44,20,206,206
2023,PROV. LAMPUNG,18,KAB. TULANG BAWANG,1805,Swasta,36,19,7,4,66,66
2023,PROV. LAMPUNG,18,KAB. TANGGAMUS,1806,Negeri,153,99,98,20,370,370
2023,PROV. LAMPUNG,18,KAB. TANGGAMUS,1806,Swasta,28,10,9,4,51,51
2023,PROV. LAMPUNG,18,KAB. TANGGAMUS,1806,Negeri dan Swasta,181,109,107,24,421,421
2023,PROV. LAMPUNG,18,KAB. LAMPUNG TIMUR,1807,Negeri,187,159,94,46,486,486
2023,PROV. LAMPUNG,18,KAB. LAMPUNG TIMUR,1807,Swasta,106,62,39,26,233,233
2023,PROV. LAMPUNG,18,KAB. LAMPUNG TIMUR,1807,Negeri dan Swasta,293,221,133,72,719,719
2023,PROV. LAMPUNG,18,KAB. WAY KANAN,1808,Negeri dan Swasta,126,120,114,91,451,451
2023,PROV. LAMPUNG,18,KAB. WAY KANAN,1808,Swasta,18,16,6,11,51,51
2023,PROV. LAMPUNG,18,KAB. WAY KANAN,1808,Negeri,108,104,108,80,400,400
2023,PROV. LAMPUNG,18,KAB. PESAWARAN,1809,Negeri,106,91,108,20,325,325
2023,PROV. LAMPUNG,18,KAB. PESAWARAN,1809,Swasta,23,22,5,4,54,54
2023,PROV. LAMPUNG,18,KAB. PESAWARAN,1809,Negeri dan Swasta,129,113,113,24,379,379
2023,PROV. LAMPUNG,18,KAB. PRINGSEWU,1810,Negeri,129,80,53,9,271,271
2023,PROV. LAMPUNG,18,KAB. PRINGSEWU,1810,Swasta,52,22,11,1,86,86
2023,PROV. LAMPUNG,18,KAB. PRINGSEWU,1810,Negeri dan Swasta,181,102,64,10,357,357
2023,PROV. LAMPUNG,18,KAB. MESUJI,1811,Negeri dan Swasta,61,64,83,17,225,225
2023,PROV. LAMPUNG,18,KAB. MESUJI,1811,Negeri,48,53,75,14,190,190
2023,PROV. LAMPUNG,18,KAB. MESUJI,1811,Swasta,13,11,8,3,35,35
2023,PROV. LAMPUNG,18,KAB. TULANG BAWANG BARAT,1812,Swasta,13,12,11,2,38,38
2023,PROV. LAMPUNG,18,KAB. TULANG BAWANG BARAT,1812,Negeri dan Swasta,78,75,102,13,268,268
2023,PROV. LAMPUNG,18,KAB. TULANG BAWANG BARAT,1812,Negeri,65,63,91,11,230,230
2023,PROV. LAMPUNG,18,KAB. PESISIR BARAT,1813,Negeri dan Swasta,28,36,42,40,146,146
2023,PROV. LAMPUNG,18,KAB. PESISIR BARAT,1813,Swasta,2,5,4,1,12,12
2023,PROV. LAMPUNG,18,KAB. PESISIR BARAT,1813,Negeri,26,31,38,39,134,134
2023,PROV. LAMPUNG,18,KOTA BANDAR LAMPUNG,1871,Swasta,277,54,11,9,351,351
2023,PROV. LAMPUNG,18,KOTA BANDAR LAMPUNG,1871,Negeri,130,48,31,25,234,234
2023,PROV. LAMPUNG,18,KOTA BANDAR LAMPUNG,1871,Negeri dan Swasta,407,102,42,34,585,585
2023,PROV. LAMPUNG,18,KOTA METRO,1872,Negeri dan Swasta,90,30,35,5,160,160
2023,PROV. LAMPUNG,18,KOTA METRO,1872,Swasta,55,17,9,1,82,82
2023,PROV. LAMPUNG,18,KOTA METRO,1872,Negeri,35,13,26,4,78,78
2023,PROV. KEPULAUAN BANGKA BELITUNG,19,KAB. BANGKA,1901,Swasta,46,5,3,0,54,54
2023,PROV. KEPULAUAN BANGKA BELITUNG,19,KAB. BANGKA,1901,Negeri,109,46,42,26,223,223
2023,PROV. KEPULAUAN BANGKA BELITUNG,19,KAB. BANGKA,1901,Negeri dan Swasta,155,51,45,26,277,277
2023,PROV. KEPULAUAN BANGKA BELITUNG,19,KAB. BELITUNG,1902,Swasta,18,1,2,0,21,21
2023,PROV. KEPULAUAN BANGKA BELITUNG,19,KAB. BELITUNG,1902,Negeri dan Swasta,87,31,30,27,175,175
2023,PROV. KEPULAUAN BANGKA BELITUNG,19,KAB. BELITUNG,1902,Negeri,69,30,28,27,154,154
2023,PROV. KEPULAUAN BANGKA BELITUNG,19,KAB. BANGKA SELATAN,1903,Negeri dan Swasta,86,27,22,19,154,154
2023,PROV. KEPULAUAN BANGKA BELITUNG,19,KAB. BANGKA SELATAN,1903,Negeri,75,25,22,19,141,141
2023,PROV. KEPULAUAN BANGKA BELITUNG,19,KAB. BANGKA SELATAN,1903,Swasta,11,2,0,0,13,13
2023,PROV. KEPULAUAN BANGKA BELITUNG,19,KAB. BANGKA TENGAH,1904,Swasta,12,7,2,0,21,21
2023,PROV. KEPULAUAN BANGKA BELITUNG,19,KAB. BANGKA TENGAH,1904,Negeri dan Swasta,64,58,30,4,156,156
2023,PROV. KEPULAUAN BANGKA BELITUNG,19,KAB. BANGKA TENGAH,1904,Negeri,52,51,28,4,135,135
2023,PROV. KEPULAUAN BANGKA BELITUNG,19,KAB. BANGKA BARAT,1905,Swasta,18,5,2,2,27,27
2023,PROV. KEPULAUAN BANGKA BELITUNG,19,KAB. BANGKA BARAT,1905,Negeri dan Swasta,85,35,35,40,195,195
2023,PROV. KEPULAUAN BANGKA BELITUNG,19,KAB. BANGKA BARAT,1905,Negeri,67,30,33,38,168,168
2023,PROV. KEPULAUAN BANGKA BELITUNG,19,KAB. BELITUNG TIMUR,1906,Negeri,61,33,25,21,140,140
2023,PROV. KEPULAUAN BANGKA BELITUNG,19,KAB. BELITUNG TIMUR,1906,Swasta,2,2,1,0,5,5
2023,PROV. KEPULAUAN BANGKA BELITUNG,19,KAB. BELITUNG TIMUR,1906,Negeri dan Swasta,63,35,26,21,145,145
2023,PROV. KEPULAUAN BANGKA BELITUNG,19,KOTA PANGKAL PINANG,1971,Negeri dan Swasta,83,28,33,15,159,159
2023,PROV. KEPULAUAN BANGKA BELITUNG,19,KOTA PANGKAL PINANG,1971,Negeri,36,16,32,12,96,96
2023,PROV. KEPULAUAN BANGKA BELITUNG,19,KOTA PANGKAL PINANG,1971,Swasta,47,12,1,3,63,63
2023,PROV. KEPULAUAN RIAU,21,KAB. BINTAN,2101,Negeri dan Swasta,109,31,10,3,153,153
2023,PROV. KEPULAUAN RIAU,21,KAB. BINTAN,2101,Swasta,22,4,1,0,27,27
2023,PROV. KEPULAUAN RIAU,21,KAB. BINTAN,2101,Negeri,87,27,9,3,126,126
2023,PROV. KEPULAUAN RIAU,21,KAB. KARIMUN,2102,Negeri,101,31,19,10,161,161
2023,PROV. KEPULAUAN RIAU,21,KAB. KARIMUN,2102,Swasta,34,6,2,1,43,43
2023,PROV. KEPULAUAN RIAU,21,KAB. KARIMUN,2102,Negeri dan Swasta,135,37,21,11,204,204
2023,PROV. KEPULAUAN RIAU,21,KAB. NATUNA,2103,Swasta,1,0,0,0,1,1
2023,PROV. KEPULAUAN RIAU,21,KAB. NATUNA,2103,Negeri dan Swasta,43,39,27,19,128,128
2023,PROV. KEPULAUAN RIAU,21,KAB. NATUNA,2103,Negeri,42,39,27,19,127,127
2023,PROV. KEPULAUAN RIAU,21,KAB. LINGGA,2104,Swasta,6,1,0,0,7,7
2023,PROV. KEPULAUAN RIAU,21,KAB. LINGGA,2104,Negeri,74,16,28,19,137,137
2023,PROV. KEPULAUAN RIAU,21,KAB. LINGGA,2104,Negeri dan Swasta,80,17,28,19,144,144
2023,PROV. KEPULAUAN RIAU,21,KAB. KEPULAUAN ANAMBAS,2105,Negeri,43,19,12,19,93,93
2023,PROV. KEPULAUAN RIAU,21,KAB. KEPULAUAN ANAMBAS,2105,Swasta,3,1,0,0,4,4
2023,PROV. KEPULAUAN RIAU,21,KAB. KEPULAUAN ANAMBAS,2105,Negeri dan Swasta,46,20,12,19,97,97
2023,PROV. KEPULAUAN RIAU,21,KOTA BATAM,2171,Negeri,143,35,19,35,232,232
2023,PROV. KEPULAUAN RIAU,21,KOTA BATAM,2171,Swasta,392,89,17,8,506,506
2023,PROV. KEPULAUAN RIAU,21,KOTA BATAM,2171,Negeri dan Swasta,535,124,36,43,738,738
2023,PROV. KEPULAUAN RIAU,21,KOTA TANJUNG PINANG,2172,Negeri dan Swasta,87,23,8,24,142,142
2023,PROV. KEPULAUAN RIAU,21,KOTA TANJUNG PINANG,2172,Swasta,39,10,0,2,51,51
2023,PROV. KEPULAUAN RIAU,21,KOTA TANJUNG PINANG,2172,Negeri,48,13,8,22,91,91
2023,PROV. D.K.I. JAKARTA,31,KAB. ADM. KEP. SERIBU,3101,Negeri,15,4,4,1,24,24
2023,PROV. D.K.I. JAKARTA,31,KAB. ADM. KEP. SERIBU,3101,Negeri dan Swasta,15,4,4,1,24,24
2023,PROV. D.K.I. JAKARTA,31,KAB. ADM. KEP. SERIBU,3101,Swasta,0,0,0,0,0,0
2023,PROV. D.K.I. JAKARTA,31,KOTA ADM. JAKARTA PUSAT,3171,Negeri,177,37,13,5,232,232
2023,PROV. D.K.I. JAKARTA,31,KOTA ADM. JAKARTA PUSAT,3171,Negeri dan Swasta,439,74,16,5,534,534
2023,PROV. D.K.I. JAKARTA,31,KOTA ADM. JAKARTA PUSAT,3171,Swasta,262,37,3,0,302,302
2023,PROV. D.K.I. JAKARTA,31,KOTA ADM. JAKARTA UTARA,3172,Negeri dan Swasta,709,86,15,5,815,815
2023,PROV. D.K.I. JAKARTA,31,KOTA ADM. JAKARTA UTARA,3172,Swasta,521,60,13,1,595,595
2023,PROV. D.K.I. JAKARTA,31,KOTA ADM. JAKARTA UTARA,3172,Negeri,188,26,2,4,220,220
2023,PROV. D.K.I. JAKARTA,31,KOTA ADM. JAKARTA BARAT,3173,Negeri dan Swasta,1015,134,30,10,1189,1189
2023,PROV. D.K.I. JAKARTA,31,KOTA ADM. JAKARTA BARAT,3173,Negeri,313,48,20,6,387,387
2023,PROV. D.K.I. JAKARTA,31,KOTA ADM. JAKARTA BARAT,3173,Swasta,702,86,10,4,802,802
2023,PROV. D.K.I. JAKARTA,31,KOTA ADM. JAKARTA SELATAN,3174,Swasta,591,63,8,4,666,666
2023,PROV. D.K.I. JAKARTA,31,KOTA ADM. JAKARTA SELATAN,3174,Negeri dan Swasta,896,138,28,17,1079,1079
2023,PROV. D.K.I. JAKARTA,31,KOTA ADM. JAKARTA SELATAN,3174,Negeri,305,75,20,13,413,413
2023,PROV. D.K.I. JAKARTA,31,KOTA ADM. JAKARTA TIMUR,3175,Negeri dan Swasta,1106,172,39,19,1336,1336
2023,PROV. D.K.I. JAKARTA,31,KOTA ADM. JAKARTA TIMUR,3175,Swasta,642,106,13,9,770,770
2023,PROV. D.K.I. JAKARTA,31,KOTA ADM. JAKARTA TIMUR,3175,Negeri,464,66,26,10,566,566
2023,PROV. JAWA BARAT,32,KAB. BOGOR,3201,Negeri dan Swasta,1426,723,323,324,2796,2796
2023,PROV. JAWA BARAT,32,KAB. BOGOR,3201,Swasta,956,376,89,62,1483,1483
2023,PROV. JAWA BARAT,32,KAB. BOGOR,3201,Negeri,470,347,234,262,1313,1313
2023,PROV. JAWA BARAT,32,KAB. SUKABUMI,3202,Negeri dan Swasta,393,361,287,156,1197,1197
2023,PROV. JAWA BARAT,32,KAB. SUKABUMI,3202,Swasta,201,110,56,27,394,394
2023,PROV. JAWA BARAT,32,KAB. SUKABUMI,3202,Negeri,192,251,231,129,803,803
2023,PROV. JAWA BARAT,32,KAB. CIANJUR,3203,Negeri dan Swasta,426,337,196,209,1168,1168
2023,PROV. JAWA BARAT,32,KAB. CIANJUR,3203,Swasta,208,101,37,17,363,363
2023,PROV. JAWA BARAT,32,KAB. CIANJUR,3203,Negeri,218,236,159,192,805,805
2023,PROV. JAWA BARAT,32,KAB. BANDUNG,3204,Negeri,303,380,275,154,1112,1112
2023,PROV. JAWA BARAT,32,KAB. BANDUNG,3204,Swasta,364,182,89,29,664,664
2023,PROV. JAWA BARAT,32,KAB. BANDUNG,3204,Negeri dan Swasta,667,562,364,183,1776,1776
2023,PROV. JAWA BARAT,32,KAB. GARUT,3205,Swasta,201,168,66,42,477,477
2023,PROV. JAWA BARAT,32,KAB. GARUT,3205,Negeri,257,276,201,141,875,875
2023,PROV. JAWA BARAT,32,KAB. GARUT,3205,Negeri dan Swasta,458,444,267,183,1352,1352
2023,PROV. JAWA BARAT,32,KAB. TASIKMALAYA,3206,Negeri dan Swasta,296,273,211,107,887,887
2023,PROV. JAWA BARAT,32,KAB. TASIKMALAYA,3206,Swasta,130,88,37,18,273,273
2023,PROV. JAWA BARAT,32,KAB. TASIKMALAYA,3206,Negeri,166,185,174,89,614,614
2023,PROV. JAWA BARAT,32,KAB. CIAMIS,3207,Negeri dan Swasta,263,250,203,56,772,772
2023,PROV. JAWA BARAT,32,KAB. CIAMIS,3207,Negeri,200,210,178,46,634,634
2023,PROV. JAWA BARAT,32,KAB. CIAMIS,3207,Swasta,63,40,25,10,138,138
2023,PROV. JAWA BARAT,32,KAB. KUNINGAN,3208,Negeri dan Swasta,205,152,142,124,623,623
2023,PROV. JAWA BARAT,32,KAB. KUNINGAN,3208,Negeri,146,138,125,121,530,530
2023,PROV. JAWA BARAT,32,KAB. KUNINGAN,3208,Swasta,59,14,17,3,93,93
2023,PROV. JAWA BARAT,32,KAB. CIREBON,3209,Swasta,176,82,25,11,294,294
2023,PROV. JAWA BARAT,32,KAB. CIREBON,3209,Negeri,272,182,117,137,708,708
2023,PROV. JAWA BARAT,32,KAB. CIREBON,3209,Negeri dan Swasta,448,264,142,148,1002,1002
2023,PROV. JAWA BARAT,32,KAB. MAJALENGKA,3210,Negeri dan Swasta,208,184,192,19,603,603
2023,PROV. JAWA BARAT,32,KAB. MAJALENGKA,3210,Swasta,70,28,4,4,106,106
2023,PROV. JAWA BARAT,32,KAB. MAJALENGKA,3210,Negeri,138,156,188,15,497,497
2023,PROV. JAWA BARAT,32,KAB. SUMEDANG,3211,Negeri dan Swasta,288,196,240,22,746,746
2023,PROV. JAWA BARAT,32,KAB. SUMEDANG,3211,Negeri,180,141,220,19,560,560
2023,PROV. JAWA BARAT,32,KAB. SUMEDANG,3211,Swasta,108,55,20,3,186,186
2023,PROV. JAWA BARAT,32,KAB. INDRAMAYU,3212,Negeri,175,154,118,119,566,566
2023,PROV. JAWA BARAT,32,KAB. INDRAMAYU,3212,Negeri dan Swasta,307,235,163,131,836,836
2023,PROV. JAWA BARAT,32,KAB. INDRAMAYU,3212,Swasta,132,81,45,12,270,270
2023,PROV. JAWA BARAT,32,KAB. SUBANG,3213,Negeri,168,278,215,24,685,685
2023,PROV. JAWA BARAT,32,KAB. SUBANG,3213,Swasta,132,73,30,11,246,246
2023,PROV. JAWA BARAT,32,KAB. SUBANG,3213,Negeri dan Swasta,300,351,245,35,931,931
2023,PROV. JAWA BARAT,32,KAB. PURWAKARTA,3214,Negeri,222,149,48,9,428,428
2023,PROV. JAWA BARAT,32,KAB. PURWAKARTA,3214,Swasta,93,29,8,4,134,134
2023,PROV. JAWA BARAT,32,KAB. PURWAKARTA,3214,Negeri dan Swasta,315,178,56,13,562,562
2023,PROV. JAWA BARAT,32,KAB. KARAWANG,3215,Swasta,202,74,17,10,303,303
2023,PROV. JAWA BARAT,32,KAB. KARAWANG,3215,Negeri,164,152,135,85,536,536
2023,PROV. JAWA BARAT,32,KAB. KARAWANG,3215,Negeri dan Swasta,366,226,152,95,839,839
2023,PROV. JAWA BARAT,32,KAB. BEKASI,3216,Swasta,646,174,39,23,882,882
2023,PROV. JAWA BARAT,32,KAB. BEKASI,3216,Negeri dan Swasta,871,308,87,75,1341,1341
2023,PROV. JAWA BARAT,32,KAB. BEKASI,3216,Negeri,225,134,48,52,459,459
2023,PROV. JAWA BARAT,32,KAB. BANDUNG BARAT,3217,Swasta,157,83,39,13,292,292
2023,PROV. JAWA BARAT,32,KAB. BANDUNG BARAT,3217,Negeri,123,197,155,111,586,586
2023,PROV. JAWA BARAT,32,KAB. BANDUNG BARAT,3217,Negeri dan Swasta,280,280,194,124,878,878
2023,PROV. JAWA BARAT,32,KAB. PANGANDARAN,3218,Negeri dan Swasta,86,76,85,42,289,289
2023,PROV. JAWA BARAT,32,KAB. PANGANDARAN,3218,Swasta,20,11,7,4,42,42
2023,PROV. JAWA BARAT,32,KAB. PANGANDARAN,3218,Negeri,66,65,78,38,247,247
2023,PROV. JAWA BARAT,32,KOTA BOGOR,3271,Swasta,297,66,11,9,383,383
2023,PROV. JAWA BARAT,32,KOTA BOGOR,3271,Negeri dan Swasta,419,137,38,28,622,622
2023,PROV. JAWA BARAT,32,KOTA BOGOR,3271,Negeri,122,71,27,19,239,239
2023,PROV. JAWA BARAT,32,KOTA SUKABUMI,3272,Negeri dan Swasta,122,59,41,20,242,242
2023,PROV. JAWA BARAT,32,KOTA SUKABUMI,3272,Negeri,51,33,33,17,134,134
2023,PROV. JAWA BARAT,32,KOTA SUKABUMI,3272,Swasta,71,26,8,3,108,108
2023,PROV. JAWA BARAT,32,KOTA BANDUNG,3273,Swasta,565,153,50,10,778,778
2023,PROV. JAWA BARAT,32,KOTA BANDUNG,3273,Negeri,140,98,105,27,370,370
2023,PROV. JAWA BARAT,32,KOTA BANDUNG,3273,Negeri dan Swasta,705,251,155,37,1148,1148
2023,PROV. JAWA BARAT,32,KOTA CIREBON,3274,Negeri,47,39,51,8,145,145
2023,PROV. JAWA BARAT,32,KOTA CIREBON,3274,Negeri dan Swasta,125,76,70,15,286,286
2023,PROV. JAWA BARAT,32,KOTA CIREBON,3274,Swasta,78,37,19,7,141,141
2023,PROV. JAWA BARAT,32,KOTA BEKASI,3275,Negeri,172,92,47,25,336,336
2023,PROV. JAWA BARAT,32,KOTA BEKASI,3275,Negeri dan Swasta,901,265,72,45,1283,1283
2023,PROV. JAWA BARAT,32,KOTA BEKASI,3275,Swasta,729,173,25,20,947,947
2023,PROV. JAWA BARAT,32,KOTA DEPOK,3276,Swasta,540,169,41,22,772,772
2023,PROV. JAWA BARAT,32,KOTA DEPOK,3276,Negeri,125,65,27,21,238,238
2023,PROV. JAWA BARAT,32,KOTA DEPOK,3276,Negeri dan Swasta,665,234,68,43,1010,1010
2023,PROV. JAWA BARAT,32,KOTA CIMAHI,3277,Swasta,86,25,4,6,121,121
2023,PROV. JAWA BARAT,32,KOTA CIMAHI,3277,Negeri,51,28,27,8,114,114
2023,PROV. JAWA BARAT,32,KOTA CIMAHI,3277,Negeri dan Swasta,137,53,31,14,235,235
2023,PROV. JAWA BARAT,32,KOTA TASIKMALAYA,3278,Swasta,102,62,14,6,184,184
2023,PROV. JAWA BARAT,32,KOTA TASIKMALAYA,3278,Negeri dan Swasta,166,124,53,30,373,373
2023,PROV. JAWA BARAT,32,KOTA TASIKMALAYA,3278,Negeri,64,62,39,24,189,189
2023,PROV. JAWA BARAT,32,KOTA BANJAR,3279,Negeri dan Swasta,41,63,20,9,133,133
2023,PROV. JAWA BARAT,32,KOTA BANJAR,3279,Swasta,20,12,2,3,37,37
2023,PROV. JAWA BARAT,32,KOTA BANJAR,3279,Negeri,21,51,18,6,96,96
2023,PROV. JAWA TENGAH,33,KAB. CILACAP,3301,Negeri,350,317,200,50,917,917
2023,PROV. JAWA TENGAH,33,KAB. CILACAP,3301,Swasta,131,63,40,14,248,248
2023,PROV. JAWA TENGAH,33,KAB. CILACAP,3301,Negeri dan Swasta,481,380,240,64,1165,1165
2023,PROV. JAWA TENGAH,33,KAB. BANYUMAS,3302,Negeri dan Swasta,484,346,181,132,1143,1143
2023,PROV. JAWA TENGAH,33,KAB. BANYUMAS,3302,Swasta,216,82,25,21,344,344
2023,PROV. JAWA TENGAH,33,KAB. BANYUMAS,3302,Negeri,268,264,156,111,799,799
2023,PROV. JAWA TENGAH,33,KAB. PURBALINGGA,3303,Swasta,44,17,5,5,71,71
2023,PROV. JAWA TENGAH,33,KAB. PURBALINGGA,3303,Negeri,143,144,89,64,440,440
2023,PROV. JAWA TENGAH,33,KAB. PURBALINGGA,3303,Negeri dan Swasta,187,161,94,69,511,511
2023,PROV. JAWA TENGAH,33,KAB. BANJARNEGARA,3304,Negeri dan Swasta,202,233,133,67,635,635
2023,PROV. JAWA TENGAH,33,KAB. BANJARNEGARA,3304,Negeri,171,213,130,66,580,580
2023,PROV. JAWA TENGAH,33,KAB. BANJARNEGARA,3304,Swasta,31,20,3,1,55,55
2023,PROV. JAWA TENGAH,33,KAB. KEBUMEN,3305,Negeri dan Swasta,499,223,116,69,907,907
2023,PROV. JAWA TENGAH,33,KAB. KEBUMEN,3305,Negeri,371,181,92,64,708,708
2023,PROV. JAWA TENGAH,33,KAB. KEBUMEN,3305,Swasta,128,42,24,5,199,199
2023,PROV. JAWA TENGAH,33,KAB. PURWOREJO,3306,Swasta,78,47,13,2,140,140
2023,PROV. JAWA TENGAH,33,KAB. PURWOREJO,3306,Negeri dan Swasta,295,216,90,27,628,628
2023,PROV. JAWA TENGAH,33,KAB. PURWOREJO,3306,Negeri,217,169,77,25,488,488
2023,PROV. JAWA TENGAH,33,KAB. WONOSOBO,3307,Swasta,77,25,5,3,110,110
2023,PROV. JAWA TENGAH,33,KAB. WONOSOBO,3307,Negeri,220,144,78,36,478,478
2023,PROV. JAWA TENGAH,33,KAB. WONOSOBO,3307,Negeri dan Swasta,297,169,83,39,588,588
2023,PROV. JAWA TENGAH,33,KAB. MAGELANG,3308,Negeri,190,159,88,57,494,494
2023,PROV. JAWA TENGAH,33,KAB. MAGELANG,3308,Negeri dan Swasta,332,233,119,69,753,753
2023,PROV. JAWA TENGAH,33,KAB. MAGELANG,3308,Swasta,142,74,31,12,259,259
2023,PROV. JAWA TENGAH,33,KAB. BOYOLALI,3309,Swasta,108,47,25,15,195,195
2023,PROV. JAWA TENGAH,33,KAB. BOYOLALI,3309,Negeri dan Swasta,327,241,116,70,754,754
2023,PROV. JAWA TENGAH,33,KAB. BOYOLALI,3309,Negeri,219,194,91,55,559,559
2023,PROV. JAWA TENGAH,33,KAB. KLATEN,3310,Negeri dan Swasta,434,291,114,65,904,904
2023,PROV. JAWA TENGAH,33,KAB. KLATEN,3310,Negeri,268,216,104,64,652,652
2023,PROV. JAWA TENGAH,33,KAB. KLATEN,3310,Swasta,166,75,10,1,252,252
2023,PROV. JAWA TENGAH,33,KAB. SUKOHARJO,3311,Negeri,180,219,67,14,480,480
2023,PROV. JAWA TENGAH,33,KAB. SUKOHARJO,3311,Negeri dan Swasta,288,274,81,18,661,661
2023,PROV. JAWA TENGAH,33,KAB. SUKOHARJO,3311,Swasta,108,55,14,4,181,181
2023,PROV. JAWA TENGAH,33,KAB. WONOGIRI,3312,Negeri,372,260,106,37,775,775
2023,PROV. JAWA TENGAH,33,KAB. WONOGIRI,3312,Swasta,61,49,14,5,129,129
2023,PROV. JAWA TENGAH,33,KAB. WONOGIRI,3312,Negeri dan Swasta,433,309,120,42,904,904
2023,PROV. JAWA TENGAH,33,KAB. KARANGANYAR,3313,Negeri,172,186,92,23,473,473
2023,PROV. JAWA TENGAH,33,KAB. KARANGANYAR,3313,Negeri dan Swasta,301,241,106,31,679,679
2023,PROV. JAWA TENGAH,33,KAB. KARANGANYAR,3313,Swasta,129,55,14,8,206,206
2023,PROV. JAWA TENGAH,33,KAB. SRAGEN,3314,Swasta,108,51,9,9,177,177
2023,PROV. JAWA TENGAH,33,KAB. SRAGEN,3314,Negeri,171,168,106,61,506,506
2023,PROV. JAWA TENGAH,33,KAB. SRAGEN,3314,Negeri dan Swasta,279,219,115,70,683,683
2023,PROV. JAWA TENGAH,33,KAB. GROBOGAN,3315,Negeri,165,223,174,149,711,711
2023,PROV. JAWA TENGAH,33,KAB. GROBOGAN,3315,Swasta,73,67,29,27,196,196
2023,PROV. JAWA TENGAH,33,KAB. GROBOGAN,3315,Negeri dan Swasta,238,290,203,176,907,907
2023,PROV. JAWA TENGAH,33,KAB. BLORA,3316,Swasta,84,33,13,11,141,141
2023,PROV. JAWA TENGAH,33,KAB. BLORA,3316,Negeri dan Swasta,263,186,119,78,646,646
2023,PROV. JAWA TENGAH,33,KAB. BLORA,3316,Negeri,179,153,106,67,505,505
2023,PROV. JAWA TENGAH,33,KAB. REMBANG,3317,Negeri,61,145,73,134,413,413
2023,PROV. JAWA TENGAH,33,KAB. REMBANG,3317,Swasta,38,20,5,2,65,65
2023,PROV. JAWA TENGAH,33,KAB. REMBANG,3317,Negeri dan Swasta,99,165,78,136,478,478
2023,PROV. JAWA TENGAH,33,KAB. PATI,3318,Negeri dan Swasta,316,233,132,55,736,736
2023,PROV. JAWA TENGAH,33,KAB. PATI,3318,Negeri,184,187,121,47,539,539
2023,PROV. JAWA TENGAH,33,KAB. PATI,3318,Swasta,132,46,11,8,197,197
2023,PROV. JAWA TENGAH,33,KAB. KUDUS,3319,Negeri,147,118,67,75,407,407
2023,PROV. JAWA TENGAH,33,KAB. KUDUS,3319,Negeri dan Swasta,217,149,78,80,524,524
2023,PROV. JAWA TENGAH,33,KAB. KUDUS,3319,Swasta,70,31,11,5,117,117
2023,PROV. JAWA TENGAH,33,KAB. JEPARA,3320,Negeri,205,151,88,27,471,471
2023,PROV. JAWA TENGAH,33,KAB. JEPARA,3320,Swasta,96,48,19,5,168,168
2023,PROV. JAWA TENGAH,33,KAB. JEPARA,3320,Negeri dan Swasta,301,199,107,32,639,639
2023,PROV. JAWA TENGAH,33,KAB. DEMAK,3321,Negeri,175,169,115,55,514,514
2023,PROV. JAWA TENGAH,33,KAB. DEMAK,3321,Swasta,121,49,17,14,201,201
2023,PROV. JAWA TENGAH,33,KAB. DEMAK,3321,Negeri dan Swasta,296,218,132,69,715,715
2023,PROV. JAWA TENGAH,33,KAB. SEMARANG,3322,Swasta,94,74,21,5,194,194
2023,PROV. JAWA TENGAH,33,KAB. SEMARANG,3322,Negeri,188,140,94,26,448,448
2023,PROV. JAWA TENGAH,33,KAB. SEMARANG,3322,Negeri dan Swasta,282,214,115,31,642,642
2023,PROV. JAWA TENGAH,33,KAB. TEMANGGUNG,3323,Negeri dan Swasta,276,193,72,31,572,572
2023,PROV. JAWA TENGAH,33,KAB. TEMANGGUNG,3323,Swasta,70,34,9,6,119,119
2023,PROV. JAWA TENGAH,33,KAB. TEMANGGUNG,3323,Negeri,206,159,63,25,453,453
2023,PROV. JAWA TENGAH,33,KAB. KENDAL,3324,Swasta,78,44,26,9,157,157
2023,PROV. JAWA TENGAH,33,KAB. KENDAL,3324,Negeri dan Swasta,240,201,156,48,645,645
2023,PROV. JAWA TENGAH,33,KAB. KENDAL,3324,Negeri,162,157,130,39,488,488
2023,PROV. JAWA TENGAH,33,KAB. BATANG,3325,Swasta,38,32,11,2,83,83
2023,PROV. JAWA TENGAH,33,KAB. BATANG,3325,Negeri,149,136,76,26,387,387
2023,PROV. JAWA TENGAH,33,KAB. BATANG,3325,Negeri dan Swasta,187,168,87,28,470,470
2023,PROV. JAWA TENGAH,33,KAB. PEKALONGAN,3326,Negeri dan Swasta,165,216,91,55,527,527
2023,PROV. JAWA TENGAH,33,KAB. PEKALONGAN,3326,Negeri,115,174,85,53,427,427
2023,PROV. JAWA TENGAH,33,KAB. PEKALONGAN,3326,Swasta,50,42,6,2,100,100
2023,PROV. JAWA TENGAH,33,KAB. PEMALANG,3327,Negeri dan Swasta,261,254,158,90,763,763
2023,PROV. JAWA TENGAH,33,KAB. PEMALANG,3327,Negeri,170,193,138,80,581,581
2023,PROV. JAWA TENGAH,33,KAB. PEMALANG,3327,Swasta,91,61,20,10,182,182
2023,PROV. JAWA TENGAH,33,KAB. TEGAL,3328,Negeri,156,148,127,124,555,555
2023,PROV. JAWA TENGAH,33,KAB. TEGAL,3328,Negeri dan Swasta,257,201,146,134,738,738
2023,PROV. JAWA TENGAH,33,KAB. TEGAL,3328,Swasta,101,53,19,10,183,183
2023,PROV. JAWA TENGAH,33,KAB. BREBES,3329,Negeri,221,159,218,76,674,674
2023,PROV. JAWA TENGAH,33,KAB. BREBES,3329,Swasta,121,50,37,11,219,219
2023,PROV. JAWA TENGAH,33,KAB. BREBES,3329,Negeri dan Swasta,342,209,255,87,893,893
2023,PROV. JAWA TENGAH,33,KOTA MAGELANG,3371,Negeri,40,26,11,5,82,82
2023,PROV. JAWA TENGAH,33,KOTA MAGELANG,3371,Swasta,50,24,2,3,79,79
2023,PROV. JAWA TENGAH,33,KOTA MAGELANG,3371,Negeri dan Swasta,90,50,13,8,161,161
2023,PROV. JAWA TENGAH,33,KOTA SURAKARTA,3372,Negeri dan Swasta,314,86,36,21,457,457
2023,PROV. JAWA TENGAH,33,KOTA SURAKARTA,3372,Negeri,106,40,28,18,192,192
2023,PROV. JAWA TENGAH,33,KOTA SURAKARTA,3372,Swasta,208,46,8,3,265,265
2023,PROV. JAWA TENGAH,33,KOTA SALATIGA,3373,Negeri,44,23,9,4,80,80
2023,PROV. JAWA TENGAH,33,KOTA SALATIGA,3373,Swasta,56,20,10,4,90,90
2023,PROV. JAWA TENGAH,33,KOTA SALATIGA,3373,Negeri dan Swasta,100,43,19,8,170,170
2023,PROV. JAWA TENGAH,33,KOTA SEMARANG,3374,Negeri,222,83,40,34,379,379
2023,PROV. JAWA TENGAH,33,KOTA SEMARANG,3374,Swasta,513,106,23,10,652,652
2023,PROV. JAWA TENGAH,33,KOTA SEMARANG,3374,Negeri dan Swasta,735,189,63,44,1031,1031
2023,PROV. JAWA TENGAH,33,KOTA PEKALONGAN,3375,Negeri dan Swasta,77,63,34,10,184,184
2023,PROV. JAWA TENGAH,33,KOTA PEKALONGAN,3375,Swasta,41,27,8,3,79,79
2023,PROV. JAWA TENGAH,33,KOTA PEKALONGAN,3375,Negeri,36,36,26,7,105,105
2023,PROV. JAWA TENGAH,33,KOTA TEGAL,3376,Swasta,49,18,7,4,78,78
2023,PROV. JAWA TENGAH,33,KOTA TEGAL,3376,Negeri dan Swasta,128,49,22,18,217,217
2023,PROV. JAWA TENGAH,33,KOTA TEGAL,3376,Negeri,79,31,15,14,139,139
2023,PROV. D.I. YOGYAKARTA,34,KAB. KULON PROGO,3401,Negeri dan Swasta,285,174,62,30,551,551
2023,PROV. D.I. YOGYAKARTA,34,KAB. KULON PROGO,3401,Swasta,117,55,25,10,207,207
2023,PROV. D.I. YOGYAKARTA,34,KAB. KULON PROGO,3401,Negeri,168,119,37,20,344,344
2023,PROV. D.I. YOGYAKARTA,34,KAB. BANTUL,3402,Negeri dan Swasta,578,201,55,20,854,854
2023,PROV. D.I. YOGYAKARTA,34,KAB. BANTUL,3402,Swasta,340,87,20,11,458,458
2023,PROV. D.I. YOGYAKARTA,34,KAB. BANTUL,3402,Negeri,238,114,35,9,396,396
2023,PROV. D.I. YOGYAKARTA,34,KAB. GUNUNGKIDUL,3403,Swasta,100,54,23,18,195,195
2023,PROV. D.I. YOGYAKARTA,34,KAB. GUNUNGKIDUL,3403,Negeri dan Swasta,295,189,141,63,688,688
2023,PROV. D.I. YOGYAKARTA,34,KAB. GUNUNGKIDUL,3403,Negeri,195,135,118,45,493,493
2023,PROV. D.I. YOGYAKARTA,34,KAB. SLEMAN,3404,Swasta,352,95,27,15,489,489
2023,PROV. D.I. YOGYAKARTA,34,KAB. SLEMAN,3404,Negeri dan Swasta,586,204,81,49,920,920
2023,PROV. D.I. YOGYAKARTA,34,KAB. SLEMAN,3404,Negeri,234,109,54,34,431,431
2023,PROV. D.I. YOGYAKARTA,34,KOTA YOGYAKARTA,3471,Swasta,223,52,9,8,292,292
2023,PROV. D.I. YOGYAKARTA,34,KOTA YOGYAKARTA,3471,Negeri,88,34,10,4,136,136
2023,PROV. D.I. YOGYAKARTA,34,KOTA YOGYAKARTA,3471,Negeri dan Swasta,311,86,19,12,428,428
2023,PROV. JAWA TIMUR,35,KAB. PACITAN,3501,Negeri,149,95,52,97,393,393
2023,PROV. JAWA TIMUR,35,KAB. PACITAN,3501,Swasta,18,14,14,2,48,48
2023,PROV. JAWA TIMUR,35,KAB. PACITAN,3501,Negeri dan Swasta,167,109,66,99,441,441
2023,PROV. JAWA TIMUR,35,KAB. PONOROGO,3502,Swasta,62,53,12,7,134,134
2023,PROV. JAWA TIMUR,35,KAB. PONOROGO,3502,Negeri dan Swasta,225,228,121,90,664,664
2023,PROV. JAWA TIMUR,35,KAB. PONOROGO,3502,Negeri,163,175,109,83,530,530
2023,PROV. JAWA TIMUR,35,KAB. TRENGGALEK,3503,Negeri dan Swasta,224,172,111,29,536,536
2023,PROV. JAWA TIMUR,35,KAB. TRENGGALEK,3503,Negeri,163,146,107,25,441,441
2023,PROV. JAWA TIMUR,35,KAB. TRENGGALEK,3503,Swasta,61,26,4,4,95,95
2023,PROV. JAWA TIMUR,35,KAB. TULUNGAGUNG,3504,Negeri dan Swasta,293,199,92,54,638,638
2023,PROV. JAWA TIMUR,35,KAB. TULUNGAGUNG,3504,Swasta,94,46,19,4,163,163
2023,PROV. JAWA TIMUR,35,KAB. TULUNGAGUNG,3504,Negeri,199,153,73,50,475,475
2023,PROV. JAWA TIMUR,35,KAB. BLITAR,3505,Negeri dan Swasta,309,241,97,75,722,722
2023,PROV. JAWA TIMUR,35,KAB. BLITAR,3505,Swasta,95,50,11,17,173,173
2023,PROV. JAWA TIMUR,35,KAB. BLITAR,3505,Negeri,214,191,86,58,549,549
2023,PROV. JAWA TIMUR,35,KAB. KEDIRI,3506,Negeri dan Swasta,356,204,99,40,699,699
2023,PROV. JAWA TIMUR,35,KAB. KEDIRI,3506,Swasta,148,50,13,7,218,218
2023,PROV. JAWA TIMUR,35,KAB. KEDIRI,3506,Negeri,208,154,86,33,481,481
2023,PROV. JAWA TIMUR,35,KAB. MALANG,3507,Negeri,317,249,96,75,737,737
2023,PROV. JAWA TIMUR,35,KAB. MALANG,3507,Swasta,300,188,65,23,576,576
2023,PROV. JAWA TIMUR,35,KAB. MALANG,3507,Negeri dan Swasta,617,437,161,98,1313,1313
2023,PROV. JAWA TIMUR,35,KAB. LUMAJANG,3508,Swasta,81,48,20,5,154,154
2023,PROV. JAWA TIMUR,35,KAB. LUMAJANG,3508,Negeri,150,163,81,27,421,421
2023,PROV. JAWA TIMUR,35,KAB. LUMAJANG,3508,Negeri dan Swasta,231,211,101,32,575,575
2023,PROV. JAWA TIMUR,35,KAB. JEMBER,3509,Negeri,430,214,87,79,810,810
2023,PROV. JAWA TIMUR,35,KAB. JEMBER,3509,Swasta,280,162,50,47,539,539
2023,PROV. JAWA TIMUR,35,KAB. JEMBER,3509,Negeri dan Swasta,710,376,137,126,1349,1349
2023,PROV. JAWA TIMUR,35,KAB. BANYUWANGI,3510,Negeri,202,223,108,76,609,609
2023,PROV. JAWA TIMUR,35,KAB. BANYUWANGI,3510,Negeri dan Swasta,406,313,138,89,946,946
2023,PROV. JAWA TIMUR,35,KAB. BANYUWANGI,3510,Swasta,204,90,30,13,337,337
2023,PROV. JAWA TIMUR,35,KAB. BONDOWOSO,3511,Negeri dan Swasta,232,152,98,61,543,543
2023,PROV. JAWA TIMUR,35,KAB. BONDOWOSO,3511,Swasta,55,35,18,18,126,126
2023,PROV. JAWA TIMUR,35,KAB. BONDOWOSO,3511,Negeri,177,117,80,43,417,417
2023,PROV. JAWA TIMUR,35,KAB. SITUBONDO,3512,Negeri,125,154,74,28,381,381
2023,PROV. JAWA TIMUR,35,KAB. SITUBONDO,3512,Negeri dan Swasta,191,185,83,31,490,490
2023,PROV. JAWA TIMUR,35,KAB. SITUBONDO,3512,Swasta,66,31,9,3,109,109
2023,PROV. JAWA TIMUR,35,KAB. PROBOLINGGO,3513,Negeri,149,144,89,98,480,480
2023,PROV. JAWA TIMUR,35,KAB. PROBOLINGGO,3513,Negeri dan Swasta,254,219,114,120,707,707
2023,PROV. JAWA TIMUR,35,KAB. PROBOLINGGO,3513,Swasta,105,75,25,22,227,227
2023,PROV. JAWA TIMUR,35,KAB. PASURUAN,3514,Negeri,213,158,90,68,529,529
2023,PROV. JAWA TIMUR,35,KAB. PASURUAN,3514,Negeri dan Swasta,355,233,118,80,786,786
2023,PROV. JAWA TIMUR,35,KAB. PASURUAN,3514,Swasta,142,75,28,12,257,257
2023,PROV. JAWA TIMUR,35,KAB. SIDOARJO,3515,Negeri,299,138,39,23,499,499
2023,PROV. JAWA TIMUR,35,KAB. SIDOARJO,3515,Swasta,443,108,25,5,581,581
2023,PROV. JAWA TIMUR,35,KAB. SIDOARJO,3515,Negeri dan Swasta,742,246,64,28,1080,1080
2023,PROV. JAWA TIMUR,35,KAB. MOJOKERTO,3516,Negeri,125,88,56,74,343,343
2023,PROV. JAWA TIMUR,35,KAB. MOJOKERTO,3516,Negeri dan Swasta,247,157,71,88,563,563
2023,PROV. JAWA TIMUR,35,KAB. MOJOKERTO,3516,Swasta,122,69,15,14,220,220
2023,PROV. JAWA TIMUR,35,KAB. JOMBANG,3517,Negeri,197,154,128,40,519,519
2023,PROV. JAWA TIMUR,35,KAB. JOMBANG,3517,Swasta,155,60,24,14,253,253
2023,PROV. JAWA TIMUR,35,KAB. JOMBANG,3517,Negeri dan Swasta,352,214,152,54,772,772
2023,PROV. JAWA TIMUR,35,KAB. NGANJUK,3518,Negeri dan Swasta,301,126,106,107,640,640
2023,PROV. JAWA TIMUR,35,KAB. NGANJUK,3518,Swasta,95,41,13,7,156,156
2023,PROV. JAWA TIMUR,35,KAB. NGANJUK,3518,Negeri,206,85,93,100,484,484
2023,PROV. JAWA TIMUR,35,KAB. MADIUN,3519,Negeri dan Swasta,198,99,61,62,420,420
2023,PROV. JAWA TIMUR,35,KAB. MADIUN,3519,Swasta,29,10,5,5,49,49
2023,PROV. JAWA TIMUR,35,KAB. MADIUN,3519,Negeri,169,89,56,57,371,371
2023,PROV. JAWA TIMUR,35,KAB. MAGETAN,3520,Negeri dan Swasta,210,134,83,31,458,458
2023,PROV. JAWA TIMUR,35,KAB. MAGETAN,3520,Swasta,58,21,5,2,86,86
2023,PROV. JAWA TIMUR,35,KAB. MAGETAN,3520,Negeri,152,113,78,29,372,372
2023,PROV. JAWA TIMUR,35,KAB. NGAWI,3521,Negeri,203,187,98,58,546,546
2023,PROV. JAWA TIMUR,35,KAB. NGAWI,3521,Swasta,47,39,23,4,113,113
2023,PROV. JAWA TIMUR,35,KAB. NGAWI,3521,Negeri dan Swasta,250,226,121,62,659,659
2023,PROV. JAWA TIMUR,35,KAB. BOJONEGORO,3522,Negeri dan Swasta,279,161,109,122,671,671
2023,PROV. JAWA TIMUR,35,KAB. BOJONEGORO,3522,Swasta,98,34,16,8,156,156
2023,PROV. JAWA TIMUR,35,KAB. BOJONEGORO,3522,Negeri,181,127,93,114,515,515
2023,PROV. JAWA TIMUR,35,KAB. TUBAN,3523,Swasta,78,48,12,12,150,150
2023,PROV. JAWA TIMUR,35,KAB. TUBAN,3523,Negeri dan Swasta,273,185,105,108,671,671
2023,PROV. JAWA TIMUR,35,KAB. TUBAN,3523,Negeri,195,137,93,96,521,521
2023,PROV. JAWA TIMUR,35,KAB. LAMONGAN,3524,Swasta,207,138,48,26,419,419
2023,PROV. JAWA TIMUR,35,KAB. LAMONGAN,3524,Negeri,151,111,130,61,453,453
2023,PROV. JAWA TIMUR,35,KAB. LAMONGAN,3524,Negeri dan Swasta,358,249,178,87,872,872
2023,PROV. JAWA TIMUR,35,KAB. GRESIK,3525,Swasta,271,122,12,15,420,420
2023,PROV. JAWA TIMUR,35,KAB. GRESIK,3525,Negeri dan Swasta,373,229,74,115,791,791
2023,PROV. JAWA TIMUR,35,KAB. GRESIK,3525,Negeri,102,107,62,100,371,371
2023,PROV. JAWA TIMUR,35,KAB. BANGKALAN,3526,Negeri dan Swasta,238,255,148,112,753,753
2023,PROV. JAWA TIMUR,35,KAB. BANGKALAN,3526,Negeri,128,162,107,82,479,479
2023,PROV. JAWA TIMUR,35,KAB. BANGKALAN,3526,Swasta,110,93,41,30,274,274
2023,PROV. JAWA TIMUR,35,KAB. SAMPANG,3527,Negeri,150,157,110,63,480,480
2023,PROV. JAWA TIMUR,35,KAB. SAMPANG,3527,Negeri dan Swasta,266,249,157,88,760,760
2023,PROV. JAWA TIMUR,35,KAB. SAMPANG,3527,Swasta,116,92,47,25,280,280
2023,PROV. JAWA TIMUR,35,KAB. PAMEKASAN,3528,Negeri,150,130,89,76,445,445
2023,PROV. JAWA TIMUR,35,KAB. PAMEKASAN,3528,Swasta,137,95,61,31,324,324
2023,PROV. JAWA TIMUR,35,KAB. PAMEKASAN,3528,Negeri dan Swasta,287,225,150,107,769,769
2023,PROV. JAWA TIMUR,35,KAB. SUMENEP,3529,Swasta,89,79,40,32,240,240
2023,PROV. JAWA TIMUR,35,KAB. SUMENEP,3529,Negeri,103,161,100,81,445,445
2023,PROV. JAWA TIMUR,35,KAB. SUMENEP,3529,Negeri dan Swasta,192,240,140,113,685,685
2023,PROV. JAWA TIMUR,35,KOTA KEDIRI,3571,Swasta,90,30,6,6,132,132
2023,PROV. JAWA TIMUR,35,KOTA KEDIRI,3571,Negeri,50,39,35,11,135,135
2023,PROV. JAWA TIMUR,35,KOTA KEDIRI,3571,Negeri dan Swasta,140,69,41,17,267,267
2023,PROV. JAWA TIMUR,35,KOTA BLITAR,3572,Negeri dan Swasta,75,34,9,7,125,125
2023,PROV. JAWA TIMUR,35,KOTA BLITAR,3572,Negeri,37,18,7,6,68,68
2023,PROV. JAWA TIMUR,35,KOTA BLITAR,3572,Swasta,38,16,2,1,57,57
2023,PROV. JAWA TIMUR,35,KOTA MALANG,3573,Negeri,160,52,22,20,254,254
2023,PROV. JAWA TIMUR,35,KOTA MALANG,3573,Swasta,266,90,12,5,373,373
2023,PROV. JAWA TIMUR,35,KOTA MALANG,3573,Negeri dan Swasta,426,142,34,25,627,627
2023,PROV. JAWA TIMUR,35,KOTA PROBOLINGGO,3574,Negeri,63,27,7,12,109,109
2023,PROV. JAWA TIMUR,35,KOTA PROBOLINGGO,3574,Swasta,47,21,6,2,76,76
2023,PROV. JAWA TIMUR,35,KOTA PROBOLINGGO,3574,Negeri dan Swasta,110,48,13,14,185,185
2023,PROV. JAWA TIMUR,35,KOTA PASURUAN,3575,Swasta,49,21,1,5,76,76
2023,PROV. JAWA TIMUR,35,KOTA PASURUAN,3575,Negeri,34,18,7,7,66,66
2023,PROV. JAWA TIMUR,35,KOTA PASURUAN,3575,Negeri dan Swasta,83,39,8,12,142,142
2023,PROV. JAWA TIMUR,35,KOTA MOJOKERTO,3576,Swasta,47,9,0,1,57,57
2023,PROV. JAWA TIMUR,35,KOTA MOJOKERTO,3576,Negeri dan Swasta,74,31,9,11,125,125
2023,PROV. JAWA TIMUR,35,KOTA MOJOKERTO,3576,Negeri,27,22,9,10,68,68
2023,PROV. JAWA TIMUR,35,KOTA MADIUN,3577,Negeri,53,14,9,3,79,79
2023,PROV. JAWA TIMUR,35,KOTA MADIUN,3577,Swasta,72,13,4,1,90,90
2023,PROV. JAWA TIMUR,35,KOTA MADIUN,3577,Negeri dan Swasta,125,27,13,4,169,169
2023,PROV. JAWA TIMUR,35,KOTA SURABAYA,3578,Negeri,327,74,16,15,432,432
2023,PROV. JAWA TIMUR,35,KOTA SURABAYA,3578,Negeri dan Swasta,1316,255,44,31,1646,1646
2023,PROV. JAWA TIMUR,35,KOTA SURABAYA,3578,Swasta,989,181,28,16,1214,1214
2023,PROV. JAWA TIMUR,35,KOTA BATU,3579,Swasta,38,12,5,4,59,59
2023,PROV. JAWA TIMUR,35,KOTA BATU,3579,Negeri dan Swasta,79,31,17,11,138,138
2023,PROV. JAWA TIMUR,35,KOTA BATU,3579,Negeri,41,19,12,7,79,79
2023,PROV. BANTEN,36,KAB. PANDEGLANG,3601,Negeri,223,196,188,139,746,746
2023,PROV. BANTEN,36,KAB. PANDEGLANG,3601,Swasta,67,53,28,13,161,161
2023,PROV. BANTEN,36,KAB. PANDEGLANG,3601,Negeri dan Swasta,290,249,216,152,907,907
2023,PROV. BANTEN,36,KAB. LEBAK,3602,Negeri dan Swasta,287,173,177,150,787,787
2023,PROV. BANTEN,36,KAB. LEBAK,3602,Swasta,61,29,21,5,116,116
2023,PROV. BANTEN,36,KAB. LEBAK,3602,Negeri,226,144,156,145,671,671
2023,PROV. BANTEN,36,KAB. TANGERANG,3603,Swasta,586,176,74,33,869,869
2023,PROV. BANTEN,36,KAB. TANGERANG,3603,Negeri dan Swasta,853,340,144,86,1423,1423
2023,PROV. BANTEN,36,KAB. TANGERANG,3603,Negeri,267,164,70,53,554,554
2023,PROV. BANTEN,36,KAB. SERANG,3604,Negeri dan Swasta,355,292,178,88,913,913
2023,PROV. BANTEN,36,KAB. SERANG,3604,Negeri,239,218,130,70,657,657
2023,PROV. BANTEN,36,KAB. SERANG,3604,Swasta,116,74,48,18,256,256
2023,PROV. BANTEN,36,KOTA TANGERANG,3671,Negeri,232,46,14,4,296,296
2023,PROV. BANTEN,36,KOTA TANGERANG,3671,Swasta,456,97,17,11,581,581
2023,PROV. BANTEN,36,KOTA TANGERANG,3671,Negeri dan Swasta,688,143,31,15,877,877
2023,PROV. BANTEN,36,KOTA CILEGON,3672,Swasta,99,31,3,4,137,137
2023,PROV. BANTEN,36,KOTA CILEGON,3672,Negeri dan Swasta,197,56,19,7,279,279
2023,PROV. BANTEN,36,KOTA CILEGON,3672,Negeri,98,25,16,3,142,142
2023,PROV. BANTEN,36,KOTA SERANG,3673,Negeri,126,50,55,24,255,255
2023,PROV. BANTEN,36,KOTA SERANG,3673,Swasta,112,40,17,4,173,173
2023,PROV. BANTEN,36,KOTA SERANG,3673,Negeri dan Swasta,238,90,72,28,428,428
2023,PROV. BANTEN,36,KOTA TANGERANG SELATAN,3674,Swasta,471,112,23,9,615,615
2023,PROV. BANTEN,36,KOTA TANGERANG SELATAN,3674,Negeri dan Swasta,584,156,41,22,803,803
2023,PROV. BANTEN,36,KOTA TANGERANG SELATAN,3674,Negeri,113,44,18,13,188,188
2023,PROV. BALI,51,KAB. JEMBRANA,5101,Swasta,15,3,1,0,19,19
2023,PROV. BALI,51,KAB. JEMBRANA,5101,Negeri,92,66,17,21,196,196
2023,PROV. BALI,51,KAB. JEMBRANA,5101,Negeri dan Swasta,107,69,18,21,215,215
2023,PROV. BALI,51,KAB. TABANAN,5102,Negeri,109,96,45,10,260,260
2023,PROV. BALI,51,KAB. TABANAN,5102,Negeri dan Swasta,137,103,48,10,298,298
2023,PROV. BALI,51,KAB. TABANAN,5102,Swasta,28,7,3,0,38,38
2023,PROV. BALI,51,KAB. BADUNG,5103,Negeri,190,60,18,32,300,300
2023,PROV. BALI,51,KAB. BADUNG,5103,Swasta,159,15,1,0,175,175
2023,PROV. BALI,51,KAB. BADUNG,5103,Negeri dan Swasta,349,75,19,32,475,475
2023,PROV. BALI,51,KAB. GIANYAR,5104,Swasta,42,16,1,0,59,59
2023,PROV. BALI,51,KAB. GIANYAR,5104,Negeri,132,121,38,24,315,315
2023,PROV. BALI,51,KAB. GIANYAR,5104,Negeri dan Swasta,174,137,39,24,374,374
2023,PROV. BALI,51,KAB. KLUNGKUNG,5105,Swasta,9,1,0,0,10,10
2023,PROV. BALI,51,KAB. KLUNGKUNG,5105,Negeri,84,57,18,18,177,177
2023,PROV. BALI,51,KAB. KLUNGKUNG,5105,Negeri dan Swasta,93,58,18,18,187,187
2023,PROV. BALI,51,KAB. BANGLI,5106,Negeri,84,52,65,3,204,204
2023,PROV. BALI,51,KAB. BANGLI,5106,Negeri dan Swasta,89,53,65,3,210,210
2023,PROV. BALI,51,KAB. BANGLI,5106,Swasta,5,1,0,0,6,6
2023,PROV. BALI,51,KAB. KARANGASEM,5107,Negeri dan Swasta,210,140,52,10,412,412
2023,PROV. BALI,51,KAB. KARANGASEM,5107,Swasta,17,5,3,2,27,27
2023,PROV. BALI,51,KAB. KARANGASEM,5107,Negeri,193,135,49,8,385,385
2023,PROV. BALI,51,KAB. BULELENG,5108,Negeri,252,172,58,15,497,497
2023,PROV. BALI,51,KAB. BULELENG,5108,Negeri dan Swasta,302,180,60,15,557,557
2023,PROV. BALI,51,KAB. BULELENG,5108,Swasta,50,8,2,0,60,60
2023,PROV. BALI,51,KOTA DENPASAR,5171,Negeri dan Swasta,360,68,19,16,463,463
2023,PROV. BALI,51,KOTA DENPASAR,5171,Negeri,140,34,15,14,203,203
2023,PROV. BALI,51,KOTA DENPASAR,5171,Swasta,220,34,4,2,260,260
2023,PROV. NUSA TENGGARA BARAT,52,KAB. LOMBOK BARAT,5201,Negeri dan Swasta,152,129,185,47,513,513
2023,PROV. NUSA TENGGARA BARAT,52,KAB. LOMBOK BARAT,5201,Negeri,109,109,172,41,431,431
2023,PROV. NUSA TENGGARA BARAT,52,KAB. LOMBOK BARAT,5201,Swasta,43,20,13,6,82,82
2023,PROV. NUSA TENGGARA BARAT,52,KAB. LOMBOK TENGAH,5202,Swasta,62,32,36,6,136,136
2023,PROV. NUSA TENGGARA BARAT,52,KAB. LOMBOK TENGAH,5202,Negeri,178,167,273,51,669,669
2023,PROV. NUSA TENGGARA BARAT,52,KAB. LOMBOK TENGAH,5202,Negeri dan Swasta,240,199,309,57,805,805
2023,PROV. NUSA TENGGARA BARAT,52,KAB. LOMBOK TIMUR,5203,Swasta,105,68,43,18,234,234
2023,PROV. NUSA TENGGARA BARAT,52,KAB. LOMBOK TIMUR,5203,Negeri dan Swasta,311,318,150,56,835,835
2023,PROV. NUSA TENGGARA BARAT,52,KAB. LOMBOK TIMUR,5203,Negeri,206,250,107,38,601,601
2023,PROV. NUSA TENGGARA BARAT,52,KAB. SUMBAWA,5204,Swasta,28,14,5,6,53,53
2023,PROV. NUSA TENGGARA BARAT,52,KAB. SUMBAWA,5204,Negeri dan Swasta,159,137,106,46,448,448
2023,PROV. NUSA TENGGARA BARAT,52,KAB. SUMBAWA,5204,Negeri,131,123,101,40,395,395
2023,PROV. NUSA TENGGARA BARAT,52,KAB. DOMPU,5205,Negeri,52,104,74,34,264,264
2023,PROV. NUSA TENGGARA BARAT,52,KAB. DOMPU,5205,Swasta,8,15,8,6,37,37
2023,PROV. NUSA TENGGARA BARAT,52,KAB. DOMPU,5205,Negeri dan Swasta,60,119,82,40,301,301
2023,PROV. NUSA TENGGARA BARAT,52,KAB. BIMA,5206,Negeri dan Swasta,124,185,164,37,510,510
2023,PROV. NUSA TENGGARA BARAT,52,KAB. BIMA,5206,Negeri,103,168,149,34,454,454
2023,PROV. NUSA TENGGARA BARAT,52,KAB. BIMA,5206,Swasta,21,17,15,3,56,56
2023,PROV. NUSA TENGGARA BARAT,52,KAB. SUMBAWA BARAT,5207,Negeri dan Swasta,66,49,29,8,152,152
2023,PROV. NUSA TENGGARA BARAT,52,KAB. SUMBAWA BARAT,5207,Negeri,54,46,27,8,135,135
2023,PROV. NUSA TENGGARA BARAT,52,KAB. SUMBAWA BARAT,5207,Swasta,12,3,2,0,17,17
2023,PROV. NUSA TENGGARA BARAT,52,KAB. LOMBOK UTARA,5208,Negeri dan Swasta,72,32,14,30,148,148
2023,PROV. NUSA TENGGARA BARAT,52,KAB. LOMBOK UTARA,5208,Swasta,5,2,4,6,17,17
2023,PROV. NUSA TENGGARA BARAT,52,KAB. LOMBOK UTARA,5208,Negeri,67,30,10,24,131,131
2023,PROV. NUSA TENGGARA BARAT,52,KOTA MATARAM,5271,Negeri,93,66,31,10,200,200
2023,PROV. NUSA TENGGARA BARAT,52,KOTA MATARAM,5271,Swasta,81,27,5,1,114,114
2023,PROV. NUSA TENGGARA BARAT,52,KOTA MATARAM,5271,Negeri dan Swasta,174,93,36,11,314,314
2023,PROV. NUSA TENGGARA BARAT,52,KOTA BIMA,5272,Swasta,12,12,10,2,36,36
2023,PROV. NUSA TENGGARA BARAT,52,KOTA BIMA,5272,Negeri dan Swasta,40,57,37,11,145,145
2023,PROV. NUSA TENGGARA BARAT,52,KOTA BIMA,5272,Negeri,28,45,27,9,109,109
2023,PROV. NUSA TENGGARA TIMUR,53,KAB. KUPANG,5301,Negeri,159,120,83,72,434,434
2023,PROV. NUSA TENGGARA TIMUR,53,KAB. KUPANG,5301,Negeri dan Swasta,204,152,103,95,554,554
2023,PROV. NUSA TENGGARA TIMUR,53,KAB. KUPANG,5301,Swasta,45,32,20,23,120,120
2023,PROV. NUSA TENGGARA TIMUR,53,KAB. TIMOR TENGAH SELATAN,5302,Negeri,151,129,87,57,424,424
2023,PROV. NUSA TENGGARA TIMUR,53,KAB. TIMOR TENGAH SELATAN,5302,Negeri dan Swasta,214,171,104,75,564,564
2023,PROV. NUSA TENGGARA TIMUR,53,KAB. TIMOR TENGAH SELATAN,5302,Swasta,63,42,17,18,140,140
2023,PROV. NUSA TENGGARA TIMUR,53,KAB. TIMOR TENGAH UTARA,5303,Negeri,95,79,59,50,283,283
2023,PROV. NUSA TENGGARA TIMUR,53,KAB. TIMOR TENGAH UTARA,5303,Negeri dan Swasta,142,126,87,68,423,423
2023,PROV. NUSA TENGGARA TIMUR,53,KAB. TIMOR TENGAH UTARA,5303,Swasta,47,47,28,18,140,140
2023,PROV. NUSA TENGGARA TIMUR,53,KAB. BELU,5304,Negeri dan Swasta,124,65,24,33,246,246
2023,PROV. NUSA TENGGARA TIMUR,53,KAB. BELU,5304,Negeri,80,40,18,20,158,158
2023,PROV. NUSA TENGGARA TIMUR,53,KAB. BELU,5304,Swasta,44,25,6,13,88,88
2023,PROV. NUSA TENGGARA TIMUR,53,KAB. ALOR,5305,Negeri,112,68,104,36,320,320
2023,PROV. NUSA TENGGARA TIMUR,53,KAB. ALOR,5305,Swasta,30,23,42,13,108,108
2023,PROV. NUSA TENGGARA TIMUR,53,KAB. ALOR,5305,Negeri dan Swasta,142,91,146,49,428,428
2023,PROV. NUSA TENGGARA TIMUR,53,KAB. FLORES TIMUR,5306,Negeri dan Swasta,117,82,79,34,312,312
2023,PROV. NUSA TENGGARA TIMUR,53,KAB. FLORES TIMUR,5306,Negeri,49,51,34,19,153,153
2023,PROV. NUSA TENGGARA TIMUR,53,KAB. FLORES TIMUR,5306,Swasta,68,31,45,15,159,159
2023,PROV. NUSA TENGGARA TIMUR,53,KAB. SIKKA,5307,Swasta,70,39,59,18,186,186
2023,PROV. NUSA TENGGARA TIMUR,53,KAB. SIKKA,5307,Negeri dan Swasta,145,102,105,66,418,418
2023,PROV. NUSA TENGGARA TIMUR,53,KAB. SIKKA,5307,Negeri,75,63,46,48,232,232
2023,PROV. NUSA TENGGARA TIMUR,53,KAB. ENDE,5308,Swasta,81,60,32,25,198,198
2023,PROV. NUSA TENGGARA TIMUR,53,KAB. ENDE,5308,Negeri dan Swasta,155,139,87,64,445,445
2023,PROV. NUSA TENGGARA TIMUR,53,KAB. ENDE,5308,Negeri,74,79,55,39,247,247
2023,PROV. NUSA TENGGARA TIMUR,53,KAB. NGADA,5309,Swasta,33,23,15,16,87,87
2023,PROV. NUSA TENGGARA TIMUR,53,KAB. NGADA,5309,Negeri,73,53,29,34,189,189
2023,PROV. NUSA TENGGARA TIMUR,53,KAB. NGADA,5309,Negeri dan Swasta,106,76,44,50,276,276
2023,PROV. NUSA TENGGARA TIMUR,53,KAB. MANGGARAI,5310,Swasta,60,40,12,16,128,128
2023,PROV. NUSA TENGGARA TIMUR,53,KAB. MANGGARAI,5310,Negeri,111,59,35,36,241,241
2023,PROV. NUSA TENGGARA TIMUR,53,KAB. MANGGARAI,5310,Negeri dan Swasta,171,99,47,52,369,369
2023,PROV. NUSA TENGGARA TIMUR,53,KAB. SUMBA TIMUR,5311,Negeri,100,87,36,26,249,249
2023,PROV. NUSA TENGGARA TIMUR,53,KAB. SUMBA TIMUR,5311,Negeri dan Swasta,130,112,48,32,322,322
2023,PROV. NUSA TENGGARA TIMUR,53,KAB. SUMBA TIMUR,5311,Swasta,30,25,12,6,73,73
2023,PROV. NUSA TENGGARA TIMUR,53,KAB. SUMBA BARAT,5312,Swasta,13,15,10,3,41,41
2023,PROV. NUSA TENGGARA TIMUR,53,KAB. SUMBA BARAT,5312,Negeri dan Swasta,55,55,31,16,157,157
2023,PROV. NUSA TENGGARA TIMUR,53,KAB. SUMBA BARAT,5312,Negeri,42,40,21,13,116,116
2023,PROV. NUSA TENGGARA TIMUR,53,KAB. LEMBATA,5313,Negeri dan Swasta,58,53,45,74,230,230
2023,PROV. NUSA TENGGARA TIMUR,53,KAB. LEMBATA,5313,Swasta,18,15,11,33,77,77
2023,PROV. NUSA TENGGARA TIMUR,53,KAB. LEMBATA,5313,Negeri,40,38,34,41,153,153
2023,PROV. NUSA TENGGARA TIMUR,53,KAB. ROTE NDAO,5314,Negeri dan Swasta,104,43,40,14,201,201
2023,PROV. NUSA TENGGARA TIMUR,53,KAB. ROTE NDAO,5314,Negeri,93,38,29,14,174,174
2023,PROV. NUSA TENGGARA TIMUR,53,KAB. ROTE NDAO,5314,Swasta,11,5,11,0,27,27
2023,PROV. NUSA TENGGARA TIMUR,53,KAB. MANGGARAI BARAT,5315,Negeri,114,82,21,41,258,258
2023,PROV. NUSA TENGGARA TIMUR,53,KAB. MANGGARAI BARAT,5315,Swasta,46,26,18,25,115,115
2023,PROV. NUSA TENGGARA TIMUR,53,KAB. MANGGARAI BARAT,5315,Negeri dan Swasta,160,108,39,66,373,373
2023,PROV. NUSA TENGGARA TIMUR,53,KAB. NAGEKEO,5316,Negeri dan Swasta,101,85,44,53,283,283
2023,PROV. NUSA TENGGARA TIMUR,53,KAB. NAGEKEO,5316,Negeri,69,50,29,28,176,176
2023,PROV. NUSA TENGGARA TIMUR,53,KAB. NAGEKEO,5316,Swasta,32,35,15,25,107,107
2023,PROV. NUSA TENGGARA TIMUR,53,KAB. SUMBA TENGAH,5317,Swasta,8,12,14,9,43,43
2023,PROV. NUSA TENGGARA TIMUR,53,KAB. SUMBA TENGAH,5317,Negeri,27,34,28,12,101,101
2023,PROV. NUSA TENGGARA TIMUR,53,KAB. SUMBA TENGAH,5317,Negeri dan Swasta,35,46,42,21,144,144
2023,PROV. NUSA TENGGARA TIMUR,53,KAB. SUMBA BARAT DAYA,5318,Negeri dan Swasta,108,96,102,72,378,378
2023,PROV. NUSA TENGGARA TIMUR,53,KAB. SUMBA BARAT DAYA,5318,Swasta,43,39,49,38,169,169
2023,PROV. NUSA TENGGARA TIMUR,53,KAB. SUMBA BARAT DAYA,5318,Negeri,65,57,53,34,209,209
2023,PROV. NUSA TENGGARA TIMUR,53,KAB. MANGGARAI TIMUR,5319,Negeri,143,105,79,50,377,377
2023,PROV. NUSA TENGGARA TIMUR,53,KAB. MANGGARAI TIMUR,5319,Swasta,42,42,29,16,129,129
2023,PROV. NUSA TENGGARA TIMUR,53,KAB. MANGGARAI TIMUR,5319,Negeri dan Swasta,185,147,108,66,506,506
2023,PROV. NUSA TENGGARA TIMUR,53,KAB. SABU RAIJUA,5320,Swasta,8,18,6,4,36,36
2023,PROV. NUSA TENGGARA TIMUR,53,KAB. SABU RAIJUA,5320,Negeri dan Swasta,51,49,22,10,132,132
2023,PROV. NUSA TENGGARA TIMUR,53,KAB. SABU RAIJUA,5320,Negeri,43,31,16,6,96,96
2023,PROV. NUSA TENGGARA TIMUR,53,KAB. MALAKA,5321,Negeri dan Swasta,72,81,42,23,218,218
2023,PROV. NUSA TENGGARA TIMUR,53,KAB. MALAKA,5321,Negeri,49,57,25,13,144,144
2023,PROV. NUSA TENGGARA TIMUR,53,KAB. MALAKA,5321,Swasta,23,24,17,10,74,74
2023,PROV. NUSA TENGGARA TIMUR,53,KOTA KUPANG,5371,Negeri dan Swasta,137,59,55,37,288,288
2023,PROV. NUSA TENGGARA TIMUR,53,KOTA KUPANG,5371,Swasta,93,31,23,12,159,159
2023,PROV. NUSA TENGGARA TIMUR,53,KOTA KUPANG,5371,Negeri,44,28,32,25,129,129
2023,PROV. KALIMANTAN BARAT,61,KAB. SAMBAS,6101,Negeri,215,126,68,93,502,502
2023,PROV. KALIMANTAN BARAT,61,KAB. SAMBAS,6101,Negeri dan Swasta,244,141,76,97,558,558
2023,PROV. KALIMANTAN BARAT,61,KAB. SAMBAS,6101,Swasta,29,15,8,4,56,56
2023,PROV. KALIMANTAN BARAT,61,KAB. MEMPAWAH,6102,Swasta,18,10,7,0,35,35
2023,PROV. KALIMANTAN BARAT,61,KAB. MEMPAWAH,6102,Negeri,71,47,74,24,216,216
2023,PROV. KALIMANTAN BARAT,61,KAB. MEMPAWAH,6102,Negeri dan Swasta,89,57,81,24,251,251
2023,PROV. KALIMANTAN BARAT,61,KAB. SANGGAU,6103,Negeri dan Swasta,185,195,169,22,571,571
2023,PROV. KALIMANTAN BARAT,61,KAB. SANGGAU,6103,Swasta,33,11,8,2,54,54
2023,PROV. KALIMANTAN BARAT,61,KAB. SANGGAU,6103,Negeri,152,184,161,20,517,517
2023,PROV. KALIMANTAN BARAT,61,KAB. KETAPANG,6104,Negeri dan Swasta,217,171,119,48,555,555
2023,PROV. KALIMANTAN BARAT,61,KAB. KETAPANG,6104,Negeri,165,151,109,43,468,468
2023,PROV. KALIMANTAN BARAT,61,KAB. KETAPANG,6104,Swasta,52,20,10,5,87,87
2023,PROV. KALIMANTAN BARAT,61,KAB. SINTANG,6105,Negeri,122,166,103,30,421,421
2023,PROV. KALIMANTAN BARAT,61,KAB. SINTANG,6105,Negeri dan Swasta,144,179,106,32,461,461
2023,PROV. KALIMANTAN BARAT,61,KAB. SINTANG,6105,Swasta,22,13,3,2,40,40
2023,PROV. KALIMANTAN BARAT,61,KAB. KAPUAS HULU,6106,Negeri,112,131,93,54,390,390
2023,PROV. KALIMANTAN BARAT,61,KAB. KAPUAS HULU,6106,Negeri dan Swasta,127,135,94,55,411,411
2023,PROV. KALIMANTAN BARAT,61,KAB. KAPUAS HULU,6106,Swasta,15,4,1,1,21,21
2023,PROV. KALIMANTAN BARAT,61,KAB. BENGKAYANG,6107,Negeri,92,88,68,65,313,313
2023,PROV. KALIMANTAN BARAT,61,KAB. BENGKAYANG,6107,Negeri dan Swasta,107,96,74,68,345,345
2023,PROV. KALIMANTAN BARAT,61,KAB. BENGKAYANG,6107,Swasta,15,8,6,3,32,32
2023,PROV. KALIMANTAN BARAT,61,KAB. LANDAK,6108,Negeri,111,86,116,54,367,367
2023,PROV. KALIMANTAN BARAT,61,KAB. LANDAK,6108,Negeri dan Swasta,139,97,127,61,424,424
2023,PROV. KALIMANTAN BARAT,61,KAB. LANDAK,6108,Swasta,28,11,11,7,57,57
2023,PROV. KALIMANTAN BARAT,61,KAB. SEKADAU,6109,Negeri dan Swasta,118,82,67,57,324,324
2023,PROV. KALIMANTAN BARAT,61,KAB. SEKADAU,6109,Negeri,108,80,66,56,310,310
2023,PROV. KALIMANTAN BARAT,61,KAB. SEKADAU,6109,Swasta,10,2,1,1,14,14
2023,PROV. KALIMANTAN BARAT,61,KAB. MELAWI,6110,Negeri,74,83,54,55,266,266
2023,PROV. KALIMANTAN BARAT,61,KAB. MELAWI,6110,Swasta,15,9,5,1,30,30
2023,PROV. KALIMANTAN BARAT,61,KAB. MELAWI,6110,Negeri dan Swasta,89,92,59,56,296,296
2023,PROV. KALIMANTAN BARAT,61,KAB. KAYONG UTARA,6111,Swasta,0,3,2,1,6,6
2023,PROV. KALIMANTAN BARAT,61,KAB. KAYONG UTARA,6111,Negeri,83,30,32,8,153,153
2023,PROV. KALIMANTAN BARAT,61,KAB. KAYONG UTARA,6111,Negeri dan Swasta,83,33,34,9,159,159
2023,PROV. KALIMANTAN BARAT,61,KAB. KUBU RAYA,6112,Negeri dan Swasta,263,150,83,96,592,592
2023,PROV. KALIMANTAN BARAT,61,KAB. KUBU RAYA,6112,Swasta,79,34,17,20,150,150
2023,PROV. KALIMANTAN BARAT,61,KAB. KUBU RAYA,6112,Negeri,184,116,66,76,442,442
2023,PROV. KALIMANTAN BARAT,61,KOTA PONTIANAK,6171,Negeri,92,29,20,26,167,167
2023,PROV. KALIMANTAN BARAT,61,KOTA PONTIANAK,6171,Swasta,130,32,17,12,191,191
2023,PROV. KALIMANTAN BARAT,61,KOTA PONTIANAK,6171,Negeri dan Swasta,222,61,37,38,358,358
2023,PROV. KALIMANTAN BARAT,61,KOTA SINGKAWANG,6172,Swasta,44,14,0,4,62,62
2023,PROV. KALIMANTAN BARAT,61,KOTA SINGKAWANG,6172,Negeri,46,26,29,20,121,121
2023,PROV. KALIMANTAN BARAT,61,KOTA SINGKAWANG,6172,Negeri dan Swasta,90,40,29,24,183,183
2023,PROV. KALIMANTAN TENGAH,62,KAB. KOTAWARINGIN BARAT,6201,Negeri,91,48,55,24,218,218
2023,PROV. KALIMANTAN TENGAH,62,KAB. KOTAWARINGIN BARAT,6201,Negeri dan Swasta,138,57,58,25,278,278
2023,PROV. KALIMANTAN TENGAH,62,KAB. KOTAWARINGIN BARAT,6201,Swasta,47,9,3,1,60,60
2023,PROV. KALIMANTAN TENGAH,62,KAB. KOTAWARINGIN TIMUR,6202,Negeri,113,77,30,30,250,250
2023,PROV. KALIMANTAN TENGAH,62,KAB. KOTAWARINGIN TIMUR,6202,Negeri dan Swasta,202,96,36,31,365,365
2023,PROV. KALIMANTAN TENGAH,62,KAB. KOTAWARINGIN TIMUR,6202,Swasta,89,19,6,1,115,115
2023,PROV. KALIMANTAN TENGAH,62,KAB. KAPUAS,6203,Negeri,117,114,58,66,355,355
2023,PROV. KALIMANTAN TENGAH,62,KAB. KAPUAS,6203,Negeri dan Swasta,133,126,66,68,393,393
2023,PROV. KALIMANTAN TENGAH,62,KAB. KAPUAS,6203,Swasta,16,12,8,2,38,38
2023,PROV. KALIMANTAN TENGAH,62,KAB. BARITO SELATAN,6204,Swasta,13,4,0,1,18,18
2023,PROV. KALIMANTAN TENGAH,62,KAB. BARITO SELATAN,6204,Negeri dan Swasta,76,46,37,19,178,178
2023,PROV. KALIMANTAN TENGAH,62,KAB. BARITO SELATAN,6204,Negeri,63,42,37,18,160,160
2023,PROV. KALIMANTAN TENGAH,62,KAB. BARITO UTARA,6205,Swasta,4,3,1,1,9,9
2023,PROV. KALIMANTAN TENGAH,62,KAB. BARITO UTARA,6205,Negeri dan Swasta,91,64,53,25,233,233
2023,PROV. KALIMANTAN TENGAH,62,KAB. BARITO UTARA,6205,Negeri,87,61,52,24,224,224
2023,PROV. KALIMANTAN TENGAH,62,KAB. KATINGAN,6206,Negeri dan Swasta,104,69,55,32,260,260
2023,PROV. KALIMANTAN TENGAH,62,KAB. KATINGAN,6206,Swasta,14,6,2,2,24,24
2023,PROV. KALIMANTAN TENGAH,62,KAB. KATINGAN,6206,Negeri,90,63,53,30,236,236
2023,PROV. KALIMANTAN TENGAH,62,KAB. SERUYAN,6207,Swasta,53,6,1,1,61,61
2023,PROV. KALIMANTAN TENGAH,62,KAB. SERUYAN,6207,Negeri dan Swasta,122,54,34,24,234,234
2023,PROV. KALIMANTAN TENGAH,62,KAB. SERUYAN,6207,Negeri,69,48,33,23,173,173
2023,PROV. KALIMANTAN TENGAH,62,KAB. SUKAMARA,6208,Swasta,3,1,0,0,4,4
2023,PROV. KALIMANTAN TENGAH,62,KAB. SUKAMARA,6208,Negeri,20,22,20,8,70,70
2023,PROV. KALIMANTAN TENGAH,62,KAB. SUKAMARA,6208,Negeri dan Swasta,23,23,20,8,74,74
2023,PROV. KALIMANTAN TENGAH,62,KAB. LAMANDAU,6209,Negeri dan Swasta,47,61,50,36,194,194
2023,PROV. KALIMANTAN TENGAH,62,KAB. LAMANDAU,6209,Negeri,43,61,49,36,189,189
2023,PROV. KALIMANTAN TENGAH,62,KAB. LAMANDAU,6209,Swasta,4,0,1,0,5,5
2023,PROV. KALIMANTAN TENGAH,62,KAB. GUNUNG MAS,6210,Negeri,78,72,32,15,197,197
2023,PROV. KALIMANTAN TENGAH,62,KAB. GUNUNG MAS,6210,Swasta,4,1,0,1,6,6
2023,PROV. KALIMANTAN TENGAH,62,KAB. GUNUNG MAS,6210,Negeri dan Swasta,82,73,32,16,203,203
2023,PROV. KALIMANTAN TENGAH,62,KAB. PULANG PISAU,6211,Negeri dan Swasta,97,59,55,18,229,229
2023,PROV. KALIMANTAN TENGAH,62,KAB. PULANG PISAU,6211,Swasta,7,3,1,1,12,12
2023,PROV. KALIMANTAN TENGAH,62,KAB. PULANG PISAU,6211,Negeri,90,56,54,17,217,217
2023,PROV. KALIMANTAN TENGAH,62,KAB. MURUNG RAYA,6212,Negeri,44,38,21,11,114,114
2023,PROV. KALIMANTAN TENGAH,62,KAB. MURUNG RAYA,6212,Swasta,5,2,0,0,7,7
2023,PROV. KALIMANTAN TENGAH,62,KAB. MURUNG RAYA,6212,Negeri dan Swasta,49,40,21,11,121,121
2023,PROV. KALIMANTAN TENGAH,62,KAB. BARITO TIMUR,6213,Swasta,5,1,0,0,6,6
2023,PROV. KALIMANTAN TENGAH,62,KAB. BARITO TIMUR,6213,Negeri dan Swasta,71,48,28,19,166,166
2023,PROV. KALIMANTAN TENGAH,62,KAB. BARITO TIMUR,6213,Negeri,66,47,28,19,160,160
2023,PROV. KALIMANTAN TENGAH,62,KOTA PALANGKA RAYA,6271,Negeri,56,35,28,14,133,133
2023,PROV. KALIMANTAN TENGAH,62,KOTA PALANGKA RAYA,6271,Swasta,55,15,8,3,81,81
2023,PROV. KALIMANTAN TENGAH,62,KOTA PALANGKA RAYA,6271,Negeri dan Swasta,111,50,36,17,214,214
2023,PROV. KALIMANTAN SELATAN,63,KAB. TANAH LAUT,6301,Swasta,19,4,0,1,24,24
2023,PROV. KALIMANTAN SELATAN,63,KAB. TANAH LAUT,6301,Negeri dan Swasta,140,74,31,6,251,251
2023,PROV. KALIMANTAN SELATAN,63,KAB. TANAH LAUT,6301,Negeri,121,70,31,5,227,227
2023,PROV. KALIMANTAN SELATAN,63,KAB. KOTABARU,6302,Negeri dan Swasta,133,57,27,35,252,252
2023,PROV. KALIMANTAN SELATAN,63,KAB. KOTABARU,6302,Swasta,21,11,4,5,41,41
2023,PROV. KALIMANTAN SELATAN,63,KAB. KOTABARU,6302,Negeri,112,46,23,30,211,211
2023,PROV. KALIMANTAN SELATAN,63,KAB. BANJAR,6303,Swasta,30,7,3,1,41,41
2023,PROV. KALIMANTAN SELATAN,63,KAB. BANJAR,6303,Negeri dan Swasta,152,116,105,11,384,384
2023,PROV. KALIMANTAN SELATAN,63,KAB. BANJAR,6303,Negeri,122,109,102,10,343,343
2023,PROV. KALIMANTAN SELATAN,63,KAB. BARITO KUALA,6304,Negeri dan Swasta,108,73,144,44,369,369
2023,PROV. KALIMANTAN SELATAN,63,KAB. BARITO KUALA,6304,Swasta,12,0,0,1,13,13
2023,PROV. KALIMANTAN SELATAN,63,KAB. BARITO KUALA,6304,Negeri,96,73,144,43,356,356
2023,PROV. KALIMANTAN SELATAN,63,KAB. TAPIN,6305,Negeri,73,80,35,10,198,198
2023,PROV. KALIMANTAN SELATAN,63,KAB. TAPIN,6305,Negeri dan Swasta,80,85,36,10,211,211
2023,PROV. KALIMANTAN SELATAN,63,KAB. TAPIN,6305,Swasta,7,5,1,0,13,13
2023,PROV. KALIMANTAN SELATAN,63,KAB. HULU SUNGAI SELATAN,6306,Negeri dan Swasta,124,70,44,29,267,267
2023,PROV. KALIMANTAN SELATAN,63,KAB. HULU SUNGAI SELATAN,6306,Negeri,113,69,41,28,251,251
2023,PROV. KALIMANTAN SELATAN,63,KAB. HULU SUNGAI SELATAN,6306,Swasta,11,1,3,1,16,16
2023,PROV. KALIMANTAN SELATAN,63,KAB. HULU SUNGAI TENGAH,6307,Negeri dan Swasta,104,67,97,29,297,297
2023,PROV. KALIMANTAN SELATAN,63,KAB. HULU SUNGAI TENGAH,6307,Swasta,21,6,2,1,30,30
2023,PROV. KALIMANTAN SELATAN,63,KAB. HULU SUNGAI TENGAH,6307,Negeri,83,61,95,28,267,267
2023,PROV. KALIMANTAN SELATAN,63,KAB. HULU SUNGAI UTARA,6308,Negeri,78,64,39,28,209,209
2023,PROV. KALIMANTAN SELATAN,63,KAB. HULU SUNGAI UTARA,6308,Negeri dan Swasta,88,70,41,30,229,229
2023,PROV. KALIMANTAN SELATAN,63,KAB. HULU SUNGAI UTARA,6308,Swasta,10,6,2,2,20,20
2023,PROV. KALIMANTAN SELATAN,63,KAB. TABALONG,6309,Swasta,16,2,1,1,20,20
2023,PROV. KALIMANTAN SELATAN,63,KAB. TABALONG,6309,Negeri,134,48,41,17,240,240
2023,PROV. KALIMANTAN SELATAN,63,KAB. TABALONG,6309,Negeri dan Swasta,150,50,42,18,260,260
2023,PROV. KALIMANTAN SELATAN,63,KAB. TANAH BUMBU,6310,Negeri dan Swasta,130,62,35,9,236,236
2023,PROV. KALIMANTAN SELATAN,63,KAB. TANAH BUMBU,6310,Negeri,107,57,29,9,202,202
2023,PROV. KALIMANTAN SELATAN,63,KAB. TANAH BUMBU,6310,Swasta,23,5,6,0,34,34
2023,PROV. KALIMANTAN SELATAN,63,KAB. BALANGAN,6311,Negeri dan Swasta,73,56,48,42,219,219
2023,PROV. KALIMANTAN SELATAN,63,KAB. BALANGAN,6311,Negeri,71,54,47,41,213,213
2023,PROV. KALIMANTAN SELATAN,63,KAB. BALANGAN,6311,Swasta,2,2,1,1,6,6
2023,PROV. KALIMANTAN SELATAN,63,KOTA BANJARMASIN,6371,Negeri,110,62,26,43,241,241
2023,PROV. KALIMANTAN SELATAN,63,KOTA BANJARMASIN,6371,Negeri dan Swasta,232,94,36,48,410,410
2023,PROV. KALIMANTAN SELATAN,63,KOTA BANJARMASIN,6371,Swasta,122,32,10,5,169,169
2023,PROV. KALIMANTAN SELATAN,63,KOTA BANJARBARU,6372,Negeri,46,34,14,7,101,101
2023,PROV. KALIMANTAN SELATAN,63,KOTA BANJARBARU,6372,Swasta,77,8,2,0,87,87
2023,PROV. KALIMANTAN SELATAN,63,KOTA BANJARBARU,6372,Negeri dan Swasta,123,42,16,7,188,188
2023,PROV. KALIMANTAN TIMUR,64,KAB. PASER,6401,Negeri dan Swasta,109,53,37,27,226,226
2023,PROV. KALIMANTAN TIMUR,64,KAB. PASER,6401,Swasta,16,7,0,2,25,25
2023,PROV. KALIMANTAN TIMUR,64,KAB. PASER,6401,Negeri,93,46,37,25,201,201
2023,PROV. KALIMANTAN TIMUR,64,KAB. KUTAI KARTANEGARA,6402,Swasta,69,26,16,14,125,125
2023,PROV. KALIMANTAN TIMUR,64,KAB. KUTAI KARTANEGARA,6402,Negeri,215,100,78,81,474,474
2023,PROV. KALIMANTAN TIMUR,64,KAB. KUTAI KARTANEGARA,6402,Negeri dan Swasta,284,126,94,95,599,599
2023,PROV. KALIMANTAN TIMUR,64,KAB. BERAU,6403,Swasta,24,9,0,1,34,34
2023,PROV. KALIMANTAN TIMUR,64,KAB. BERAU,6403,Negeri dan Swasta,149,52,9,11,221,221
2023,PROV. KALIMANTAN TIMUR,64,KAB. BERAU,6403,Negeri,125,43,9,10,187,187
2023,PROV. KALIMANTAN TIMUR,64,KAB. KUTAI BARAT,6407,Negeri dan Swasta,135,84,34,27,280,280
2023,PROV. KALIMANTAN TIMUR,64,KAB. KUTAI BARAT,6407,Negeri,109,78,33,25,245,245
2023,PROV. KALIMANTAN TIMUR,64,KAB. KUTAI BARAT,6407,Swasta,26,6,1,2,35,35
2023,PROV. KALIMANTAN TIMUR,64,KAB. KUTAI TIMUR,6408,Negeri,125,63,32,44,264,264
2023,PROV. KALIMANTAN TIMUR,64,KAB. KUTAI TIMUR,6408,Negeri dan Swasta,183,78,38,49,348,348
2023,PROV. KALIMANTAN TIMUR,64,KAB. KUTAI TIMUR,6408,Swasta,58,15,6,5,84,84
2023,PROV. KALIMANTAN TIMUR,64,KAB. PENAJAM PASER UTARA,6409,Negeri dan Swasta,70,35,11,9,125,125
2023,PROV. KALIMANTAN TIMUR,64,KAB. PENAJAM PASER UTARA,6409,Swasta,10,9,1,1,21,21
2023,PROV. KALIMANTAN TIMUR,64,KAB. PENAJAM PASER UTARA,6409,Negeri,60,26,10,8,104,104
2023,PROV. KALIMANTAN TIMUR,64,KAB. MAHAKAM ULU,6411,Negeri,31,18,9,4,62,62
2023,PROV. KALIMANTAN TIMUR,64,KAB. MAHAKAM ULU,6411,Negeri dan Swasta,35,19,9,5,68,68
2023,PROV. KALIMANTAN TIMUR,64,KAB. MAHAKAM ULU,6411,Swasta,4,1,0,1,6,6
2023,PROV. KALIMANTAN TIMUR,64,KOTA BALIKPAPAN,6471,Negeri dan Swasta,268,61,31,19,379,379
2023,PROV. KALIMANTAN TIMUR,64,KOTA BALIKPAPAN,6471,Negeri,110,33,20,18,181,181
2023,PROV. KALIMANTAN TIMUR,64,KOTA BALIKPAPAN,6471,Swasta,158,28,11,1,198,198
2023,PROV. KALIMANTAN TIMUR,64,KOTA SAMARINDA,6472,Negeri dan Swasta,249,109,39,37,434,434
2023,PROV. KALIMANTAN TIMUR,64,KOTA SAMARINDA,6472,Swasta,132,39,9,5,185,185
2023,PROV. KALIMANTAN TIMUR,64,KOTA SAMARINDA,6472,Negeri,117,70,30,32,249,249
2023,PROV. KALIMANTAN TIMUR,64,KOTA BONTANG,6474,Negeri,29,5,8,4,46,46
2023,PROV. KALIMANTAN TIMUR,64,KOTA BONTANG,6474,Swasta,60,15,10,6,91,91
2023,PROV. KALIMANTAN TIMUR,64,KOTA BONTANG,6474,Negeri dan Swasta,89,20,18,10,137,137
2023,PROV. KALIMANTAN UTARA,65,KAB. BULUNGAN,6501,Negeri dan Swasta,95,49,26,18,188,188
2023,PROV. KALIMANTAN UTARA,65,KAB. BULUNGAN,6501,Swasta,15,6,3,2,26,26
2023,PROV. KALIMANTAN UTARA,65,KAB. BULUNGAN,6501,Negeri,80,43,23,16,162,162
2023,PROV. KALIMANTAN UTARA,65,KAB. MALINAU,6502,Swasta,2,4,1,0,7,7
2023,PROV. KALIMANTAN UTARA,65,KAB. MALINAU,6502,Negeri,46,42,23,18,129,129
2023,PROV. KALIMANTAN UTARA,65,KAB. MALINAU,6502,Negeri dan Swasta,48,46,24,18,136,136
2023,PROV. KALIMANTAN UTARA,65,KAB. NUNUKAN,6503,Negeri dan Swasta,77,44,29,35,185,185
2023,PROV. KALIMANTAN UTARA,65,KAB. NUNUKAN,6503,Negeri,65,37,26,33,161,161
2023,PROV. KALIMANTAN UTARA,65,KAB. NUNUKAN,6503,Swasta,12,7,3,2,24,24
2023,PROV. KALIMANTAN UTARA,65,KAB. TANA TIDUNG,6504,Swasta,4,1,0,0,5,5
2023,PROV. KALIMANTAN UTARA,65,KAB. TANA TIDUNG,6504,Negeri,23,8,2,2,35,35
2023,PROV. KALIMANTAN UTARA,65,KAB. TANA TIDUNG,6504,Negeri dan Swasta,27,9,2,2,40,40
2023,PROV. KALIMANTAN UTARA,65,KOTA TARAKAN,6571,Negeri dan Swasta,86,17,9,13,125,125
2023,PROV. KALIMANTAN UTARA,65,KOTA TARAKAN,6571,Negeri,51,9,5,9,74,74
2023,PROV. KALIMANTAN UTARA,65,KOTA TARAKAN,6571,Swasta,35,8,4,4,51,51
2023,PROV. SULAWESI UTARA,71,KAB. BOLAANG MONGONDOW,7101,Swasta,20,11,5,6,42,42
2023,PROV. SULAWESI UTARA,71,KAB. BOLAANG MONGONDOW,7101,Negeri dan Swasta,117,85,32,25,259,259
2023,PROV. SULAWESI UTARA,71,KAB. BOLAANG MONGONDOW,7101,Negeri,97,74,27,19,217,217
2023,PROV. SULAWESI UTARA,71,KAB. MINAHASA,7102,Negeri dan Swasta,141,69,68,50,328,328
2023,PROV. SULAWESI UTARA,71,KAB. MINAHASA,7102,Swasta,61,29,26,17,133,133
2023,PROV. SULAWESI UTARA,71,KAB. MINAHASA,7102,Negeri,80,40,42,33,195,195
2023,PROV. SULAWESI UTARA,71,KAB. KEPULAUAN SANGIHE,7103,Swasta,38,20,19,18,95,95
2023,PROV. SULAWESI UTARA,71,KAB. KEPULAUAN SANGIHE,7103,Negeri,74,45,36,33,188,188
2023,PROV. SULAWESI UTARA,71,KAB. KEPULAUAN SANGIHE,7103,Negeri dan Swasta,112,65,55,51,283,283
2023,PROV. SULAWESI UTARA,71,KAB. KEPULAUAN TALAUD,7104,Negeri,51,21,21,39,132,132
2023,PROV. SULAWESI UTARA,71,KAB. KEPULAUAN TALAUD,7104,Swasta,13,7,7,25,52,52
2023,PROV. SULAWESI UTARA,71,KAB. KEPULAUAN TALAUD,7104,Negeri dan Swasta,64,28,28,64,184,184
2023,PROV. SULAWESI UTARA,71,KAB. MINAHASA SELATAN,7105,Negeri,58,50,22,25,155,155
2023,PROV. SULAWESI UTARA,71,KAB. MINAHASA SELATAN,7105,Negeri dan Swasta,100,68,38,38,244,244
2023,PROV. SULAWESI UTARA,71,KAB. MINAHASA SELATAN,7105,Swasta,42,18,16,13,89,89
2023,PROV. SULAWESI UTARA,71,KAB. MINAHASA UTARA,7106,Negeri,52,30,54,21,157,157
2023,PROV. SULAWESI UTARA,71,KAB. MINAHASA UTARA,7106,Negeri dan Swasta,87,57,79,45,268,268
2023,PROV. SULAWESI UTARA,71,KAB. MINAHASA UTARA,7106,Swasta,35,27,25,24,111,111
2023,PROV. SULAWESI UTARA,71,KAB. MINAHASA TENGGARA,7107,Swasta,19,17,5,10,51,51
2023,PROV. SULAWESI UTARA,71,KAB. MINAHASA TENGGARA,7107,Negeri,37,31,12,23,103,103
2023,PROV. SULAWESI UTARA,71,KAB. MINAHASA TENGGARA,7107,Negeri dan Swasta,56,48,17,33,154,154
2023,PROV. SULAWESI UTARA,71,KAB. BOLAANG MONGONDOW UTARA,7108,Swasta,3,0,0,0,3,3
2023,PROV. SULAWESI UTARA,71,KAB. BOLAANG MONGONDOW UTARA,7108,Negeri dan Swasta,53,27,18,19,117,117
2023,PROV. SULAWESI UTARA,71,KAB. BOLAANG MONGONDOW UTARA,7108,Negeri,50,27,18,19,114,114
2023,PROV. SULAWESI UTARA,71,KAB. KEP. SIAU TAGULANDANG BIARO,7109,Swasta,10,11,18,16,55,55
2023,PROV. SULAWESI UTARA,71,KAB. KEP. SIAU TAGULANDANG BIARO,7109,Negeri dan Swasta,33,24,38,41,136,136
2023,PROV. SULAWESI UTARA,71,KAB. KEP. SIAU TAGULANDANG BIARO,7109,Negeri,23,13,20,25,81,81
2023,PROV. SULAWESI UTARA,71,KAB. BOLAANG MONGONDOW TIMUR,7110,Negeri,49,15,17,6,87,87
2023,PROV. SULAWESI UTARA,71,KAB. BOLAANG MONGONDOW TIMUR,7110,Swasta,5,1,1,1,8,8
2023,PROV. SULAWESI UTARA,71,KAB. BOLAANG MONGONDOW TIMUR,7110,Negeri dan Swasta,54,16,18,7,95,95
2023,PROV. SULAWESI UTARA,71,KAB. BOLAANG MONGONDOW SELATAN,7111,Negeri dan Swasta,47,25,15,10,97,97
2023,PROV. SULAWESI UTARA,71,KAB. BOLAANG MONGONDOW SELATAN,7111,Swasta,8,1,0,1,10,10
2023,PROV. SULAWESI UTARA,71,KAB. BOLAANG MONGONDOW SELATAN,7111,Negeri,39,24,15,9,87,87
2023,PROV. SULAWESI UTARA,71,KOTA MANADO,7171,Negeri dan Swasta,182,87,60,47,376,376
2023,PROV. SULAWESI UTARA,71,KOTA MANADO,7171,Swasta,133,62,38,25,258,258
2023,PROV. SULAWESI UTARA,71,KOTA MANADO,7171,Negeri,49,25,22,22,118,118
2023,PROV. SULAWESI UTARA,71,KOTA BITUNG,7172,Negeri dan Swasta,65,34,27,19,145,145
2023,PROV. SULAWESI UTARA,71,KOTA BITUNG,7172,Negeri,29,15,11,7,62,62
2023,PROV. SULAWESI UTARA,71,KOTA BITUNG,7172,Swasta,36,19,16,12,83,83
2023,PROV. SULAWESI UTARA,71,KOTA TOMOHON,7173,Negeri,5,4,17,4,30,30
2023,PROV. SULAWESI UTARA,71,KOTA TOMOHON,7173,Negeri dan Swasta,34,25,48,11,118,118
2023,PROV. SULAWESI UTARA,71,KOTA TOMOHON,7173,Swasta,29,21,31,7,88,88
2023,PROV. SULAWESI UTARA,71,KOTA KOTAMOBAGU,7174,Negeri,46,18,11,9,84,84
2023,PROV. SULAWESI UTARA,71,KOTA KOTAMOBAGU,7174,Negeri dan Swasta,64,20,15,13,112,112
2023,PROV. SULAWESI UTARA,71,KOTA KOTAMOBAGU,7174,Swasta,18,2,4,4,28,28
2023,PROV. SULAWESI TENGAH,72,KAB. BANGGAI,7201,Swasta,24,19,8,7,58,58
2023,PROV. SULAWESI TENGAH,72,KAB. BANGGAI,7201,Negeri dan Swasta,163,147,116,86,512,512
2023,PROV. SULAWESI TENGAH,72,KAB. BANGGAI,7201,Negeri,139,128,108,79,454,454
2023,PROV. SULAWESI TENGAH,72,KAB. POSO,7202,Negeri dan Swasta,129,67,46,39,281,281
2023,PROV. SULAWESI TENGAH,72,KAB. POSO,7202,Negeri,110,57,41,33,241,241
2023,PROV. SULAWESI TENGAH,72,KAB. POSO,7202,Swasta,19,10,5,6,40,40
2023,PROV. SULAWESI TENGAH,72,KAB. DONGGALA,7203,Swasta,19,8,4,3,34,34
2023,PROV. SULAWESI TENGAH,72,KAB. DONGGALA,7203,Negeri dan Swasta,206,135,98,50,489,489
2023,PROV. SULAWESI TENGAH,72,KAB. DONGGALA,7203,Negeri,187,127,94,47,455,455
2023,PROV. SULAWESI TENGAH,72,KAB. TOLITOLI,7204,Negeri,117,57,38,22,234,234
2023,PROV. SULAWESI TENGAH,72,KAB. TOLITOLI,7204,Negeri dan Swasta,128,64,42,26,260,260
2023,PROV. SULAWESI TENGAH,72,KAB. TOLITOLI,7204,Swasta,11,7,4,4,26,26
2023,PROV. SULAWESI TENGAH,72,KAB. BUOL,7205,Negeri dan Swasta,66,52,45,41,204,204
2023,PROV. SULAWESI TENGAH,72,KAB. BUOL,7205,Swasta,2,3,2,1,8,8
2023,PROV. SULAWESI TENGAH,72,KAB. BUOL,7205,Negeri,64,49,43,40,196,196
2023,PROV. SULAWESI TENGAH,72,KAB. MOROWALI,7206,Negeri,65,66,38,23,192,192
2023,PROV. SULAWESI TENGAH,72,KAB. MOROWALI,7206,Swasta,2,7,0,0,9,9
2023,PROV. SULAWESI TENGAH,72,KAB. MOROWALI,7206,Negeri dan Swasta,67,73,38,23,201,201
2023,PROV. SULAWESI TENGAH,72,KAB. BANGGAI KEPULAUAN,7207,Negeri dan Swasta,67,41,52,54,214,214
2023,PROV. SULAWESI TENGAH,72,KAB. BANGGAI KEPULAUAN,7207,Negeri,64,38,48,49,199,199
2023,PROV. SULAWESI TENGAH,72,KAB. BANGGAI KEPULAUAN,7207,Swasta,3,3,4,5,15,15
2023,PROV. SULAWESI TENGAH,72,KAB. PARIGI MOUTONG,7208,Negeri,158,84,85,40,367,367
2023,PROV. SULAWESI TENGAH,72,KAB. PARIGI MOUTONG,7208,Swasta,14,9,7,1,31,31
2023,PROV. SULAWESI TENGAH,72,KAB. PARIGI MOUTONG,7208,Negeri dan Swasta,172,93,92,41,398,398
2023,PROV. SULAWESI TENGAH,72,KAB. TOJO UNA UNA,7209,Negeri dan Swasta,116,62,76,13,267,267
2023,PROV. SULAWESI TENGAH,72,KAB. TOJO UNA UNA,7209,Negeri,108,62,75,12,257,257
2023,PROV. SULAWESI TENGAH,72,KAB. TOJO UNA UNA,7209,Swasta,8,0,1,1,10,10
2023,PROV. SULAWESI TENGAH,72,KAB. SIGI,7210,Swasta,24,5,4,2,35,35
2023,PROV. SULAWESI TENGAH,72,KAB. SIGI,7210,Negeri dan Swasta,150,62,39,28,279,279
2023,PROV. SULAWESI TENGAH,72,KAB. SIGI,7210,Negeri,126,57,35,26,244,244
2023,PROV. SULAWESI TENGAH,72,KAB. BANGGAI LAUT,7211,Negeri,17,19,24,41,101,101
2023,PROV. SULAWESI TENGAH,72,KAB. BANGGAI LAUT,7211,Negeri dan Swasta,20,19,25,42,106,106
2023,PROV. SULAWESI TENGAH,72,KAB. BANGGAI LAUT,7211,Swasta,3,0,1,1,5,5
2023,PROV. SULAWESI TENGAH,72,KAB. MOROWALI UTARA,7212,Swasta,5,7,2,2,16,16
2023,PROV. SULAWESI TENGAH,72,KAB. MOROWALI UTARA,7212,Negeri dan Swasta,85,42,23,22,172,172
2023,PROV. SULAWESI TENGAH,72,KAB. MOROWALI UTARA,7212,Negeri,80,35,21,20,156,156
2023,PROV. SULAWESI TENGAH,72,KOTA PALU,7271,Negeri,101,35,32,23,191,191
2023,PROV. SULAWESI TENGAH,72,KOTA PALU,7271,Negeri dan Swasta,181,47,38,26,292,292
2023,PROV. SULAWESI TENGAH,72,KOTA PALU,7271,Swasta,80,12,6,3,101,101
2023,PROV. SULAWESI SELATAN,73,KAB. KEPULAUAN SELAYAR,7301,Negeri dan Swasta,93,72,31,28,224,224
2023,PROV. SULAWESI SELATAN,73,KAB. KEPULAUAN SELAYAR,7301,Negeri,87,66,31,28,212,212
2023,PROV. SULAWESI SELATAN,73,KAB. KEPULAUAN SELAYAR,7301,Swasta,6,6,0,0,12,12
2023,PROV. SULAWESI SELATAN,73,KAB. BULUKUMBA,7302,Negeri,102,131,171,30,434,434
2023,PROV. SULAWESI SELATAN,73,KAB. BULUKUMBA,7302,Swasta,6,12,11,1,30,30
2023,PROV. SULAWESI SELATAN,73,KAB. BULUKUMBA,7302,Negeri dan Swasta,108,143,182,31,464,464
2023,PROV. SULAWESI SELATAN,73,KAB. BANTAENG,7303,Negeri,66,45,38,23,172,172
2023,PROV. SULAWESI SELATAN,73,KAB. BANTAENG,7303,Negeri dan Swasta,71,51,45,27,194,194
2023,PROV. SULAWESI SELATAN,73,KAB. BANTAENG,7303,Swasta,5,6,7,4,22,22
2023,PROV. SULAWESI SELATAN,73,KAB. JENEPONTO,7304,Negeri dan Swasta,120,99,132,24,375,375
2023,PROV. SULAWESI SELATAN,73,KAB. JENEPONTO,7304,Negeri,111,90,119,21,341,341
2023,PROV. SULAWESI SELATAN,73,KAB. JENEPONTO,7304,Swasta,9,9,13,3,34,34
2023,PROV. SULAWESI SELATAN,73,KAB. TAKALAR,7305,Negeri,73,51,64,72,260,260
2023,PROV. SULAWESI SELATAN,73,KAB. TAKALAR,7305,Negeri dan Swasta,96,57,68,74,295,295
2023,PROV. SULAWESI SELATAN,73,KAB. TAKALAR,7305,Swasta,23,6,4,2,35,35
2023,PROV. SULAWESI SELATAN,73,KAB. GOWA,7306,Negeri dan Swasta,187,140,143,49,519,519
2023,PROV. SULAWESI SELATAN,73,KAB. GOWA,7306,Swasta,56,27,13,6,102,102
2023,PROV. SULAWESI SELATAN,73,KAB. GOWA,7306,Negeri,131,113,130,43,417,417
2023,PROV. SULAWESI SELATAN,73,KAB. SINJAI,7307,Swasta,12,2,1,1,16,16
2023,PROV. SULAWESI SELATAN,73,KAB. SINJAI,7307,Negeri,87,87,95,18,287,287
2023,PROV. SULAWESI SELATAN,73,KAB. SINJAI,7307,Negeri dan Swasta,99,89,96,19,303,303
2023,PROV. SULAWESI SELATAN,73,KAB. BONE,7308,Negeri dan Swasta,348,151,109,108,716,716
2023,PROV. SULAWESI SELATAN,73,KAB. BONE,7308,Negeri,312,135,102,104,653,653
2023,PROV. SULAWESI SELATAN,73,KAB. BONE,7308,Swasta,36,16,7,4,63,63
2023,PROV. SULAWESI SELATAN,73,KAB. MAROS,7309,Negeri,101,79,97,14,291,291
2023,PROV. SULAWESI SELATAN,73,KAB. MAROS,7309,Swasta,36,19,17,5,77,77
2023,PROV. SULAWESI SELATAN,73,KAB. MAROS,7309,Negeri dan Swasta,137,98,114,19,368,368
2023,PROV. SULAWESI SELATAN,73,KAB. PANGKAJENE DAN KEPULAUAN,7310,Swasta,24,4,6,1,35,35
2023,PROV. SULAWESI SELATAN,73,KAB. PANGKAJENE DAN KEPULAUAN,7310,Negeri dan Swasta,130,118,117,37,402,402
2023,PROV. SULAWESI SELATAN,73,KAB. PANGKAJENE DAN KEPULAUAN,7310,Negeri,106,114,111,36,367,367
2023,PROV. SULAWESI SELATAN,73,KAB. BARRU,7311,Negeri dan Swasta,118,78,37,27,260,260
2023,PROV. SULAWESI SELATAN,73,KAB. BARRU,7311,Negeri,114,73,37,27,251,251
2023,PROV. SULAWESI SELATAN,73,KAB. BARRU,7311,Swasta,4,5,0,0,9,9
2023,PROV. SULAWESI SELATAN,73,KAB. SOPPENG,7312,Swasta,21,9,5,7,42,42
2023,PROV. SULAWESI SELATAN,73,KAB. SOPPENG,7312,Negeri dan Swasta,120,51,38,131,340,340
2023,PROV. SULAWESI SELATAN,73,KAB. SOPPENG,7312,Negeri,99,42,33,124,298,298
2023,PROV. SULAWESI SELATAN,73,KAB. WAJO,7313,Negeri,127,146,107,79,459,459
2023,PROV. SULAWESI SELATAN,73,KAB. WAJO,7313,Swasta,24,7,3,1,35,35
2023,PROV. SULAWESI SELATAN,73,KAB. WAJO,7313,Negeri dan Swasta,151,153,110,80,494,494
2023,PROV. SULAWESI SELATAN,73,KAB. SIDENRENG RAPPANG,7314,Negeri,126,72,92,15,305,305
2023,PROV. SULAWESI SELATAN,73,KAB. SIDENRENG RAPPANG,7314,Swasta,12,11,1,0,24,24
2023,PROV. SULAWESI SELATAN,73,KAB. SIDENRENG RAPPANG,7314,Negeri dan Swasta,138,83,93,15,329,329
2023,PROV. SULAWESI SELATAN,73,KAB. PINRANG,7315,Swasta,20,8,0,0,28,28
2023,PROV. SULAWESI SELATAN,73,KAB. PINRANG,7315,Negeri,125,97,95,29,346,346
2023,PROV. SULAWESI SELATAN,73,KAB. PINRANG,7315,Negeri dan Swasta,145,105,95,29,374,374
2023,PROV. SULAWESI SELATAN,73,KAB. ENREKANG,7316,Negeri dan Swasta,67,91,108,21,287,287
2023,PROV. SULAWESI SELATAN,73,KAB. ENREKANG,7316,Swasta,15,3,5,1,24,24
2023,PROV. SULAWESI SELATAN,73,KAB. ENREKANG,7316,Negeri,52,88,103,20,263,263
2023,PROV. SULAWESI SELATAN,73,KAB. LUWU,7317,Swasta,16,5,7,5,33,33
2023,PROV. SULAWESI SELATAN,73,KAB. LUWU,7317,Negeri dan Swasta,130,88,109,37,364,364
2023,PROV. SULAWESI SELATAN,73,KAB. LUWU,7317,Negeri,114,83,102,32,331,331
2023,PROV. SULAWESI SELATAN,73,KAB. TANA TORAJA,7318,Swasta,21,18,5,3,47,47
2023,PROV. SULAWESI SELATAN,73,KAB. TANA TORAJA,7318,Negeri,105,98,37,35,275,275
2023,PROV. SULAWESI SELATAN,73,KAB. TANA TORAJA,7318,Negeri dan Swasta,126,116,42,38,322,322
2023,PROV. SULAWESI SELATAN,73,KAB. LUWU UTARA,7322,Negeri,96,96,77,51,320,320
2023,PROV. SULAWESI SELATAN,73,KAB. LUWU UTARA,7322,Swasta,7,2,1,1,11,11
2023,PROV. SULAWESI SELATAN,73,KAB. LUWU UTARA,7322,Negeri dan Swasta,103,98,78,52,331,331
2023,PROV. SULAWESI SELATAN,73,KAB. LUWU TIMUR,7324,Negeri,96,63,31,28,218,218
2023,PROV. SULAWESI SELATAN,73,KAB. LUWU TIMUR,7324,Negeri dan Swasta,114,70,36,31,251,251
2023,PROV. SULAWESI SELATAN,73,KAB. LUWU TIMUR,7324,Swasta,18,7,5,3,33,33
2023,PROV. SULAWESI SELATAN,73,KAB. TORAJA UTARA,7326,Swasta,21,15,3,2,41,41
2023,PROV. SULAWESI SELATAN,73,KAB. TORAJA UTARA,7326,Negeri dan Swasta,86,103,58,54,301,301
2023,PROV. SULAWESI SELATAN,73,KAB. TORAJA UTARA,7326,Negeri,65,88,55,52,260,260
2023,PROV. SULAWESI SELATAN,73,KOTA MAKASSAR,7371,Negeri dan Swasta,544,227,121,91,983,983
2023,PROV. SULAWESI SELATAN,73,KOTA MAKASSAR,7371,Negeri,166,102,63,61,392,392
2023,PROV. SULAWESI SELATAN,73,KOTA MAKASSAR,7371,Swasta,378,125,58,30,591,591
2023,PROV. SULAWESI SELATAN,73,KOTA PAREPARE,7372,Negeri,47,25,22,11,105,105
2023,PROV. SULAWESI SELATAN,73,KOTA PAREPARE,7372,Swasta,29,12,8,3,52,52
2023,PROV. SULAWESI SELATAN,73,KOTA PAREPARE,7372,Negeri dan Swasta,76,37,30,14,157,157
2023,PROV. SULAWESI SELATAN,73,KOTA PALOPO,7373,Negeri,54,16,14,10,94,94
2023,PROV. SULAWESI SELATAN,73,KOTA PALOPO,7373,Swasta,38,9,9,1,57,57
2023,PROV. SULAWESI SELATAN,73,KOTA PALOPO,7373,Negeri dan Swasta,92,25,23,11,151,151
2023,PROV. SULAWESI TENGGARA,74,KAB. KOLAKA,7401,Negeri dan Swasta,96,87,27,14,224,224
2023,PROV. SULAWESI TENGGARA,74,KAB. KOLAKA,7401,Swasta,12,4,3,1,20,20
2023,PROV. SULAWESI TENGGARA,74,KAB. KOLAKA,7401,Negeri,84,83,24,13,204,204
2023,PROV. SULAWESI TENGGARA,74,KAB. KONAWE,7402,Swasta,9,3,0,1,13,13
2023,PROV. SULAWESI TENGGARA,74,KAB. KONAWE,7402,Negeri,126,78,64,67,335,335
2023,PROV. SULAWESI TENGGARA,74,KAB. KONAWE,7402,Negeri dan Swasta,135,81,64,68,348,348
2023,PROV. SULAWESI TENGGARA,74,KAB. MUNA,7403,Negeri,89,29,40,104,262,262
2023,PROV. SULAWESI TENGGARA,74,KAB. MUNA,7403,Swasta,21,4,13,9,47,47
2023,PROV. SULAWESI TENGGARA,74,KAB. MUNA,7403,Negeri dan Swasta,110,33,53,113,309,309
2023,PROV. SULAWESI TENGGARA,74,KAB. BUTON,7404,Negeri,81,63,40,26,210,210
2023,PROV. SULAWESI TENGGARA,74,KAB. BUTON,7404,Negeri dan Swasta,82,64,41,29,216,216
2023,PROV. SULAWESI TENGGARA,74,KAB. BUTON,7404,Swasta,1,1,1,3,6,6
2023,PROV. SULAWESI TENGGARA,74,KAB. KONAWE SELATAN,7405,Swasta,7,3,0,0,10,10
2023,PROV. SULAWESI TENGGARA,74,KAB. KONAWE SELATAN,7405,Negeri,120,149,128,28,425,425
2023,PROV. SULAWESI TENGGARA,74,KAB. KONAWE SELATAN,7405,Negeri dan Swasta,127,152,128,28,435,435
2023,PROV. SULAWESI TENGGARA,74,KAB. BOMBANA,7406,Negeri dan Swasta,108,45,25,39,217,217
2023,PROV. SULAWESI TENGGARA,74,KAB. BOMBANA,7406,Negeri,97,38,24,37,196,196
2023,PROV. SULAWESI TENGGARA,74,KAB. BOMBANA,7406,Swasta,11,7,1,2,21,21
2023,PROV. SULAWESI TENGGARA,74,KAB. WAKATOBI,7407,Swasta,4,1,3,2,10,10
2023,PROV. SULAWESI TENGGARA,74,KAB. WAKATOBI,7407,Negeri,37,52,65,25,179,179
2023,PROV. SULAWESI TENGGARA,74,KAB. WAKATOBI,7407,Negeri dan Swasta,41,53,68,27,189,189
2023,PROV. SULAWESI TENGGARA,74,KAB. KOLAKA UTARA,7408,Negeri dan Swasta,55,40,28,29,152,152
2023,PROV. SULAWESI TENGGARA,74,KAB. KOLAKA UTARA,7408,Swasta,2,2,1,0,5,5
2023,PROV. SULAWESI TENGGARA,74,KAB. KOLAKA UTARA,7408,Negeri,53,38,27,29,147,147
2023,PROV. SULAWESI TENGGARA,74,KAB. KONAWE UTARA,7409,Negeri,72,44,28,14,158,158
2023,PROV. SULAWESI TENGGARA,74,KAB. KONAWE UTARA,7409,Swasta,0,1,0,0,1,1
2023,PROV. SULAWESI TENGGARA,74,KAB. KONAWE UTARA,7409,Negeri dan Swasta,72,45,28,14,159,159
2023,PROV. SULAWESI TENGGARA,74,KAB. BUTON UTARA,7410,Swasta,0,0,0,0,0,0
2023,PROV. SULAWESI TENGGARA,74,KAB. BUTON UTARA,7410,Negeri,51,20,39,26,136,136
2023,PROV. SULAWESI TENGGARA,74,KAB. BUTON UTARA,7410,Negeri dan Swasta,51,20,39,26,136,136
2023,PROV. SULAWESI TENGGARA,74,KAB. KOLAKA TIMUR,7411,Swasta,4,1,0,0,5,5
2023,PROV. SULAWESI TENGGARA,74,KAB. KOLAKA TIMUR,7411,Negeri,70,50,16,17,153,153
2023,PROV. SULAWESI TENGGARA,74,KAB. KOLAKA TIMUR,7411,Negeri dan Swasta,74,51,16,17,158,158
2023,PROV. SULAWESI TENGGARA,74,KAB. KONAWE KEPULAUAN,7412,Negeri dan Swasta,25,16,33,6,80,80
2023,PROV. SULAWESI TENGGARA,74,KAB. KONAWE KEPULAUAN,7412,Swasta,0,0,0,1,1,1
2023,PROV. SULAWESI TENGGARA,74,KAB. KONAWE KEPULAUAN,7412,Negeri,25,16,33,5,79,79
2023,PROV. SULAWESI TENGGARA,74,KAB. MUNA BARAT,7413,Negeri dan Swasta,54,26,29,36,145,145
2023,PROV. SULAWESI TENGGARA,74,KAB. MUNA BARAT,7413,Swasta,3,1,2,2,8,8
2023,PROV. SULAWESI TENGGARA,74,KAB. MUNA BARAT,7413,Negeri,51,25,27,34,137,137
2023,PROV. SULAWESI TENGGARA,74,KAB. BUTON TENGAH,7414,Negeri,54,36,42,10,142,142
2023,PROV. SULAWESI TENGGARA,74,KAB. BUTON TENGAH,7414,Swasta,3,0,0,0,3,3
2023,PROV. SULAWESI TENGGARA,74,KAB. BUTON TENGAH,7414,Negeri dan Swasta,57,36,42,10,145,145
2023,PROV. SULAWESI TENGGARA,74,KAB. BUTON SELATAN,7415,Swasta,0,1,0,0,1,1
2023,PROV. SULAWESI TENGGARA,74,KAB. BUTON SELATAN,7415,Negeri,40,26,21,21,108,108
2023,PROV. SULAWESI TENGGARA,74,KAB. BUTON SELATAN,7415,Negeri dan Swasta,40,27,21,21,109,109
2023,PROV. SULAWESI TENGGARA,74,KOTA KENDARI,7471,Negeri,83,23,59,7,172,172
2023,PROV. SULAWESI TENGGARA,74,KOTA KENDARI,7471,Negeri dan Swasta,134,41,72,12,259,259
2023,PROV. SULAWESI TENGGARA,74,KOTA KENDARI,7471,Swasta,51,18,13,5,87,87
2023,PROV. SULAWESI TENGGARA,74,KOTA BAU BAU,7472,Negeri dan Swasta,51,34,18,22,125,125
2023,PROV. SULAWESI TENGGARA,74,KOTA BAU BAU,7472,Swasta,8,10,4,1,23,23
2023,PROV. SULAWESI TENGGARA,74,KOTA BAU BAU,7472,Negeri,43,24,14,21,102,102
2023,PROV. GORONTALO,75,KAB. GORONTALO,7501,Swasta,27,6,4,0,37,37
2023,PROV. GORONTALO,75,KAB. GORONTALO,7501,Negeri dan Swasta,175,90,74,39,378,378
2023,PROV. GORONTALO,75,KAB. GORONTALO,7501,Negeri,148,84,70,39,341,341
2023,PROV. GORONTALO,75,KAB. BOALEMO,7502,Negeri dan Swasta,137,56,66,12,271,271
2023,PROV. GORONTALO,75,KAB. BOALEMO,7502,Negeri,134,56,66,12,268,268
2023,PROV. GORONTALO,75,KAB. BOALEMO,7502,Swasta,3,0,0,0,3,3
2023,PROV. GORONTALO,75,KAB. BONE BOLANGO,7503,Negeri dan Swasta,96,32,60,8,196,196
2023,PROV. GORONTALO,75,KAB. BONE BOLANGO,7503,Negeri,91,32,60,8,191,191
2023,PROV. GORONTALO,75,KAB. BONE BOLANGO,7503,Swasta,5,0,0,0,5,5
2023,PROV. GORONTALO,75,KAB. POHUWATO,7504,Negeri,75,61,31,19,186,186
2023,PROV. GORONTALO,75,KAB. POHUWATO,7504,Swasta,6,4,0,2,12,12
2023,PROV. GORONTALO,75,KAB. POHUWATO,7504,Negeri dan Swasta,81,65,31,21,198,198
2023,PROV. GORONTALO,75,KAB. GORONTALO UTARA,7505,Swasta,3,0,0,0,3,3
2023,PROV. GORONTALO,75,KAB. GORONTALO UTARA,7505,Negeri,88,34,23,47,192,192
2023,PROV. GORONTALO,75,KAB. GORONTALO UTARA,7505,Negeri dan Swasta,91,34,23,47,195,195
2023,PROV. GORONTALO,75,KOTA GORONTALO,7571,Swasta,22,6,6,0,34,34
2023,PROV. GORONTALO,75,KOTA GORONTALO,7571,Negeri dan Swasta,92,34,31,9,166,166
2023,PROV. GORONTALO,75,KOTA GORONTALO,7571,Negeri,70,28,25,9,132,132
2023,PROV. SULAWESI BARAT,76,KAB. PASANGKAYU,7601,Negeri,109,27,49,15,200,200
2023,PROV. SULAWESI BARAT,76,KAB. PASANGKAYU,7601,Swasta,9,1,4,2,16,16
2023,PROV. SULAWESI BARAT,76,KAB. PASANGKAYU,7601,Negeri dan Swasta,118,28,53,17,216,216
2023,PROV. SULAWESI BARAT,76,KAB. MAMUJU,7602,Swasta,12,4,5,2,23,23
2023,PROV. SULAWESI BARAT,76,KAB. MAMUJU,7602,Negeri dan Swasta,87,44,79,75,285,285
2023,PROV. SULAWESI BARAT,76,KAB. MAMUJU,7602,Negeri,75,40,74,73,262,262
2023,PROV. SULAWESI BARAT,76,KAB. MAMASA,7603,Negeri,47,57,75,76,255,255
2023,PROV. SULAWESI BARAT,76,KAB. MAMASA,7603,Swasta,9,10,5,11,35,35
2023,PROV. SULAWESI BARAT,76,KAB. MAMASA,7603,Negeri dan Swasta,56,67,80,87,290,290
2023,PROV. SULAWESI BARAT,76,KAB. POLEWALI MANDAR,7604,Negeri dan Swasta,121,145,81,52,399,399
2023,PROV. SULAWESI BARAT,76,KAB. POLEWALI MANDAR,7604,Negeri,111,139,81,49,380,380
2023,PROV. SULAWESI BARAT,76,KAB. POLEWALI MANDAR,7604,Swasta,10,6,0,3,19,19
2023,PROV. SULAWESI BARAT,76,KAB. MAJENE,7605,Swasta,3,2,1,3,9,9
2023,PROV. SULAWESI BARAT,76,KAB. MAJENE,7605,Negeri dan Swasta,78,44,46,73,241,241
2023,PROV. SULAWESI BARAT,76,KAB. MAJENE,7605,Negeri,75,42,45,70,232,232
2023,PROV. SULAWESI BARAT,76,KAB. MAMUJU TENGAH,7606,Swasta,4,0,2,3,9,9
2023,PROV. SULAWESI BARAT,76,KAB. MAMUJU TENGAH,7606,Negeri dan Swasta,56,41,44,21,162,162
2023,PROV. SULAWESI BARAT,76,KAB. MAMUJU TENGAH,7606,Negeri,52,41,42,18,153,153
2023,PROV. MALUKU,81,KAB. MALUKU TENGAH,8101,Negeri dan Swasta,241,112,84,69,506,506
2023,PROV. MALUKU,81,KAB. MALUKU TENGAH,8101,Negeri,203,97,79,59,438,438
2023,PROV. MALUKU,81,KAB. MALUKU TENGAH,8101,Swasta,38,15,5,10,68,68
2023,PROV. MALUKU,81,KAB. MALUKU TENGGARA,8102,Swasta,47,21,38,5,111,111
2023,PROV. MALUKU,81,KAB. MALUKU TENGGARA,8102,Negeri dan Swasta,86,39,80,7,212,212
2023,PROV. MALUKU,81,KAB. MALUKU TENGGARA,8102,Negeri,39,18,42,2,101,101
2023,PROV. MALUKU,81,KAB. KEPULAUAN TANIMBAR,8103,Swasta,19,17,19,16,71,71
2023,PROV. MALUKU,81,KAB. KEPULAUAN TANIMBAR,8103,Negeri,38,20,23,19,100,100
2023,PROV. MALUKU,81,KAB. KEPULAUAN TANIMBAR,8103,Negeri dan Swasta,57,37,42,35,171,171
2023,PROV. MALUKU,81,KAB. BURU,8104,Swasta,8,8,10,16,42,42
2023,PROV. MALUKU,81,KAB. BURU,8104,Negeri dan Swasta,72,39,43,81,235,235
2023,PROV. MALUKU,81,KAB. BURU,8104,Negeri,64,31,33,65,193,193
2023,PROV. MALUKU,81,KAB. SERAM BAGIAN TIMUR,8105,Swasta,7,4,8,9,28,28
2023,PROV. MALUKU,81,KAB. SERAM BAGIAN TIMUR,8105,Negeri,30,43,54,46,173,173
2023,PROV. MALUKU,81,KAB. SERAM BAGIAN TIMUR,8105,Negeri dan Swasta,37,47,62,55,201,201
2023,PROV. MALUKU,81,KAB. SERAM BAGIAN BARAT,8106,Swasta,24,6,21,5,56,56
2023,PROV. MALUKU,81,KAB. SERAM BAGIAN BARAT,8106,Negeri dan Swasta,124,55,72,38,289,289
2023,PROV. MALUKU,81,KAB. SERAM BAGIAN BARAT,8106,Negeri,100,49,51,33,233,233
2023,PROV. MALUKU,81,KAB. KEPULAUAN ARU,8107,Negeri,42,12,14,16,84,84
2023,PROV. MALUKU,81,KAB. KEPULAUAN ARU,8107,Swasta,41,5,12,5,63,63
2023,PROV. MALUKU,81,KAB. KEPULAUAN ARU,8107,Negeri dan Swasta,83,17,26,21,147,147
2023,PROV. MALUKU,81,KAB. MALUKU BARAT DAYA,8108,Negeri dan Swasta,57,32,34,21,144,144
2023,PROV. MALUKU,81,KAB. MALUKU BARAT DAYA,8108,Negeri,41,26,22,17,106,106
2023,PROV. MALUKU,81,KAB. MALUKU BARAT DAYA,8108,Swasta,16,6,12,4,38,38
2023,PROV. MALUKU,81,KAB. BURU SELATAN,8109,Negeri,63,12,12,13,100,100
2023,PROV. MALUKU,81,KAB. BURU SELATAN,8109,Swasta,12,3,5,4,24,24
2023,PROV. MALUKU,81,KAB. BURU SELATAN,8109,Negeri dan Swasta,75,15,17,17,124,124
2023,PROV. MALUKU,81,KOTA AMBON,8171,Swasta,46,31,17,10,104,104
2023,PROV. MALUKU,81,KOTA AMBON,8171,Negeri,71,38,51,41,201,201
2023,PROV. MALUKU,81,KOTA AMBON,8171,Negeri dan Swasta,117,69,68,51,305,305
2023,PROV. MALUKU,81,KOTA TUAL,8172,Swasta,9,3,4,4,20,20
2023,PROV. MALUKU,81,KOTA TUAL,8172,Negeri,34,11,10,10,65,65
2023,PROV. MALUKU,81,KOTA TUAL,8172,Negeri dan Swasta,43,14,14,14,85,85
2023,PROV. MALUKU UTARA,82,KAB. HALMAHERA BARAT,8201,Swasta,22,13,15,6,56,56
2023,PROV. MALUKU UTARA,82,KAB. HALMAHERA BARAT,8201,Negeri dan Swasta,69,62,84,26,241,241
2023,PROV. MALUKU UTARA,82,KAB. HALMAHERA BARAT,8201,Negeri,47,49,69,20,185,185
2023,PROV. MALUKU UTARA,82,KAB. HALMAHERA TENGAH,8202,Swasta,1,0,1,0,2,2
2023,PROV. MALUKU UTARA,82,KAB. HALMAHERA TENGAH,8202,Negeri dan Swasta,21,28,27,15,91,91
2023,PROV. MALUKU UTARA,82,KAB. HALMAHERA TENGAH,8202,Negeri,20,28,26,15,89,89
2023,PROV. MALUKU UTARA,82,KAB. HALMAHERA UTARA,8203,Negeri dan Swasta,91,53,29,45,218,218
2023,PROV. MALUKU UTARA,82,KAB. HALMAHERA UTARA,8203,Swasta,33,17,10,18,78,78
2023,PROV. MALUKU UTARA,82,KAB. HALMAHERA UTARA,8203,Negeri,58,36,19,27,140,140
2023,PROV. MALUKU UTARA,82,KAB. HALMAHERA SELATAN,8204,Swasta,20,13,12,4,49,49
2023,PROV. MALUKU UTARA,82,KAB. HALMAHERA SELATAN,8204,Negeri,54,65,103,47,269,269
2023,PROV. MALUKU UTARA,82,KAB. HALMAHERA SELATAN,8204,Negeri dan Swasta,74,78,115,51,318,318
2023,PROV. MALUKU UTARA,82,KAB. KEPULAUAN SULA,8205,Swasta,2,2,2,1,7,7
2023,PROV. MALUKU UTARA,82,KAB. KEPULAUAN SULA,8205,Negeri dan Swasta,56,35,45,22,158,158
2023,PROV. MALUKU UTARA,82,KAB. KEPULAUAN SULA,8205,Negeri,54,33,43,21,151,151
2023,PROV. MALUKU UTARA,82,KAB. HALMAHERA TIMUR,8206,Negeri dan Swasta,52,42,44,11,149,149
2023,PROV. MALUKU UTARA,82,KAB. HALMAHERA TIMUR,8206,Swasta,5,3,1,0,9,9
2023,PROV. MALUKU UTARA,82,KAB. HALMAHERA TIMUR,8206,Negeri,47,39,43,11,140,140
2023,PROV. MALUKU UTARA,82,KAB. PULAU MOROTAI,8207,Negeri dan Swasta,15,20,23,29,87,87
2023,PROV. MALUKU UTARA,82,KAB. PULAU MOROTAI,8207,Swasta,4,9,4,11,28,28
2023,PROV. MALUKU UTARA,82,KAB. PULAU MOROTAI,8207,Negeri,11,11,19,18,59,59
2023,PROV. MALUKU UTARA,82,KAB. PULAU TALIABU,8208,Negeri,19,28,23,19,89,89
2023,PROV. MALUKU UTARA,82,KAB. PULAU TALIABU,8208,Swasta,1,1,0,0,2,2
2023,PROV. MALUKU UTARA,82,KAB. PULAU TALIABU,8208,Negeri dan Swasta,20,29,23,19,91,91
2023,PROV. MALUKU UTARA,82,KOTA TERNATE,8271,Negeri dan Swasta,69,20,28,56,173,173
2023,PROV. MALUKU UTARA,82,KOTA TERNATE,8271,Negeri,42,12,21,45,120,120
2023,PROV. MALUKU UTARA,82,KOTA TERNATE,8271,Swasta,27,8,7,11,53,53
2023,PROV. MALUKU UTARA,82,KOTA TIDORE KEPULAUAN,8272,Negeri,58,30,68,9,165,165
2023,PROV. MALUKU UTARA,82,KOTA TIDORE KEPULAUAN,8272,Negeri dan Swasta,68,36,74,10,188,188
2023,PROV. MALUKU UTARA,82,KOTA TIDORE KEPULAUAN,8272,Swasta,10,6,6,1,23,23
2023,PROV. PAPUA,91,KAB. JAYAPURA,9103,Negeri dan Swasta,77,64,62,26,229,229
2023,PROV. PAPUA,91,KAB. JAYAPURA,9103,Swasta,42,24,29,5,100,100
2023,PROV. PAPUA,91,KAB. JAYAPURA,9103,Negeri,35,40,33,21,129,129
2023,PROV. PAPUA,91,KAB. KEPULAUAN YAPEN,9105,Negeri dan Swasta,22,20,15,21,78,78
2023,PROV. PAPUA,91,KAB. KEPULAUAN YAPEN,9105,Negeri,12,13,7,12,44,44
2023,PROV. PAPUA,91,KAB. KEPULAUAN YAPEN,9105,Swasta,10,7,8,9,34,34
2023,PROV. PAPUA,91,KAB. BIAK NUMFOR,9106,Negeri,40,35,40,15,130,130
2023,PROV. PAPUA,91,KAB. BIAK NUMFOR,9106,Negeri dan Swasta,68,55,68,25,216,216
2023,PROV. PAPUA,91,KAB. BIAK NUMFOR,9106,Swasta,28,20,28,10,86,86
2023,PROV. PAPUA,91,KAB. SARMI,9110,Negeri,9,10,6,9,34,34
2023,PROV. PAPUA,91,KAB. SARMI,9110,Negeri dan Swasta,13,12,6,10,41,41
2023,PROV. PAPUA,91,KAB. SARMI,9110,Swasta,4,2,0,1,7,7
2023,PROV. PAPUA,91,KAB. KEEROM,9111,Negeri,16,13,10,14,53,53
2023,PROV. PAPUA,91,KAB. KEEROM,9111,Negeri dan Swasta,23,21,12,15,71,71
2023,PROV. PAPUA,91,KAB. KEEROM,9111,Swasta,7,8,2,1,18,18
2023,PROV. PAPUA,91,KAB. WAROPEN,9115,Swasta,1,0,1,6,8,8
2023,PROV. PAPUA,91,KAB. WAROPEN,9115,Negeri,6,9,9,8,32,32
2023,PROV. PAPUA,91,KAB. WAROPEN,9115,Negeri dan Swasta,7,9,10,14,40,40
2023,PROV. PAPUA,91,KAB. SUPIORI,9119,Swasta,3,6,9,8,26,26
2023,PROV. PAPUA,91,KAB. SUPIORI,9119,Negeri,14,11,8,11,44,44
2023,PROV. PAPUA,91,KAB. SUPIORI,9119,Negeri dan Swasta,17,17,17,19,70,70
2023,PROV. PAPUA,91,KAB. MAMBERAMO RAYA,9120,Negeri,4,3,1,6,14,14
2023,PROV. PAPUA,91,KAB. MAMBERAMO RAYA,9120,Swasta,0,0,0,1,1,1
2023,PROV. PAPUA,91,KAB. MAMBERAMO RAYA,9120,Negeri dan Swasta,4,3,1,7,15,15
2023,PROV. PAPUA,91,KOTA JAYAPURA,9171,Swasta,46,24,15,14,99,99
2023,PROV. PAPUA,91,KOTA JAYAPURA,9171,Negeri,37,16,14,18,85,85
2023,PROV. PAPUA,91,KOTA JAYAPURA,9171,Negeri dan Swasta,83,40,29,32,184,184
2023,PROV. PAPUA BARAT,92,KAB. MANOKWARI,9202,Negeri,46,21,10,13,90,90
2023,PROV. PAPUA BARAT,92,KAB. MANOKWARI,9202,Swasta,21,15,3,7,46,46
2023,PROV. PAPUA BARAT,92,KAB. MANOKWARI,9202,Negeri dan Swasta,67,36,13,20,136,136
2023,PROV. PAPUA BARAT,92,KAB. FAK FAK,9203,Swasta,21,8,2,1,32,32
2023,PROV. PAPUA BARAT,92,KAB. FAK FAK,9203,Negeri dan Swasta,51,36,15,16,118,118
2023,PROV. PAPUA BARAT,92,KAB. FAK FAK,9203,Negeri,30,28,13,15,86,86
2023,PROV. PAPUA BARAT,92,KAB. TELUK BINTUNI,9206,Negeri,20,20,11,6,57,57
2023,PROV. PAPUA BARAT,92,KAB. TELUK BINTUNI,9206,Swasta,5,11,7,3,26,26
2023,PROV. PAPUA BARAT,92,KAB. TELUK BINTUNI,9206,Negeri dan Swasta,25,31,18,9,83,83
2023,PROV. PAPUA BARAT,92,KAB. TELUK WONDAMA,9207,Negeri dan Swasta,22,18,8,4,52,52
2023,PROV. PAPUA BARAT,92,KAB. TELUK WONDAMA,9207,Negeri,14,13,7,3,37,37
2023,PROV. PAPUA BARAT,92,KAB. TELUK WONDAMA,9207,Swasta,8,5,1,1,15,15
2023,PROV. PAPUA BARAT,92,KAB. KAIMANA,9208,Negeri,11,4,4,6,25,25
2023,PROV. PAPUA BARAT,92,KAB. KAIMANA,9208,Negeri dan Swasta,17,8,6,7,38,38
2023,PROV. PAPUA BARAT,92,KAB. KAIMANA,9208,Swasta,6,4,2,1,13,13
2023,PROV. PAPUA BARAT,92,KAB. MANOKWARI SELATAN,9211,Negeri dan Swasta,7,12,4,2,25,25
2023,PROV. PAPUA BARAT,92,KAB. MANOKWARI SELATAN,9211,Negeri,6,8,2,2,18,18
2023,PROV. PAPUA BARAT,92,KAB. MANOKWARI SELATAN,9211,Swasta,1,4,2,0,7,7
2023,PROV. PAPUA BARAT,92,KAB. PEGUNUNGAN ARFAK,9212,Negeri dan Swasta,15,6,1,4,26,26
2023,PROV. PAPUA BARAT,92,KAB. PEGUNUNGAN ARFAK,9212,Negeri,15,6,1,3,25,25
2023,PROV. PAPUA BARAT,92,KAB. PEGUNUNGAN ARFAK,9212,Swasta,0,0,0,1,1,1
2023,PROV. PAPUA SELATAN,93,KAB. MERAUKE,9301,Negeri dan Swasta,62,69,37,34,202,202
2023,PROV. PAPUA SELATAN,93,KAB. MERAUKE,9301,Swasta,28,24,9,13,74,74
2023,PROV. PAPUA SELATAN,93,KAB. MERAUKE,9301,Negeri,34,45,28,21,128,128
2023,PROV. PAPUA SELATAN,93,KAB. BOVEN DIGOEL,9302,Negeri dan Swasta,19,30,22,8,79,79
2023,PROV. PAPUA SELATAN,93,KAB. BOVEN DIGOEL,9302,Negeri,9,15,19,5,48,48
2023,PROV. PAPUA SELATAN,93,KAB. BOVEN DIGOEL,9302,Swasta,10,15,3,3,31,31
2023,PROV. PAPUA SELATAN,93,KAB. MAPPI,9303,Negeri,18,8,5,3,34,34
2023,PROV. PAPUA SELATAN,93,KAB. MAPPI,9303,Negeri dan Swasta,26,16,9,3,54,54
2023,PROV. PAPUA SELATAN,93,KAB. MAPPI,9303,Swasta,8,8,4,0,20,20
2023,PROV. PAPUA SELATAN,93,KAB. ASMAT,9304,Swasta,7,5,2,1,15,15
2023,PROV. PAPUA SELATAN,93,KAB. ASMAT,9304,Negeri,11,10,6,3,30,30
2023,PROV. PAPUA SELATAN,93,KAB. ASMAT,9304,Negeri dan Swasta,18,15,8,4,45,45
2023,PROV. PAPUA TENGAH,94,KAB. NABIRE,9401,Swasta,27,18,14,3,62,62
2023,PROV. PAPUA TENGAH,94,KAB. NABIRE,9401,Negeri,23,25,14,8,70,70
2023,PROV. PAPUA TENGAH,94,KAB. NABIRE,9401,Negeri dan Swasta,50,43,28,11,132,132
2023,PROV. PAPUA TENGAH,94,KAB. PUNCAK JAYA,9402,Negeri,2,5,1,2,10,10
2023,PROV. PAPUA TENGAH,94,KAB. PUNCAK JAYA,9402,Negeri dan Swasta,2,5,1,2,10,10
2023,PROV. PAPUA TENGAH,94,KAB. PUNCAK JAYA,9402,Swasta,0,0,0,0,0,0
2023,PROV. PAPUA TENGAH,94,KAB. PANIAI,9403,Swasta,8,31,8,0,47,47
2023,PROV. PAPUA TENGAH,94,KAB. PANIAI,9403,Negeri,8,14,4,4,30,30
2023,PROV. PAPUA TENGAH,94,KAB. PANIAI,9403,Negeri dan Swasta,16,45,12,4,77,77
2023,PROV. PAPUA TENGAH,94,KAB. MIMIKA,9404,Negeri,33,24,7,5,69,69
2023,PROV. PAPUA TENGAH,94,KAB. MIMIKA,9404,Swasta,72,19,4,12,107,107
2023,PROV. PAPUA TENGAH,94,KAB. MIMIKA,9404,Negeri dan Swasta,105,43,11,17,176,176
2023,PROV. PAPUA TENGAH,94,KAB. PUNCAK,9405,Swasta,0,0,1,2,3,3
2023,PROV. PAPUA TENGAH,94,KAB. PUNCAK,9405,Negeri dan Swasta,5,2,3,5,15,15
2023,PROV. PAPUA TENGAH,94,KAB. PUNCAK,9405,Negeri,5,2,2,3,12,12
2023,PROV. PAPUA TENGAH,94,KAB. DOGIYAI,9406,Negeri dan Swasta,15,11,13,7,46,46
2023,PROV. PAPUA TENGAH,94,KAB. DOGIYAI,9406,Swasta,6,5,5,6,22,22
2023,PROV. PAPUA TENGAH,94,KAB. DOGIYAI,9406,Negeri,9,6,8,1,24,24
2023,PROV. PAPUA TENGAH,94,KAB. INTAN JAYA,9407,Negeri,4,5,4,5,18,18
2023,PROV. PAPUA TENGAH,94,KAB. INTAN JAYA,9407,Swasta,2,1,1,4,8,8
2023,PROV. PAPUA TENGAH,94,KAB. INTAN JAYA,9407,Negeri dan Swasta,6,6,5,9,26,26
2023,PROV. PAPUA TENGAH,94,KAB. DEIYAI,9408,Negeri dan Swasta,28,8,6,12,54,54
2023,PROV. PAPUA TENGAH,94,KAB. DEIYAI,9408,Swasta,18,6,3,6,33,33
2023,PROV. PAPUA TENGAH,94,KAB. DEIYAI,9408,Negeri,10,2,3,6,21,21
2023,PROV. PAPUA PEGUNUNGAN,95,KAB. JAYAWIJAYA,9501,Swasta,27,20,8,10,65,65
2023,PROV. PAPUA PEGUNUNGAN,95,KAB. JAYAWIJAYA,9501,Negeri dan Swasta,62,32,19,14,127,127
2023,PROV. PAPUA PEGUNUNGAN,95,KAB. JAYAWIJAYA,9501,Negeri,35,12,11,4,62,62
2023,PROV. PAPUA PEGUNUNGAN,95,KAB. PEGUNUNGAN BINTANG,9502,Negeri,10,9,4,2,25,25
2023,PROV. PAPUA PEGUNUNGAN,95,KAB. PEGUNUNGAN BINTANG,9502,Negeri dan Swasta,12,12,5,2,31,31
2023,PROV. PAPUA PEGUNUNGAN,95,KAB. PEGUNUNGAN BINTANG,9502,Swasta,2,3,1,0,6,6
2023,PROV. PAPUA PEGUNUNGAN,95,KAB. YAHUKIMO,9503,Swasta,4,7,4,0,15,15
2023,PROV. PAPUA PEGUNUNGAN,95,KAB. YAHUKIMO,9503,Negeri dan Swasta,14,18,12,7,51,51
2023,PROV. PAPUA PEGUNUNGAN,95,KAB. YAHUKIMO,9503,Negeri,10,11,8,7,36,36
2023,PROV. PAPUA PEGUNUNGAN,95,KAB. TOLIKARA,9504,Swasta,4,5,1,0,10,10
2023,PROV. PAPUA PEGUNUNGAN,95,KAB. TOLIKARA,9504,Negeri dan Swasta,14,9,5,11,39,39
2023,PROV. PAPUA PEGUNUNGAN,95,KAB. TOLIKARA,9504,Negeri,10,4,4,11,29,29
2023,PROV. PAPUA PEGUNUNGAN,95,KAB. MAMBERAMO TENGAH,9505,Negeri dan Swasta,11,2,1,1,15,15
2023,PROV. PAPUA PEGUNUNGAN,95,KAB. MAMBERAMO TENGAH,9505,Swasta,4,0,0,0,4,4
2023,PROV. PAPUA PEGUNUNGAN,95,KAB. MAMBERAMO TENGAH,9505,Negeri,7,2,1,1,11,11
2023,PROV. PAPUA PEGUNUNGAN,95,KAB. YALIMO,9506,Swasta,2,6,5,1,14,14
2023,PROV. PAPUA PEGUNUNGAN,95,KAB. YALIMO,9506,Negeri,15,15,18,9,57,57
2023,PROV. PAPUA PEGUNUNGAN,95,KAB. YALIMO,9506,Negeri dan Swasta,17,21,23,10,71,71
2023,PROV. PAPUA PEGUNUNGAN,95,KAB. LANNY JAYA,9507,Negeri,7,2,6,20,35,35
2023,PROV. PAPUA PEGUNUNGAN,95,KAB. LANNY JAYA,9507,Swasta,1,0,0,4,5,5
2023,PROV. PAPUA PEGUNUNGAN,95,KAB. LANNY JAYA,9507,Negeri dan Swasta,8,2,6,24,40,40
2023,PROV. PAPUA PEGUNUNGAN,95,KAB. NDUGA,9508,Swasta,1,0,0,0,1,1
2023,PROV. PAPUA PEGUNUNGAN,95,KAB. NDUGA,9508,Negeri dan Swasta,5,3,3,6,17,17
2023,PROV. PAPUA PEGUNUNGAN,95,KAB. NDUGA,9508,Negeri,4,3,3,6,16,16
2023,PROV. PAPUA BARAT DAYA,96,KAB. SORONG,9601,Negeri,32,18,33,18,101,101
2023,PROV. PAPUA BARAT DAYA,96,KAB. SORONG,9601,Negeri dan Swasta,55,25,41,21,142,142
2023,PROV. PAPUA BARAT DAYA,96,KAB. SORONG,9601,Swasta,23,7,8,3,41,41
2023,PROV. PAPUA BARAT DAYA,96,KAB. SORONG SELATAN,9602,Swasta,16,15,9,12,52,52
2023,PROV. PAPUA BARAT DAYA,96,KAB. SORONG SELATAN,9602,Negeri dan Swasta,34,22,17,27,100,100
2023,PROV. PAPUA BARAT DAYA,96,KAB. SORONG SELATAN,9602,Negeri,18,7,8,15,48,48
2023,PROV. PAPUA BARAT DAYA,96,KAB. RAJA AMPAT,9603,Swasta,2,4,5,7,18,18
2023,PROV. PAPUA BARAT DAYA,96,KAB. RAJA AMPAT,9603,Negeri dan Swasta,25,19,18,25,87,87
2023,PROV. PAPUA BARAT DAYA,96,KAB. RAJA AMPAT,9603,Negeri,23,15,13,18,69,69
2023,PROV. PAPUA BARAT DAYA,96,KAB. TAMBRAUW,9604,Negeri dan Swasta,18,10,10,11,49,49
2023,PROV. PAPUA BARAT DAYA,96,KAB. TAMBRAUW,9604,Swasta,9,5,2,4,20,20
2023,PROV. PAPUA BARAT DAYA,96,KAB. TAMBRAUW,9604,Negeri,9,5,8,7,29,29
2023,PROV. PAPUA BARAT DAYA,96,KAB. MAYBRAT,9605,Negeri,11,6,7,1,25,25
2023,PROV. PAPUA BARAT DAYA,96,KAB. MAYBRAT,9605,Swasta,4,14,8,4,30,30
2023,PROV. PAPUA BARAT DAYA,96,KAB. MAYBRAT,9605,Negeri dan Swasta,15,20,15,5,55,55
2023,PROV. PAPUA BARAT DAYA,96,KOTA SORONG,9671,Negeri dan Swasta,71,34,17,20,142,142
2023,PROV. PAPUA BARAT DAYA,96,KOTA SORONG,9671,Negeri,22,12,10,12,56,56
2023,PROV. PAPUA BARAT DAYA,96,KOTA SORONG,9671,Swasta,49,22,7,8,86,86
2024,PROV. ACEH,11,KAB. ACEH SELATAN,1101,Negeri dan Swasta,83,90,101,32,306,306
2024,PROV. ACEH,11,KAB. ACEH SELATAN,1101,Swasta,7,5,5,0,17,17
2024,PROV. ACEH,11,KAB. ACEH SELATAN,1101,Negeri,76,85,96,32,289,289
2024,PROV. ACEH,11,KAB. ACEH TENGGARA,1102,Negeri dan Swasta,68,86,66,32,252,252
2024,PROV. ACEH,11,KAB. ACEH TENGGARA,1102,Swasta,18,22,8,5,53,53
2024,PROV. ACEH,11,KAB. ACEH TENGGARA,1102,Negeri,50,64,58,27,199,199
2024,PROV. ACEH,11,KAB. ACEH TIMUR,1103,Swasta,6,5,1,0,12,12
2024,PROV. ACEH,11,KAB. ACEH TIMUR,1103,Negeri,152,76,58,34,320,320
2024,PROV. ACEH,11,KAB. ACEH TIMUR,1103,Negeri dan Swasta,158,81,59,34,332,332
2024,PROV. ACEH,11,KAB. ACEH TENGAH,1104,Swasta,14,5,2,1,22,22
2024,PROV. ACEH,11,KAB. ACEH TENGAH,1104,Negeri dan Swasta,85,56,68,32,241,241
2024,PROV. ACEH,11,KAB. ACEH TENGAH,1104,Negeri,71,51,66,31,219,219
2024,PROV. ACEH,11,KAB. ACEH BARAT,1105,Swasta,15,2,5,7,29,29
2024,PROV. ACEH,11,KAB. ACEH BARAT,1105,Negeri,95,52,75,26,248,248
2024,PROV. ACEH,11,KAB. ACEH BARAT,1105,Negeri dan Swasta,110,54,80,33,277,277
2024,PROV. ACEH,11,KAB. ACEH BESAR,1106,Negeri,89,68,101,40,298,298
2024,PROV. ACEH,11,KAB. ACEH BESAR,1106,Swasta,62,13,6,8,89,89
2024,PROV. ACEH,11,KAB. ACEH BESAR,1106,Negeri dan Swasta,151,81,107,48,387,387
2024,PROV. ACEH,11,KAB. PIDIE,1107,Negeri dan Swasta,168,118,66,35,387,387
2024,PROV. ACEH,11,KAB. PIDIE,1107,Swasta,20,11,3,1,35,35
2024,PROV. ACEH,11,KAB. PIDIE,1107,Negeri,148,107,63,34,352,352
2024,PROV. ACEH,11,KAB. ACEH UTARA,1108,Negeri,175,131,67,62,435,435
2024,PROV. ACEH,11,KAB. ACEH UTARA,1108,Swasta,35,13,8,8,64,64
2024,PROV. ACEH,11,KAB. ACEH UTARA,1108,Negeri dan Swasta,210,144,75,70,499,499
2024,PROV. ACEH,11,KAB. SIMEULUE,1109,Swasta,2,3,0,0,5,5
2024,PROV. ACEH,11,KAB. SIMEULUE,1109,Negeri dan Swasta,34,44,65,99,242,242
2024,PROV. ACEH,11,KAB. SIMEULUE,1109,Negeri,32,41,65,99,237,237
2024,PROV. ACEH,11,KAB. ACEH SINGKIL,1110,Swasta,7,8,6,0,21,21
2024,PROV. ACEH,11,KAB. ACEH SINGKIL,1110,Negeri,50,65,51,16,182,182
2024,PROV. ACEH,11,KAB. ACEH SINGKIL,1110,Negeri dan Swasta,57,73,57,16,203,203
2024,PROV. ACEH,11,KAB. BIREUEN,1111,Negeri,116,87,61,76,340,340
2024,PROV. ACEH,11,KAB. BIREUEN,1111,Swasta,38,14,6,4,62,62
2024,PROV. ACEH,11,KAB. BIREUEN,1111,Negeri dan Swasta,154,101,67,80,402,402
2024,PROV. ACEH,11,KAB. ACEH BARAT DAYA,1112,Negeri,73,21,34,24,152,152
2024,PROV. ACEH,11,KAB. ACEH BARAT DAYA,1112,Negeri dan Swasta,79,24,34,25,162,162
2024,PROV. ACEH,11,KAB. ACEH BARAT DAYA,1112,Swasta,6,3,0,1,10,10
2024,PROV. ACEH,11,KAB. GAYO LUES,1113,Swasta,6,2,4,2,14,14
2024,PROV. ACEH,11,KAB. GAYO LUES,1113,Negeri,42,29,33,33,137,137
2024,PROV. ACEH,11,KAB. GAYO LUES,1113,Negeri dan Swasta,48,31,37,35,151,151
2024,PROV. ACEH,11,KAB. ACEH JAYA,1114,Negeri,53,31,47,20,151,151
2024,PROV. ACEH,11,KAB. ACEH JAYA,1114,Negeri dan Swasta,54,35,50,21,160,160
2024,PROV. ACEH,11,KAB. ACEH JAYA,1114,Swasta,1,4,3,1,9,9
2024,PROV. ACEH,11,KAB. NAGAN RAYA,1115,Swasta,4,0,0,1,5,5
2024,PROV. ACEH,11,KAB. NAGAN RAYA,1115,Negeri,74,60,31,30,195,195
2024,PROV. ACEH,11,KAB. NAGAN RAYA,1115,Negeri dan Swasta,78,60,31,31,200,200
2024,PROV. ACEH,11,KAB. ACEH TAMIANG,1116,Negeri dan Swasta,114,78,72,14,278,278
2024,PROV. ACEH,11,KAB. ACEH TAMIANG,1116,Swasta,18,7,4,1,30,30
2024,PROV. ACEH,11,KAB. ACEH TAMIANG,1116,Negeri,96,71,68,13,248,248
2024,PROV. ACEH,11,KAB. BENER MERIAH,1117,Negeri,52,56,53,23,184,184
2024,PROV. ACEH,11,KAB. BENER MERIAH,1117,Negeri dan Swasta,65,58,53,24,200,200
2024,PROV. ACEH,11,KAB. BENER MERIAH,1117,Swasta,13,2,0,1,16,16
2024,PROV. ACEH,11,KAB. PIDIE JAYA,1118,Swasta,9,7,1,2,19,19
2024,PROV. ACEH,11,KAB. PIDIE JAYA,1118,Negeri dan Swasta,75,27,28,25,155,155
2024,PROV. ACEH,11,KAB. PIDIE JAYA,1118,Negeri,66,20,27,23,136,136
2024,PROV. ACEH,11,KOTA BANDA ACEH,1171,Negeri,59,27,31,16,133,133
2024,PROV. ACEH,11,KOTA BANDA ACEH,1171,Negeri dan Swasta,131,42,33,18,224,224
2024,PROV. ACEH,11,KOTA BANDA ACEH,1171,Swasta,72,15,2,2,91,91
2024,PROV. ACEH,11,KOTA SABANG,1172,Negeri,31,0,6,0,37,37
2024,PROV. ACEH,11,KOTA SABANG,1172,Negeri dan Swasta,33,1,6,0,40,40
2024,PROV. ACEH,11,KOTA SABANG,1172,Swasta,2,1,0,0,3,3
2024,PROV. ACEH,11,KOTA LHOKSEUMAWE,1173,Swasta,28,7,1,2,38,38
2024,PROV. ACEH,11,KOTA LHOKSEUMAWE,1173,Negeri,42,17,27,11,97,97
2024,PROV. ACEH,11,KOTA LHOKSEUMAWE,1173,Negeri dan Swasta,70,24,28,13,135,135
2024,PROV. ACEH,11,KOTA LANGSA,1174,Swasta,15,5,3,3,26,26
2024,PROV. ACEH,11,KOTA LANGSA,1174,Negeri,48,24,9,9,90,90
2024,PROV. ACEH,11,KOTA LANGSA,1174,Negeri dan Swasta,63,29,12,12,116,116
2024,PROV. ACEH,11,KOTA SUBULUSSALAM,1175,Negeri,30,11,56,11,108,108
2024,PROV. ACEH,11,KOTA SUBULUSSALAM,1175,Negeri dan Swasta,43,21,58,11,133,133
2024,PROV. ACEH,11,KOTA SUBULUSSALAM,1175,Swasta,13,10,2,0,25,25
2024,PROV. SUMATERA UTARA,12,KAB. TAPANULI TENGAH,1201,Negeri dan Swasta,139,99,76,32,346,346
2024,PROV. SUMATERA UTARA,12,KAB. TAPANULI TENGAH,1201,Swasta,22,12,7,7,48,48
2024,PROV. SUMATERA UTARA,12,KAB. TAPANULI TENGAH,1201,Negeri,117,87,69,25,298,298
2024,PROV. SUMATERA UTARA,12,KAB. TAPANULI UTARA,1202,Negeri dan Swasta,165,78,35,46,324,324
2024,PROV. SUMATERA UTARA,12,KAB. TAPANULI UTARA,1202,Negeri,146,69,33,41,289,289
2024,PROV. SUMATERA UTARA,12,KAB. TAPANULI UTARA,1202,Swasta,19,9,2,5,35,35
2024,PROV. SUMATERA UTARA,12,KAB. TAPANULI SELATAN,1203,Negeri dan Swasta,109,75,31,23,238,238
2024,PROV. SUMATERA UTARA,12,KAB. TAPANULI SELATAN,1203,Swasta,13,2,0,3,18,18
2024,PROV. SUMATERA UTARA,12,KAB. TAPANULI SELATAN,1203,Negeri,96,73,31,20,220,220
2024,PROV. SUMATERA UTARA,12,KAB. NIAS,1204,Negeri dan Swasta,41,69,72,103,285,285
2024,PROV. SUMATERA UTARA,12,KAB. NIAS,1204,Negeri,34,68,69,102,273,273
2024,PROV. SUMATERA UTARA,12,KAB. NIAS,1204,Swasta,7,1,3,1,12,12
2024,PROV. SUMATERA UTARA,12,KAB. LANGKAT,1205,Swasta,133,60,36,21,250,250
2024,PROV. SUMATERA UTARA,12,KAB. LANGKAT,1205,Negeri,132,131,87,75,425,425
2024,PROV. SUMATERA UTARA,12,KAB. LANGKAT,1205,Negeri dan Swasta,265,191,123,96,675,675
2024,PROV. SUMATERA UTARA,12,KAB. KARO,1206,Negeri,94,84,67,52,297,297
2024,PROV. SUMATERA UTARA,12,KAB. KARO,1206,Swasta,61,13,12,6,92,92
2024,PROV. SUMATERA UTARA,12,KAB. KARO,1206,Negeri dan Swasta,155,97,79,58,389,389
2024,PROV. SUMATERA UTARA,12,KAB. DELI SERDANG,1207,Swasta,503,123,48,39,713,713
2024,PROV. SUMATERA UTARA,12,KAB. DELI SERDANG,1207,Negeri,296,149,102,81,628,628
2024,PROV. SUMATERA UTARA,12,KAB. DELI SERDANG,1207,Negeri dan Swasta,799,272,150,120,1341,1341
2024,PROV. SUMATERA UTARA,12,KAB. SIMALUNGUN,1208,Swasta,98,48,31,14,191,191
2024,PROV. SUMATERA UTARA,12,KAB. SIMALUNGUN,1208,Negeri,155,150,93,92,490,490
2024,PROV. SUMATERA UTARA,12,KAB. SIMALUNGUN,1208,Negeri dan Swasta,253,198,124,106,681,681
2024,PROV. SUMATERA UTARA,12,KAB. ASAHAN,1209,Swasta,82,23,13,11,129,129
2024,PROV. SUMATERA UTARA,12,KAB. ASAHAN,1209,Negeri,138,75,66,65,344,344
2024,PROV. SUMATERA UTARA,12,KAB. ASAHAN,1209,Negeri dan Swasta,220,98,79,76,473,473
2024,PROV. SUMATERA UTARA,12,KAB. LABUHANBATU,1210,Negeri,112,67,32,41,252,252
2024,PROV. SUMATERA UTARA,12,KAB. LABUHANBATU,1210,Swasta,56,18,8,5,87,87
2024,PROV. SUMATERA UTARA,12,KAB. LABUHANBATU,1210,Negeri dan Swasta,168,85,40,46,339,339
2024,PROV. SUMATERA UTARA,12,KAB. DAIRI,1211,Negeri dan Swasta,162,116,41,29,348,348
2024,PROV. SUMATERA UTARA,12,KAB. DAIRI,1211,Negeri,128,102,38,26,294,294
2024,PROV. SUMATERA UTARA,12,KAB. DAIRI,1211,Swasta,34,14,3,3,54,54
2024,PROV. SUMATERA UTARA,12,KAB. TOBA,1212,Swasta,24,8,0,2,34,34
2024,PROV. SUMATERA UTARA,12,KAB. TOBA,1212,Negeri dan Swasta,82,87,109,12,290,290
2024,PROV. SUMATERA UTARA,12,KAB. TOBA,1212,Negeri,58,79,109,10,256,256
2024,PROV. SUMATERA UTARA,12,KAB. MANDAILING NATAL,1213,Swasta,18,9,3,1,31,31
2024,PROV. SUMATERA UTARA,12,KAB. MANDAILING NATAL,1213,Negeri,137,115,62,48,362,362
2024,PROV. SUMATERA UTARA,12,KAB. MANDAILING NATAL,1213,Negeri dan Swasta,155,124,65,49,393,393
2024,PROV. SUMATERA UTARA,12,KAB. NIAS SELATAN,1214,Negeri dan Swasta,89,97,119,71,376,376
2024,PROV. SUMATERA UTARA,12,KAB. NIAS SELATAN,1214,Swasta,15,10,7,6,38,38
2024,PROV. SUMATERA UTARA,12,KAB. NIAS SELATAN,1214,Negeri,74,87,112,65,338,338
2024,PROV. SUMATERA UTARA,12,KAB. PAKPAK BHARAT,1215,Negeri dan Swasta,34,25,31,8,98,98
2024,PROV. SUMATERA UTARA,12,KAB. PAKPAK BHARAT,1215,Swasta,0,0,0,0,0,0
2024,PROV. SUMATERA UTARA,12,KAB. PAKPAK BHARAT,1215,Negeri,34,25,31,8,98,98
2024,PROV. SUMATERA UTARA,12,KAB. HUMBANG HASUNDUTAN,1216,Swasta,11,7,2,0,20,20
2024,PROV. SUMATERA UTARA,12,KAB. HUMBANG HASUNDUTAN,1216,Negeri,98,103,40,21,262,262
2024,PROV. SUMATERA UTARA,12,KAB. HUMBANG HASUNDUTAN,1216,Negeri dan Swasta,109,110,42,21,282,282
2024,PROV. SUMATERA UTARA,12,KAB. SAMOSIR,1217,Negeri dan Swasta,93,66,58,31,248,248
2024,PROV. SUMATERA UTARA,12,KAB. SAMOSIR,1217,Negeri,79,57,57,30,223,223
2024,PROV. SUMATERA UTARA,12,KAB. SAMOSIR,1217,Swasta,14,9,1,1,25,25
2024,PROV. SUMATERA UTARA,12,KAB. SERDANG BEDAGAI,1218,Negeri,165,130,115,26,436,436
2024,PROV. SUMATERA UTARA,12,KAB. SERDANG BEDAGAI,1218,Swasta,77,33,16,5,131,131
2024,PROV. SUMATERA UTARA,12,KAB. SERDANG BEDAGAI,1218,Negeri dan Swasta,242,163,131,31,567,567
2024,PROV. SUMATERA UTARA,12,KAB. BATU BARA,1219,Negeri,84,64,70,70,288,288
2024,PROV. SUMATERA UTARA,12,KAB. BATU BARA,1219,Negeri dan Swasta,120,81,79,75,355,355
2024,PROV. SUMATERA UTARA,12,KAB. BATU BARA,1219,Swasta,36,17,9,5,67,67
2024,PROV. SUMATERA UTARA,12,KAB. PADANG LAWAS UTARA,1220,Swasta,13,4,1,1,19,19
2024,PROV. SUMATERA UTARA,12,KAB. PADANG LAWAS UTARA,1220,Negeri,56,116,50,26,248,248
2024,PROV. SUMATERA UTARA,12,KAB. PADANG LAWAS UTARA,1220,Negeri dan Swasta,69,120,51,27,267,267
2024,PROV. SUMATERA UTARA,12,KAB. PADANG LAWAS,1221,Negeri dan Swasta,93,37,29,29,188,188
2024,PROV. SUMATERA UTARA,12,KAB. PADANG LAWAS,1221,Swasta,13,10,3,1,27,27
2024,PROV. SUMATERA UTARA,12,KAB. PADANG LAWAS,1221,Negeri,80,27,26,28,161,161
2024,PROV. SUMATERA UTARA,12,KAB. LABUHANBATU SELATAN,1222,Swasta,45,6,3,3,57,57
2024,PROV. SUMATERA UTARA,12,KAB. LABUHANBATU SELATAN,1222,Negeri,79,65,38,16,198,198
2024,PROV. SUMATERA UTARA,12,KAB. LABUHANBATU SELATAN,1222,Negeri dan Swasta,124,71,41,19,255,255
2024,PROV. SUMATERA UTARA,12,KAB. LABUHANBATU UTARA,1223,Swasta,33,11,11,5,60,60
2024,PROV. SUMATERA UTARA,12,KAB. LABUHANBATU UTARA,1223,Negeri,106,68,41,20,235,235
2024,PROV. SUMATERA UTARA,12,KAB. LABUHANBATU UTARA,1223,Negeri dan Swasta,139,79,52,25,295,295
2024,PROV. SUMATERA UTARA,12,KAB. NIAS UTARA,1224,Negeri dan Swasta,52,75,85,62,274,274
2024,PROV. SUMATERA UTARA,12,KAB. NIAS UTARA,1224,Swasta,4,5,3,3,15,15
2024,PROV. SUMATERA UTARA,12,KAB. NIAS UTARA,1224,Negeri,48,70,82,59,259,259
2024,PROV. SUMATERA UTARA,12,KAB. NIAS BARAT,1225,Negeri,47,42,36,59,184,184
2024,PROV. SUMATERA UTARA,12,KAB. NIAS BARAT,1225,Swasta,2,0,1,1,4,4
2024,PROV. SUMATERA UTARA,12,KAB. NIAS BARAT,1225,Negeri dan Swasta,49,42,37,60,188,188
2024,PROV. SUMATERA UTARA,12,KOTA MEDAN,1271,Negeri,242,60,61,40,403,403
2024,PROV. SUMATERA UTARA,12,KOTA MEDAN,1271,Negeri dan Swasta,1210,256,109,72,1647,1647
2024,PROV. SUMATERA UTARA,12,KOTA MEDAN,1271,Swasta,968,196,48,32,1244,1244
2024,PROV. SUMATERA UTARA,12,KOTA PEMATANGSIANTAR,1272,Negeri,47,21,19,11,98,98
2024,PROV. SUMATERA UTARA,12,KOTA PEMATANGSIANTAR,1272,Negeri dan Swasta,136,42,22,19,219,219
2024,PROV. SUMATERA UTARA,12,KOTA PEMATANGSIANTAR,1272,Swasta,89,21,3,8,121,121
2024,PROV. SUMATERA UTARA,12,KOTA SIBOLGA,1273,Swasta,21,4,2,2,29,29
2024,PROV. SUMATERA UTARA,12,KOTA SIBOLGA,1273,Negeri dan Swasta,52,14,7,5,78,78
2024,PROV. SUMATERA UTARA,12,KOTA SIBOLGA,1273,Negeri,31,10,5,3,49,49
2024,PROV. SUMATERA UTARA,12,KOTA TANJUNG BALAI,1274,Negeri,29,30,27,12,98,98
2024,PROV. SUMATERA UTARA,12,KOTA TANJUNG BALAI,1274,Swasta,18,7,3,1,29,29
2024,PROV. SUMATERA UTARA,12,KOTA TANJUNG BALAI,1274,Negeri dan Swasta,47,37,30,13,127,127
2024,PROV. SUMATERA UTARA,12,KOTA BINJAI,1275,Negeri dan Swasta,151,49,48,21,269,269
2024,PROV. SUMATERA UTARA,12,KOTA BINJAI,1275,Negeri,66,27,33,14,140,140
2024,PROV. SUMATERA UTARA,12,KOTA BINJAI,1275,Swasta,85,22,15,7,129,129
2024,PROV. SUMATERA UTARA,12,KOTA TEBING TINGGI,1276,Negeri,64,12,13,5,94,94
2024,PROV. SUMATERA UTARA,12,KOTA TEBING TINGGI,1276,Negeri dan Swasta,101,18,17,8,144,144
2024,PROV. SUMATERA UTARA,12,KOTA TEBING TINGGI,1276,Swasta,37,6,4,3,50,50
2024,PROV. SUMATERA UTARA,12,KOTA PADANG SIDEMPUAN,1277,Swasta,42,9,3,2,56,56
2024,PROV. SUMATERA UTARA,12,KOTA PADANG SIDEMPUAN,1277,Negeri,51,11,16,23,101,101
2024,PROV. SUMATERA UTARA,12,KOTA PADANG SIDEMPUAN,1277,Negeri dan Swasta,93,20,19,25,157,157
2024,PROV. SUMATERA UTARA,12,KOTA GUNUNGSITOLI,1278,Negeri dan Swasta,74,74,30,7,185,185
2024,PROV. SUMATERA UTARA,12,KOTA GUNUNGSITOLI,1278,Swasta,14,9,3,0,26,26
2024,PROV. SUMATERA UTARA,12,KOTA GUNUNGSITOLI,1278,Negeri,60,65,27,7,159,159
2024,PROV. SUMATERA BARAT,13,KAB. PESISIR SELATAN,1301,Swasta,16,8,4,1,29,29
2024,PROV. SUMATERA BARAT,13,KAB. PESISIR SELATAN,1301,Negeri,198,111,92,49,450,450
2024,PROV. SUMATERA BARAT,13,KAB. PESISIR SELATAN,1301,Negeri dan Swasta,214,119,96,50,479,479
2024,PROV. SUMATERA BARAT,13,KAB. SOLOK,1302,Negeri dan Swasta,142,113,82,28,365,365
2024,PROV. SUMATERA BARAT,13,KAB. SOLOK,1302,Negeri,120,108,81,27,336,336
2024,PROV. SUMATERA BARAT,13,KAB. SOLOK,1302,Swasta,22,5,1,1,29,29
2024,PROV. SUMATERA BARAT,13,KAB. SIJUNJUNG,1303,Negeri dan Swasta,120,69,52,42,283,283
2024,PROV. SUMATERA BARAT,13,KAB. SIJUNJUNG,1303,Swasta,13,5,1,2,21,21
2024,PROV. SUMATERA BARAT,13,KAB. SIJUNJUNG,1303,Negeri,107,64,51,40,262,262
2024,PROV. SUMATERA BARAT,13,KAB. TANAH DATAR,1304,Negeri,124,91,50,54,319,319
2024,PROV. SUMATERA BARAT,13,KAB. TANAH DATAR,1304,Negeri dan Swasta,151,94,54,55,354,354
2024,PROV. SUMATERA BARAT,13,KAB. TANAH DATAR,1304,Swasta,27,3,4,1,35,35
2024,PROV. SUMATERA BARAT,13,KAB. PADANG PARIAMAN,1305,Negeri,145,116,100,66,427,427
2024,PROV. SUMATERA BARAT,13,KAB. PADANG PARIAMAN,1305,Swasta,22,7,5,3,37,37
2024,PROV. SUMATERA BARAT,13,KAB. PADANG PARIAMAN,1305,Negeri dan Swasta,167,123,105,69,464,464
2024,PROV. SUMATERA BARAT,13,KAB. AGAM,1306,Swasta,35,14,4,3,56,56
2024,PROV. SUMATERA BARAT,13,KAB. AGAM,1306,Negeri,177,109,56,15,357,357
2024,PROV. SUMATERA BARAT,13,KAB. AGAM,1306,Negeri dan Swasta,212,123,60,18,413,413
2024,PROV. SUMATERA BARAT,13,KAB. LIMA PULUH KOTA,1307,Swasta,19,6,1,3,29,29
2024,PROV. SUMATERA BARAT,13,KAB. LIMA PULUH KOTA,1307,Negeri,146,113,95,19,373,373
2024,PROV. SUMATERA BARAT,13,KAB. LIMA PULUH KOTA,1307,Negeri dan Swasta,165,119,96,22,402,402
2024,PROV. SUMATERA BARAT,13,KAB. PASAMAN,1308,Negeri,109,66,39,32,246,246
2024,PROV. SUMATERA BARAT,13,KAB. PASAMAN,1308,Swasta,10,3,0,0,13,13
2024,PROV. SUMATERA BARAT,13,KAB. PASAMAN,1308,Negeri dan Swasta,119,69,39,32,259,259
2024,PROV. SUMATERA BARAT,13,KAB. KEPULAUAN MENTAWAI,1309,Negeri,57,38,30,22,147,147
2024,PROV. SUMATERA BARAT,13,KAB. KEPULAUAN MENTAWAI,1309,Negeri dan Swasta,71,44,31,25,171,171
2024,PROV. SUMATERA BARAT,13,KAB. KEPULAUAN MENTAWAI,1309,Swasta,14,6,1,3,24,24
2024,PROV. SUMATERA BARAT,13,KAB. DHARMASRAYA,1310,Negeri dan Swasta,82,64,89,14,249,249
2024,PROV. SUMATERA BARAT,13,KAB. DHARMASRAYA,1310,Negeri,69,60,87,9,225,225
2024,PROV. SUMATERA BARAT,13,KAB. DHARMASRAYA,1310,Swasta,13,4,2,5,24,24
2024,PROV. SUMATERA BARAT,13,KAB. SOLOK SELATAN,1311,Negeri dan Swasta,66,52,48,19,185,185
2024,PROV. SUMATERA BARAT,13,KAB. SOLOK SELATAN,1311,Swasta,12,1,1,2,16,16
2024,PROV. SUMATERA BARAT,13,KAB. SOLOK SELATAN,1311,Negeri,54,51,47,17,169,169
2024,PROV. SUMATERA BARAT,13,KAB. PASAMAN BARAT,1312,Swasta,30,15,9,4,58,58
2024,PROV. SUMATERA BARAT,13,KAB. PASAMAN BARAT,1312,Negeri dan Swasta,139,133,77,29,378,378
2024,PROV. SUMATERA BARAT,13,KAB. PASAMAN BARAT,1312,Negeri,109,118,68,25,320,320
2024,PROV. SUMATERA BARAT,13,KOTA PADANG,1371,Negeri,182,81,44,34,341,341
2024,PROV. SUMATERA BARAT,13,KOTA PADANG,1371,Swasta,205,35,13,5,258,258
2024,PROV. SUMATERA BARAT,13,KOTA PADANG,1371,Negeri dan Swasta,387,116,57,39,599,599
2024,PROV. SUMATERA BARAT,13,KOTA SOLOK,1372,Swasta,13,4,0,1,18,18
2024,PROV. SUMATERA BARAT,13,KOTA SOLOK,1372,Negeri dan Swasta,39,19,13,2,73,73
2024,PROV. SUMATERA BARAT,13,KOTA SOLOK,1372,Negeri,26,15,13,1,55,55
2024,PROV. SUMATERA BARAT,13,KOTA SAWAHLUNTO,1373,Negeri,30,19,17,7,73,73
2024,PROV. SUMATERA BARAT,13,KOTA SAWAHLUNTO,1373,Swasta,5,1,2,1,9,9
2024,PROV. SUMATERA BARAT,13,KOTA SAWAHLUNTO,1373,Negeri dan Swasta,35,20,19,8,82,82
2024,PROV. SUMATERA BARAT,13,KOTA PADANG PANJANG,1374,Negeri dan Swasta,23,12,19,13,67,67
2024,PROV. SUMATERA BARAT,13,KOTA PADANG PANJANG,1374,Negeri,15,9,11,12,47,47
2024,PROV. SUMATERA BARAT,13,KOTA PADANG PANJANG,1374,Swasta,8,3,8,1,20,20
2024,PROV. SUMATERA BARAT,13,KOTA BUKITTINGGI,1375,Negeri,27,30,3,7,67,67
2024,PROV. SUMATERA BARAT,13,KOTA BUKITTINGGI,1375,Negeri dan Swasta,69,43,5,8,125,125
2024,PROV. SUMATERA BARAT,13,KOTA BUKITTINGGI,1375,Swasta,42,13,2,1,58,58
2024,PROV. SUMATERA BARAT,13,KOTA PAYAKUMBUH,1376,Negeri dan Swasta,75,25,27,11,138,138
2024,PROV. SUMATERA BARAT,13,KOTA PAYAKUMBUH,1376,Negeri,42,19,22,8,91,91
2024,PROV. SUMATERA BARAT,13,KOTA PAYAKUMBUH,1376,Swasta,33,6,5,3,47,47
2024,PROV. SUMATERA BARAT,13,KOTA PARIAMAN,1377,Negeri,45,26,11,14,96,96
2024,PROV. SUMATERA BARAT,13,KOTA PARIAMAN,1377,Swasta,11,7,3,2,23,23
2024,PROV. SUMATERA BARAT,13,KOTA PARIAMAN,1377,Negeri dan Swasta,56,33,14,16,119,119
2024,PROV. RIAU,14,KAB. KAMPAR,1401,Negeri dan Swasta,314,149,99,33,595,595
2024,PROV. RIAU,14,KAB. KAMPAR,1401,Negeri,236,130,92,31,489,489
2024,PROV. RIAU,14,KAB. KAMPAR,1401,Swasta,78,19,7,2,106,106
2024,PROV. RIAU,14,KAB. INDRAGIRI HULU,1402,Negeri,144,63,35,33,275,275
2024,PROV. RIAU,14,KAB. INDRAGIRI HULU,1402,Negeri dan Swasta,174,73,39,34,320,320
2024,PROV. RIAU,14,KAB. INDRAGIRI HULU,1402,Swasta,30,10,4,1,45,45
2024,PROV. RIAU,14,KAB. BENGKALIS,1403,Swasta,73,19,6,9,107,107
2024,PROV. RIAU,14,KAB. BENGKALIS,1403,Negeri,184,112,75,61,432,432
2024,PROV. RIAU,14,KAB. BENGKALIS,1403,Negeri dan Swasta,257,131,81,70,539,539
2024,PROV. RIAU,14,KAB. INDRAGIRI HILIR,1404,Negeri dan Swasta,189,134,121,74,518,518
2024,PROV. RIAU,14,KAB. INDRAGIRI HILIR,1404,Swasta,50,12,9,9,80,80
2024,PROV. RIAU,14,KAB. INDRAGIRI HILIR,1404,Negeri,139,122,112,65,438,438
2024,PROV. RIAU,14,KAB. PELALAWAN,1405,Swasta,56,8,1,2,67,67
2024,PROV. RIAU,14,KAB. PELALAWAN,1405,Negeri,165,56,43,13,277,277
2024,PROV. RIAU,14,KAB. PELALAWAN,1405,Negeri dan Swasta,221,64,44,15,344,344
2024,PROV. RIAU,14,KAB. ROKAN HULU,1406,Negeri dan Swasta,170,95,67,46,378,378
2024,PROV. RIAU,14,KAB. ROKAN HULU,1406,Swasta,45,16,4,6,71,71
2024,PROV. RIAU,14,KAB. ROKAN HULU,1406,Negeri,125,79,63,40,307,307
2024,PROV. RIAU,14,KAB. ROKAN HILIR,1407,Negeri dan Swasta,182,86,51,45,364,364
2024,PROV. RIAU,14,KAB. ROKAN HILIR,1407,Negeri,125,55,33,29,242,242
2024,PROV. RIAU,14,KAB. ROKAN HILIR,1407,Swasta,57,31,18,16,122,122
2024,PROV. RIAU,14,KAB. SIAK,1408,Negeri dan Swasta,217,72,53,23,365,365
2024,PROV. RIAU,14,KAB. SIAK,1408,Swasta,45,14,7,3,69,69
2024,PROV. RIAU,14,KAB. SIAK,1408,Negeri,172,58,46,20,296,296
2024,PROV. RIAU,14,KAB. KUANTAN SINGINGI,1409,Negeri dan Swasta,175,109,38,31,353,353
2024,PROV. RIAU,14,KAB. KUANTAN SINGINGI,1409,Negeri,155,106,38,31,330,330
2024,PROV. RIAU,14,KAB. KUANTAN SINGINGI,1409,Swasta,20,3,0,0,23,23
2024,PROV. RIAU,14,KAB. KEPULAUAN MERANTI,1410,Negeri,75,48,57,10,190,190
2024,PROV. RIAU,14,KAB. KEPULAUAN MERANTI,1410,Negeri dan Swasta,100,52,60,12,224,224
2024,PROV. RIAU,14,KAB. KEPULAUAN MERANTI,1410,Swasta,25,4,3,2,34,34
2024,PROV. RIAU,14,KOTA PEKANBARU,1471,Negeri dan Swasta,478,117,50,27,672,672
2024,PROV. RIAU,14,KOTA PEKANBARU,1471,Negeri,142,65,37,20,264,264
2024,PROV. RIAU,14,KOTA PEKANBARU,1471,Swasta,336,52,13,7,408,408
2024,PROV. RIAU,14,KOTA DUMAI,1472,Negeri dan Swasta,133,42,24,25,224,224
2024,PROV. RIAU,14,KOTA DUMAI,1472,Negeri,86,30,18,20,154,154
2024,PROV. RIAU,14,KOTA DUMAI,1472,Swasta,47,12,6,5,70,70
2024,PROV. JAMBI,15,KAB. KERINCI,1501,Negeri dan Swasta,83,110,91,32,316,316
2024,PROV. JAMBI,15,KAB. KERINCI,1501,Swasta,6,2,3,2,13,13
2024,PROV. JAMBI,15,KAB. KERINCI,1501,Negeri,77,108,88,30,303,303
2024,PROV. JAMBI,15,KAB. MERANGIN,1502,Swasta,9,4,4,1,18,18
2024,PROV. JAMBI,15,KAB. MERANGIN,1502,Negeri,99,126,69,47,341,341
2024,PROV. JAMBI,15,KAB. MERANGIN,1502,Negeri dan Swasta,108,130,73,48,359,359
2024,PROV. JAMBI,15,KAB. SAROLANGUN,1503,Swasta,16,14,16,3,49,49
2024,PROV. JAMBI,15,KAB. SAROLANGUN,1503,Negeri dan Swasta,121,83,111,17,332,332
2024,PROV. JAMBI,15,KAB. SAROLANGUN,1503,Negeri,105,69,95,14,283,283
2024,PROV. JAMBI,15,KAB. BATANGHARI,1504,Negeri,114,91,39,15,259,259
2024,PROV. JAMBI,15,KAB. BATANGHARI,1504,Negeri dan Swasta,136,95,41,17,289,289
2024,PROV. JAMBI,15,KAB. BATANGHARI,1504,Swasta,22,4,2,2,30,30
2024,PROV. JAMBI,15,KAB. MUARO JAMBI,1505,Negeri dan Swasta,162,80,68,106,416,416
2024,PROV. JAMBI,15,KAB. MUARO JAMBI,1505,Swasta,18,14,5,5,42,42
2024,PROV. JAMBI,15,KAB. MUARO JAMBI,1505,Negeri,144,66,63,101,374,374
2024,PROV. JAMBI,15,KAB. TANJUNG JABUNG BARAT,1506,Negeri,99,55,34,24,212,212
2024,PROV. JAMBI,15,KAB. TANJUNG JABUNG BARAT,1506,Negeri dan Swasta,124,60,36,26,246,246
2024,PROV. JAMBI,15,KAB. TANJUNG JABUNG BARAT,1506,Swasta,25,5,2,2,34,34
2024,PROV. JAMBI,15,KAB. TANJUNG JABUNG TIMUR,1507,Negeri dan Swasta,118,37,74,15,244,244
2024,PROV. JAMBI,15,KAB. TANJUNG JABUNG TIMUR,1507,Negeri,115,34,74,15,238,238
2024,PROV. JAMBI,15,KAB. TANJUNG JABUNG TIMUR,1507,Swasta,3,3,0,0,6,6
2024,PROV. JAMBI,15,KAB. BUNGO,1508,Swasta,14,5,2,1,22,22
2024,PROV. JAMBI,15,KAB. BUNGO,1508,Negeri dan Swasta,149,111,65,19,344,344
2024,PROV. JAMBI,15,KAB. BUNGO,1508,Negeri,135,106,63,18,322,322
2024,PROV. JAMBI,15,KAB. TEBO,1509,Negeri,137,71,67,47,322,322
2024,PROV. JAMBI,15,KAB. TEBO,1509,Negeri dan Swasta,152,80,73,49,354,354
2024,PROV. JAMBI,15,KAB. TEBO,1509,Swasta,15,9,6,2,32,32
2024,PROV. JAMBI,15,KOTA JAMBI,1571,Swasta,139,35,13,1,188,188
2024,PROV. JAMBI,15,KOTA JAMBI,1571,Negeri,82,53,46,36,217,217
2024,PROV. JAMBI,15,KOTA JAMBI,1571,Negeri dan Swasta,221,88,59,37,405,405
2024,PROV. JAMBI,15,KOTA SUNGAI PENUH,1572,Negeri dan Swasta,25,12,23,48,108,108
2024,PROV. JAMBI,15,KOTA SUNGAI PENUH,1572,Swasta,4,1,0,0,5,5
2024,PROV. JAMBI,15,KOTA SUNGAI PENUH,1572,Negeri,21,11,23,48,103,103
2024,PROV. SUMATERA SELATAN,16,KAB. OGAN KOMERING ULU,1601,Negeri,121,72,50,23,266,266
2024,PROV. SUMATERA SELATAN,16,KAB. OGAN KOMERING ULU,1601,Swasta,34,14,4,3,55,55
2024,PROV. SUMATERA SELATAN,16,KAB. OGAN KOMERING ULU,1601,Negeri dan Swasta,155,86,54,26,321,321
2024,PROV. SUMATERA SELATAN,16,KAB. OGAN KOMERING ILIR,1602,Negeri dan Swasta,226,208,126,51,611,611
2024,PROV. SUMATERA SELATAN,16,KAB. OGAN KOMERING ILIR,1602,Swasta,29,23,10,2,64,64
2024,PROV. SUMATERA SELATAN,16,KAB. OGAN KOMERING ILIR,1602,Negeri,197,185,116,49,547,547
2024,PROV. SUMATERA SELATAN,16,KAB. MUARA ENIM,1603,Swasta,43,10,5,1,59,59
2024,PROV. SUMATERA SELATAN,16,KAB. MUARA ENIM,1603,Negeri dan Swasta,270,126,82,38,516,516
2024,PROV. SUMATERA SELATAN,16,KAB. MUARA ENIM,1603,Negeri,227,116,77,37,457,457
2024,PROV. SUMATERA SELATAN,16,KAB. LAHAT,1604,Negeri dan Swasta,147,130,114,28,419,419
2024,PROV. SUMATERA SELATAN,16,KAB. LAHAT,1604,Swasta,22,12,11,5,50,50
2024,PROV. SUMATERA SELATAN,16,KAB. LAHAT,1604,Negeri,125,118,103,23,369,369
2024,PROV. SUMATERA SELATAN,16,KAB. MUSI RAWAS,1605,Negeri,130,102,109,36,377,377
2024,PROV. SUMATERA SELATAN,16,KAB. MUSI RAWAS,1605,Negeri dan Swasta,157,108,114,37,416,416
2024,PROV. SUMATERA SELATAN,16,KAB. MUSI RAWAS,1605,Swasta,27,6,5,1,39,39
2024,PROV. SUMATERA SELATAN,16,KAB. MUSI BANYUASIN,1606,Swasta,49,39,13,11,112,112
2024,PROV. SUMATERA SELATAN,16,KAB. MUSI BANYUASIN,1606,Negeri dan Swasta,421,151,101,45,718,718
2024,PROV. SUMATERA SELATAN,16,KAB. MUSI BANYUASIN,1606,Negeri,372,112,88,34,606,606
2024,PROV. SUMATERA SELATAN,16,KAB. BANYUASIN,1607,Swasta,51,29,12,7,99,99
2024,PROV. SUMATERA SELATAN,16,KAB. BANYUASIN,1607,Negeri,153,191,96,41,481,481
2024,PROV. SUMATERA SELATAN,16,KAB. BANYUASIN,1607,Negeri dan Swasta,204,220,108,48,580,580
2024,PROV. SUMATERA SELATAN,16,KAB. OGAN KOMERING ULU TIMUR,1608,Negeri dan Swasta,201,147,112,15,475,475
2024,PROV. SUMATERA SELATAN,16,KAB. OGAN KOMERING ULU TIMUR,1608,Swasta,44,27,13,8,92,92
2024,PROV. SUMATERA SELATAN,16,KAB. OGAN KOMERING ULU TIMUR,1608,Negeri,157,120,99,7,383,383
2024,PROV. SUMATERA SELATAN,16,KAB. OGAN KOMERING ULU SELATAN,1609,Negeri,105,80,48,29,262,262
2024,PROV. SUMATERA SELATAN,16,KAB. OGAN KOMERING ULU SELATAN,1609,Negeri dan Swasta,119,83,53,30,285,285
2024,PROV. SUMATERA SELATAN,16,KAB. OGAN KOMERING ULU SELATAN,1609,Swasta,14,3,5,1,23,23
2024,PROV. SUMATERA SELATAN,16,KAB. OGAN ILIR,1610,Swasta,22,8,3,1,34,34
2024,PROV. SUMATERA SELATAN,16,KAB. OGAN ILIR,1610,Negeri dan Swasta,157,88,63,22,330,330
2024,PROV. SUMATERA SELATAN,16,KAB. OGAN ILIR,1610,Negeri,135,80,60,21,296,296
2024,PROV. SUMATERA SELATAN,16,KAB. EMPAT LAWANG,1611,Negeri dan Swasta,76,50,80,7,213,213
2024,PROV. SUMATERA SELATAN,16,KAB. EMPAT LAWANG,1611,Negeri,73,45,80,7,205,205
2024,PROV. SUMATERA SELATAN,16,KAB. EMPAT LAWANG,1611,Swasta,3,5,0,0,8,8
2024,PROV. SUMATERA SELATAN,16,KAB. PENUKAL ABAB LEMATANG ILIR,1612,Swasta,16,7,5,3,31,31
2024,PROV. SUMATERA SELATAN,16,KAB. PENUKAL ABAB LEMATANG ILIR,1612,Negeri dan Swasta,92,65,19,15,191,191
2024,PROV. SUMATERA SELATAN,16,KAB. PENUKAL ABAB LEMATANG ILIR,1612,Negeri,76,58,14,12,160,160
2024,PROV. SUMATERA SELATAN,16,KAB. MUSI RAWAS UTARA,1613,Swasta,2,1,2,0,5,5
2024,PROV. SUMATERA SELATAN,16,KAB. MUSI RAWAS UTARA,1613,Negeri dan Swasta,62,46,44,23,175,175
2024,PROV. SUMATERA SELATAN,16,KAB. MUSI RAWAS UTARA,1613,Negeri,60,45,42,23,170,170
2024,PROV. SUMATERA SELATAN,16,KOTA PALEMBANG,1671,Negeri,76,114,137,25,352,352
2024,PROV. SUMATERA SELATAN,16,KOTA PALEMBANG,1671,Negeri dan Swasta,415,236,197,37,885,885
2024,PROV. SUMATERA SELATAN,16,KOTA PALEMBANG,1671,Swasta,339,122,60,12,533,533
2024,PROV. SUMATERA SELATAN,16,KOTA PAGAR ALAM,1672,Negeri,31,13,29,15,88,88
2024,PROV. SUMATERA SELATAN,16,KOTA PAGAR ALAM,1672,Negeri dan Swasta,58,20,34,16,128,128
2024,PROV. SUMATERA SELATAN,16,KOTA PAGAR ALAM,1672,Swasta,27,7,5,1,40,40
2024,PROV. SUMATERA SELATAN,16,KOTA LUBUK LINGGAU,1673,Negeri dan Swasta,118,21,32,15,186,186
2024,PROV. SUMATERA SELATAN,16,KOTA LUBUK LINGGAU,1673,Swasta,49,9,8,4,70,70
2024,PROV. SUMATERA SELATAN,16,KOTA LUBUK LINGGAU,1673,Negeri,69,12,24,11,116,116
2024,PROV. SUMATERA SELATAN,16,KOTA PRABUMULIH,1674,Negeri dan Swasta,73,33,17,25,148,148
2024,PROV. SUMATERA SELATAN,16,KOTA PRABUMULIH,1674,Negeri,51,19,12,21,103,103
2024,PROV. SUMATERA SELATAN,16,KOTA PRABUMULIH,1674,Swasta,22,14,5,4,45,45
2024,PROV. BENGKULU,17,KAB. BENGKULU SELATAN,1701,Swasta,12,3,1,1,17,17
2024,PROV. BENGKULU,17,KAB. BENGKULU SELATAN,1701,Negeri,58,44,70,4,176,176
2024,PROV. BENGKULU,17,KAB. BENGKULU SELATAN,1701,Negeri dan Swasta,70,47,71,5,193,193
2024,PROV. BENGKULU,17,KAB. REJANG LEBONG,1702,Negeri dan Swasta,71,89,85,19,264,264
2024,PROV. BENGKULU,17,KAB. REJANG LEBONG,1702,Swasta,21,12,9,1,43,43
2024,PROV. BENGKULU,17,KAB. REJANG LEBONG,1702,Negeri,50,77,76,18,221,221
2024,PROV. BENGKULU,17,KAB. BENGKULU UTARA,1703,Negeri dan Swasta,121,80,94,19,314,314
2024,PROV. BENGKULU,17,KAB. BENGKULU UTARA,1703,Negeri,112,74,93,18,297,297
2024,PROV. BENGKULU,17,KAB. BENGKULU UTARA,1703,Swasta,9,6,1,1,17,17
2024,PROV. BENGKULU,17,KAB. KAUR,1704,Negeri dan Swasta,65,47,63,18,193,193
2024,PROV. BENGKULU,17,KAB. KAUR,1704,Negeri,59,43,57,17,176,176
2024,PROV. BENGKULU,17,KAB. KAUR,1704,Swasta,6,4,6,1,17,17
2024,PROV. BENGKULU,17,KAB. SELUMA,1705,Negeri,93,53,57,27,230,230
2024,PROV. BENGKULU,17,KAB. SELUMA,1705,Negeri dan Swasta,98,56,57,27,238,238
2024,PROV. BENGKULU,17,KAB. SELUMA,1705,Swasta,5,3,0,0,8,8
2024,PROV. BENGKULU,17,KAB. MUKOMUKO,1706,Negeri,77,66,48,21,212,212
2024,PROV. BENGKULU,17,KAB. MUKOMUKO,1706,Swasta,7,10,1,4,22,22
2024,PROV. BENGKULU,17,KAB. MUKOMUKO,1706,Negeri dan Swasta,84,76,49,25,234,234
2024,PROV. BENGKULU,17,KAB. LEBONG,1707,Negeri,39,32,38,15,124,124
2024,PROV. BENGKULU,17,KAB. LEBONG,1707,Swasta,8,1,0,1,10,10
2024,PROV. BENGKULU,17,KAB. LEBONG,1707,Negeri dan Swasta,47,33,38,16,134,134
2024,PROV. BENGKULU,17,KAB. KEPAHIANG,1708,Negeri dan Swasta,72,52,53,3,180,180
2024,PROV. BENGKULU,17,KAB. KEPAHIANG,1708,Negeri,67,51,45,3,166,166
2024,PROV. BENGKULU,17,KAB. KEPAHIANG,1708,Swasta,5,1,8,0,14,14
2024,PROV. BENGKULU,17,KAB. BENGKULU TENGAH,1709,Negeri dan Swasta,48,35,54,20,157,157
2024,PROV. BENGKULU,17,KAB. BENGKULU TENGAH,1709,Swasta,5,0,0,1,6,6
2024,PROV. BENGKULU,17,KAB. BENGKULU TENGAH,1709,Negeri,43,35,54,19,151,151
2024,PROV. BENGKULU,17,KOTA BENGKULU,1771,Negeri dan Swasta,149,77,52,23,301,301
2024,PROV. BENGKULU,17,KOTA BENGKULU,1771,Negeri,59,39,35,16,149,149
2024,PROV. BENGKULU,17,KOTA BENGKULU,1771,Swasta,90,38,17,7,152,152
2024,PROV. LAMPUNG,18,KAB. LAMPUNG SELATAN,1801,Negeri dan Swasta,295,150,65,124,634,634
2024,PROV. LAMPUNG,18,KAB. LAMPUNG SELATAN,1801,Negeri,202,100,40,111,453,453
2024,PROV. LAMPUNG,18,KAB. LAMPUNG SELATAN,1801,Swasta,93,50,25,13,181,181
2024,PROV. LAMPUNG,18,KAB. LAMPUNG TENGAH,1802,Swasta,119,90,44,27,280,280
2024,PROV. LAMPUNG,18,KAB. LAMPUNG TENGAH,1802,Negeri,292,246,184,79,801,801
2024,PROV. LAMPUNG,18,KAB. LAMPUNG TENGAH,1802,Negeri dan Swasta,411,336,228,106,1081,1081
2024,PROV. LAMPUNG,18,KAB. LAMPUNG UTARA,1803,Swasta,51,29,20,7,107,107
2024,PROV. LAMPUNG,18,KAB. LAMPUNG UTARA,1803,Negeri dan Swasta,157,140,120,81,498,498
2024,PROV. LAMPUNG,18,KAB. LAMPUNG UTARA,1803,Negeri,106,111,100,74,391,391
2024,PROV. LAMPUNG,18,KAB. LAMPUNG BARAT,1804,Swasta,11,6,10,11,38,38
2024,PROV. LAMPUNG,18,KAB. LAMPUNG BARAT,1804,Negeri,83,73,98,25,279,279
2024,PROV. LAMPUNG,18,KAB. LAMPUNG BARAT,1804,Negeri dan Swasta,94,79,108,36,317,317
2024,PROV. LAMPUNG,18,KAB. TULANG BAWANG,1805,Negeri dan Swasta,124,81,56,23,284,284
2024,PROV. LAMPUNG,18,KAB. TULANG BAWANG,1805,Swasta,36,16,11,4,67,67
2024,PROV. LAMPUNG,18,KAB. TULANG BAWANG,1805,Negeri,88,65,45,19,217,217
2024,PROV. LAMPUNG,18,KAB. TANGGAMUS,1806,Swasta,30,9,9,3,51,51
2024,PROV. LAMPUNG,18,KAB. TANGGAMUS,1806,Negeri dan Swasta,172,112,125,27,436,436
2024,PROV. LAMPUNG,18,KAB. TANGGAMUS,1806,Negeri,142,103,116,24,385,385
2024,PROV. LAMPUNG,18,KAB. LAMPUNG TIMUR,1807,Negeri,188,162,104,46,500,500
2024,PROV. LAMPUNG,18,KAB. LAMPUNG TIMUR,1807,Negeri dan Swasta,304,219,149,69,741,741
2024,PROV. LAMPUNG,18,KAB. LAMPUNG TIMUR,1807,Swasta,116,57,45,23,241,241
2024,PROV. LAMPUNG,18,KAB. WAY KANAN,1808,Swasta,22,12,10,10,54,54
2024,PROV. LAMPUNG,18,KAB. WAY KANAN,1808,Negeri,103,103,115,85,406,406
2024,PROV. LAMPUNG,18,KAB. WAY KANAN,1808,Negeri dan Swasta,125,115,125,95,460,460
2024,PROV. LAMPUNG,18,KAB. PESAWARAN,1809,Negeri dan Swasta,126,105,117,40,388,388
2024,PROV. LAMPUNG,18,KAB. PESAWARAN,1809,Swasta,23,18,9,4,54,54
2024,PROV. LAMPUNG,18,KAB. PESAWARAN,1809,Negeri,103,87,108,36,334,334
2024,PROV. LAMPUNG,18,KAB. PRINGSEWU,1810,Swasta,53,24,7,1,85,85
2024,PROV. LAMPUNG,18,KAB. PRINGSEWU,1810,Negeri dan Swasta,177,108,67,9,361,361
2024,PROV. LAMPUNG,18,KAB. PRINGSEWU,1810,Negeri,124,84,60,8,276,276
2024,PROV. LAMPUNG,18,KAB. MESUJI,1811,Swasta,13,13,7,5,38,38
2024,PROV. LAMPUNG,18,KAB. MESUJI,1811,Negeri dan Swasta,56,57,106,13,232,232
2024,PROV. LAMPUNG,18,KAB. MESUJI,1811,Negeri,43,44,99,8,194,194
2024,PROV. LAMPUNG,18,KAB. TULANG BAWANG BARAT,1812,Swasta,11,15,10,2,38,38
2024,PROV. LAMPUNG,18,KAB. TULANG BAWANG BARAT,1812,Negeri,57,56,104,14,231,231
2024,PROV. LAMPUNG,18,KAB. TULANG BAWANG BARAT,1812,Negeri dan Swasta,68,71,114,16,269,269
2024,PROV. LAMPUNG,18,KAB. PESISIR BARAT,1813,Negeri dan Swasta,30,33,44,42,149,149
2024,PROV. LAMPUNG,18,KAB. PESISIR BARAT,1813,Negeri,28,29,39,42,138,138
2024,PROV. LAMPUNG,18,KAB. PESISIR BARAT,1813,Swasta,2,4,5,0,11,11
2024,PROV. LAMPUNG,18,KOTA BANDAR LAMPUNG,1871,Negeri dan Swasta,387,101,55,48,591,591
2024,PROV. LAMPUNG,18,KOTA BANDAR LAMPUNG,1871,Swasta,277,56,12,8,353,353
2024,PROV. LAMPUNG,18,KOTA BANDAR LAMPUNG,1871,Negeri,110,45,43,40,238,238
2024,PROV. LAMPUNG,18,KOTA METRO,1872,Swasta,56,18,8,2,84,84
2024,PROV. LAMPUNG,18,KOTA METRO,1872,Negeri,35,13,24,6,78,78
2024,PROV. LAMPUNG,18,KOTA METRO,1872,Negeri dan Swasta,91,31,32,8,162,162
2024,PROV. KEPULAUAN BANGKA BELITUNG,19,KAB. BANGKA,1901,Negeri,97,67,38,22,224,224
2024,PROV. KEPULAUAN BANGKA BELITUNG,19,KAB. BANGKA,1901,Swasta,47,6,2,0,55,55
2024,PROV. KEPULAUAN BANGKA BELITUNG,19,KAB. BANGKA,1901,Negeri dan Swasta,144,73,40,22,279,279
2024,PROV. KEPULAUAN BANGKA BELITUNG,19,KAB. BELITUNG,1902,Negeri dan Swasta,86,38,31,24,179,179
2024,PROV. KEPULAUAN BANGKA BELITUNG,19,KAB. BELITUNG,1902,Negeri,69,35,29,24,157,157
2024,PROV. KEPULAUAN BANGKA BELITUNG,19,KAB. BELITUNG,1902,Swasta,17,3,2,0,22,22
2024,PROV. KEPULAUAN BANGKA BELITUNG,19,KAB. BANGKA SELATAN,1903,Swasta,11,1,1,0,13,13
2024,PROV. KEPULAUAN BANGKA BELITUNG,19,KAB. BANGKA SELATAN,1903,Negeri dan Swasta,85,26,29,17,157,157
2024,PROV. KEPULAUAN BANGKA BELITUNG,19,KAB. BANGKA SELATAN,1903,Negeri,74,25,28,17,144,144
2024,PROV. KEPULAUAN BANGKA BELITUNG,19,KAB. BANGKA TENGAH,1904,Negeri dan Swasta,61,58,35,7,161,161
2024,PROV. KEPULAUAN BANGKA BELITUNG,19,KAB. BANGKA TENGAH,1904,Negeri,48,52,31,6,137,137
2024,PROV. KEPULAUAN BANGKA BELITUNG,19,KAB. BANGKA TENGAH,1904,Swasta,13,6,4,1,24,24
2024,PROV. KEPULAUAN BANGKA BELITUNG,19,KAB. BANGKA BARAT,1905,Swasta,17,6,1,2,26,26
2024,PROV. KEPULAUAN BANGKA BELITUNG,19,KAB. BANGKA BARAT,1905,Negeri,70,28,26,48,172,172
2024,PROV. KEPULAUAN BANGKA BELITUNG,19,KAB. BANGKA BARAT,1905,Negeri dan Swasta,87,34,27,50,198,198
2024,PROV. KEPULAUAN BANGKA BELITUNG,19,KAB. BELITUNG TIMUR,1906,Negeri dan Swasta,70,31,29,17,147,147
2024,PROV. KEPULAUAN BANGKA BELITUNG,19,KAB. BELITUNG TIMUR,1906,Swasta,1,2,2,1,6,6
2024,PROV. KEPULAUAN BANGKA BELITUNG,19,KAB. BELITUNG TIMUR,1906,Negeri,69,29,27,16,141,141
2024,PROV. KEPULAUAN BANGKA BELITUNG,19,KOTA PANGKAL PINANG,1971,Negeri,39,13,28,16,96,96
2024,PROV. KEPULAUAN BANGKA BELITUNG,19,KOTA PANGKAL PINANG,1971,Negeri dan Swasta,81,27,30,21,159,159
2024,PROV. KEPULAUAN BANGKA BELITUNG,19,KOTA PANGKAL PINANG,1971,Swasta,42,14,2,5,63,63
2024,PROV. KEPULAUAN RIAU,21,KAB. BINTAN,2101,Swasta,18,6,1,0,25,25
2024,PROV. KEPULAUAN RIAU,21,KAB. BINTAN,2101,Negeri,85,25,14,5,129,129
2024,PROV. KEPULAUAN RIAU,21,KAB. BINTAN,2101,Negeri dan Swasta,103,31,15,5,154,154
2024,PROV. KEPULAUAN RIAU,21,KAB. KARIMUN,2102,Negeri,103,32,23,12,170,170
2024,PROV. KEPULAUAN RIAU,21,KAB. KARIMUN,2102,Swasta,40,3,2,3,48,48
2024,PROV. KEPULAUAN RIAU,21,KAB. KARIMUN,2102,Negeri dan Swasta,143,35,25,15,218,218
2024,PROV. KEPULAUAN RIAU,21,KAB. NATUNA,2103,Swasta,1,0,0,0,1,1
2024,PROV. KEPULAUAN RIAU,21,KAB. NATUNA,2103,Negeri,42,37,29,22,130,130
2024,PROV. KEPULAUAN RIAU,21,KAB. NATUNA,2103,Negeri dan Swasta,43,37,29,22,131,131
2024,PROV. KEPULAUAN RIAU,21,KAB. LINGGA,2104,Negeri,70,22,26,21,139,139
2024,PROV. KEPULAUAN RIAU,21,KAB. LINGGA,2104,Swasta,6,1,0,0,7,7
2024,PROV. KEPULAUAN RIAU,21,KAB. LINGGA,2104,Negeri dan Swasta,76,23,26,21,146,146
2024,PROV. KEPULAUAN RIAU,21,KAB. KEPULAUAN ANAMBAS,2105,Negeri,37,22,20,16,95,95
2024,PROV. KEPULAUAN RIAU,21,KAB. KEPULAUAN ANAMBAS,2105,Negeri dan Swasta,39,24,20,16,99,99
2024,PROV. KEPULAUAN RIAU,21,KAB. KEPULAUAN ANAMBAS,2105,Swasta,2,2,0,0,4,4
2024,PROV. KEPULAUAN RIAU,21,KOTA BATAM,2171,Negeri dan Swasta,553,114,40,39,746,746
2024,PROV. KEPULAUAN RIAU,21,KOTA BATAM,2171,Negeri,150,36,21,33,240,240
2024,PROV. KEPULAUAN RIAU,21,KOTA BATAM,2171,Swasta,403,78,19,6,506,506
2024,PROV. KEPULAUAN RIAU,21,KOTA TANJUNG PINANG,2172,Negeri,45,12,11,20,88,88
2024,PROV. KEPULAUAN RIAU,21,KOTA TANJUNG PINANG,2172,Swasta,40,12,0,2,54,54
2024,PROV. KEPULAUAN RIAU,21,KOTA TANJUNG PINANG,2172,Negeri dan Swasta,85,24,11,22,142,142
2024,PROV. D.K.I. JAKARTA,31,KAB. ADM. KEP. SERIBU,3101,Swasta,0,0,0,0,0,0
2024,PROV. D.K.I. JAKARTA,31,KAB. ADM. KEP. SERIBU,3101,Negeri dan Swasta,12,5,4,3,24,24
2024,PROV. D.K.I. JAKARTA,31,KAB. ADM. KEP. SERIBU,3101,Negeri,12,5,4,3,24,24
2024,PROV. D.K.I. JAKARTA,31,KOTA ADM. JAKARTA PUSAT,3171,Negeri,187,35,11,3,236,236
2024,PROV. D.K.I. JAKARTA,31,KOTA ADM. JAKARTA PUSAT,3171,Negeri dan Swasta,443,74,17,5,539,539
2024,PROV. D.K.I. JAKARTA,31,KOTA ADM. JAKARTA PUSAT,3171,Swasta,256,39,6,2,303,303
2024,PROV. D.K.I. JAKARTA,31,KOTA ADM. JAKARTA UTARA,3172,Swasta,523,58,12,3,596,596
2024,PROV. D.K.I. JAKARTA,31,KOTA ADM. JAKARTA UTARA,3172,Negeri,191,23,4,4,222,222
2024,PROV. D.K.I. JAKARTA,31,KOTA ADM. JAKARTA UTARA,3172,Negeri dan Swasta,714,81,16,7,818,818
2024,PROV. D.K.I. JAKARTA,31,KOTA ADM. JAKARTA BARAT,3173,Swasta,716,81,10,4,811,811
2024,PROV. D.K.I. JAKARTA,31,KOTA ADM. JAKARTA BARAT,3173,Negeri,320,55,13,8,396,396
2024,PROV. D.K.I. JAKARTA,31,KOTA ADM. JAKARTA BARAT,3173,Negeri dan Swasta,1036,136,23,12,1207,1207
2024,PROV. D.K.I. JAKARTA,31,KOTA ADM. JAKARTA SELATAN,3174,Negeri dan Swasta,908,135,28,14,1085,1085
2024,PROV. D.K.I. JAKARTA,31,KOTA ADM. JAKARTA SELATAN,3174,Negeri,312,71,20,11,414,414
2024,PROV. D.K.I. JAKARTA,31,KOTA ADM. JAKARTA SELATAN,3174,Swasta,596,64,8,3,671,671
2024,PROV. D.K.I. JAKARTA,31,KOTA ADM. JAKARTA TIMUR,3175,Negeri,461,80,21,8,570,570
2024,PROV. D.K.I. JAKARTA,31,KOTA ADM. JAKARTA TIMUR,3175,Swasta,633,108,10,12,763,763
2024,PROV. D.K.I. JAKARTA,31,KOTA ADM. JAKARTA TIMUR,3175,Negeri dan Swasta,1094,188,31,20,1333,1333
2024,PROV. JAWA BARAT,32,KAB. BOGOR,3201,Negeri dan Swasta,1450,705,347,349,2851,2851
2024,PROV. JAWA BARAT,32,KAB. BOGOR,3201,Negeri,471,332,243,280,1326,1326
2024,PROV. JAWA BARAT,32,KAB. BOGOR,3201,Swasta,979,373,104,69,1525,1525
2024,PROV. JAWA BARAT,32,KAB. SUKABUMI,3202,Negeri dan Swasta,391,349,343,165,1248,1248
2024,PROV. JAWA BARAT,32,KAB. SUKABUMI,3202,Swasta,197,107,76,31,411,411
2024,PROV. JAWA BARAT,32,KAB. SUKABUMI,3202,Negeri,194,242,267,134,837,837
2024,PROV. JAWA BARAT,32,KAB. CIANJUR,3203,Negeri,236,217,161,208,822,822
2024,PROV. JAWA BARAT,32,KAB. CIANJUR,3203,Swasta,221,100,38,17,376,376
2024,PROV. JAWA BARAT,32,KAB. CIANJUR,3203,Negeri dan Swasta,457,317,199,225,1198,1198
2024,PROV. JAWA BARAT,32,KAB. BANDUNG,3204,Negeri,288,371,323,149,1131,1131
2024,PROV. JAWA BARAT,32,KAB. BANDUNG,3204,Negeri dan Swasta,650,562,423,184,1819,1819
2024,PROV. JAWA BARAT,32,KAB. BANDUNG,3204,Swasta,362,191,100,35,688,688
2024,PROV. JAWA BARAT,32,KAB. GARUT,3205,Negeri,264,287,207,149,907,907
2024,PROV. JAWA BARAT,32,KAB. GARUT,3205,Swasta,204,162,81,45,492,492
2024,PROV. JAWA BARAT,32,KAB. GARUT,3205,Negeri dan Swasta,468,449,288,194,1399,1399
2024,PROV. JAWA BARAT,32,KAB. TASIKMALAYA,3206,Negeri dan Swasta,290,283,217,119,909,909
2024,PROV. JAWA BARAT,32,KAB. TASIKMALAYA,3206,Swasta,123,86,41,23,273,273
2024,PROV. JAWA BARAT,32,KAB. TASIKMALAYA,3206,Negeri,167,197,176,96,636,636
2024,PROV. JAWA BARAT,32,KAB. CIAMIS,3207,Negeri dan Swasta,249,252,219,54,774,774
2024,PROV. JAWA BARAT,32,KAB. CIAMIS,3207,Swasta,61,40,23,12,136,136
2024,PROV. JAWA BARAT,32,KAB. CIAMIS,3207,Negeri,188,212,196,42,638,638
2024,PROV. JAWA BARAT,32,KAB. KUNINGAN,3208,Swasta,64,18,13,5,100,100
2024,PROV. JAWA BARAT,32,KAB. KUNINGAN,3208,Negeri dan Swasta,209,136,123,173,641,641
2024,PROV. JAWA BARAT,32,KAB. KUNINGAN,3208,Negeri,145,118,110,168,541,541
2024,PROV. JAWA BARAT,32,KAB. CIREBON,3209,Negeri,251,165,136,175,727,727
2024,PROV. JAWA BARAT,32,KAB. CIREBON,3209,Swasta,176,85,32,13,306,306
2024,PROV. JAWA BARAT,32,KAB. CIREBON,3209,Negeri dan Swasta,427,250,168,188,1033,1033
2024,PROV. JAWA BARAT,32,KAB. MAJALENGKA,3210,Swasta,72,22,5,4,103,103
2024,PROV. JAWA BARAT,32,KAB. MAJALENGKA,3210,Negeri dan Swasta,283,127,179,15,604,604
2024,PROV. JAWA BARAT,32,KAB. MAJALENGKA,3210,Negeri,211,105,174,11,501,501
2024,PROV. JAWA BARAT,32,KAB. SUMEDANG,3211,Swasta,103,57,21,5,186,186
2024,PROV. JAWA BARAT,32,KAB. SUMEDANG,3211,Negeri dan Swasta,275,190,268,29,762,762
2024,PROV. JAWA BARAT,32,KAB. SUMEDANG,3211,Negeri,172,133,247,24,576,576
2024,PROV. JAWA BARAT,32,KAB. INDRAMAYU,3212,Negeri,161,142,135,123,561,561
2024,PROV. JAWA BARAT,32,KAB. INDRAMAYU,3212,Swasta,131,77,47,17,272,272
2024,PROV. JAWA BARAT,32,KAB. INDRAMAYU,3212,Negeri dan Swasta,292,219,182,140,833,833
2024,PROV. JAWA BARAT,32,KAB. SUBANG,3213,Negeri dan Swasta,285,348,276,39,948,948
2024,PROV. JAWA BARAT,32,KAB. SUBANG,3213,Negeri,153,278,242,24,697,697
2024,PROV. JAWA BARAT,32,KAB. SUBANG,3213,Swasta,132,70,34,15,251,251
2024,PROV. JAWA BARAT,32,KAB. PURWAKARTA,3214,Swasta,91,33,7,5,136,136
2024,PROV. JAWA BARAT,32,KAB. PURWAKARTA,3214,Negeri dan Swasta,297,201,58,16,572,572
2024,PROV. JAWA BARAT,32,KAB. PURWAKARTA,3214,Negeri,206,168,51,11,436,436
2024,PROV. JAWA BARAT,32,KAB. KARAWANG,3215,Swasta,210,77,14,13,314,314
2024,PROV. JAWA BARAT,32,KAB. KARAWANG,3215,Negeri,163,147,131,105,546,546
2024,PROV. JAWA BARAT,32,KAB. KARAWANG,3215,Negeri dan Swasta,373,224,145,118,860,860
2024,PROV. JAWA BARAT,32,KAB. BEKASI,3216,Swasta,660,194,31,25,910,910
2024,PROV. JAWA BARAT,32,KAB. BEKASI,3216,Negeri dan Swasta,874,335,87,85,1381,1381
2024,PROV. JAWA BARAT,32,KAB. BEKASI,3216,Negeri,214,141,56,60,471,471
2024,PROV. JAWA BARAT,32,KAB. BANDUNG BARAT,3217,Negeri,124,180,165,125,594,594
2024,PROV. JAWA BARAT,32,KAB. BANDUNG BARAT,3217,Swasta,161,80,44,14,299,299
2024,PROV. JAWA BARAT,32,KAB. BANDUNG BARAT,3217,Negeri dan Swasta,285,260,209,139,893,893
2024,PROV. JAWA BARAT,32,KAB. PANGANDARAN,3218,Negeri dan Swasta,91,80,81,39,291,291
2024,PROV. JAWA BARAT,32,KAB. PANGANDARAN,3218,Swasta,18,14,3,5,40,40
2024,PROV. JAWA BARAT,32,KAB. PANGANDARAN,3218,Negeri,73,66,78,34,251,251
2024,PROV. JAWA BARAT,32,KOTA BOGOR,3271,Negeri,122,68,30,21,241,241
2024,PROV. JAWA BARAT,32,KOTA BOGOR,3271,Swasta,291,70,11,11,383,383
2024,PROV. JAWA BARAT,32,KOTA BOGOR,3271,Negeri dan Swasta,413,138,41,32,624,624
2024,PROV. JAWA BARAT,32,KOTA SUKABUMI,3272,Swasta,73,31,8,2,114,114
2024,PROV. JAWA BARAT,32,KOTA SUKABUMI,3272,Negeri,50,30,31,22,133,133
2024,PROV. JAWA BARAT,32,KOTA SUKABUMI,3272,Negeri dan Swasta,123,61,39,24,247,247
2024,PROV. JAWA BARAT,32,KOTA BANDUNG,3273,Negeri,132,99,118,27,376,376
2024,PROV. JAWA BARAT,32,KOTA BANDUNG,3273,Swasta,558,159,50,12,779,779
2024,PROV. JAWA BARAT,32,KOTA BANDUNG,3273,Negeri dan Swasta,690,258,168,39,1155,1155
2024,PROV. JAWA BARAT,32,KOTA CIREBON,3274,Swasta,83,36,13,10,142,142
2024,PROV. JAWA BARAT,32,KOTA CIREBON,3274,Negeri dan Swasta,146,62,57,23,288,288
2024,PROV. JAWA BARAT,32,KOTA CIREBON,3274,Negeri,63,26,44,13,146,146
2024,PROV. JAWA BARAT,32,KOTA BEKASI,3275,Swasta,731,177,25,20,953,953
2024,PROV. JAWA BARAT,32,KOTA BEKASI,3275,Negeri,177,93,44,32,346,346
2024,PROV. JAWA BARAT,32,KOTA BEKASI,3275,Negeri dan Swasta,908,270,69,52,1299,1299
2024,PROV. JAWA BARAT,32,KOTA DEPOK,3276,Swasta,556,163,46,24,789,789
2024,PROV. JAWA BARAT,32,KOTA DEPOK,3276,Negeri dan Swasta,675,225,78,50,1028,1028
2024,PROV. JAWA BARAT,32,KOTA DEPOK,3276,Negeri,119,62,32,26,239,239
2024,PROV. JAWA BARAT,32,KOTA CIMAHI,3277,Negeri dan Swasta,138,52,36,14,240,240
2024,PROV. JAWA BARAT,32,KOTA CIMAHI,3277,Negeri,49,27,32,9,117,117
2024,PROV. JAWA BARAT,32,KOTA CIMAHI,3277,Swasta,89,25,4,5,123,123
2024,PROV. JAWA BARAT,32,KOTA TASIKMALAYA,3278,Negeri dan Swasta,164,116,58,32,370,370
2024,PROV. JAWA BARAT,32,KOTA TASIKMALAYA,3278,Swasta,99,58,15,8,180,180
2024,PROV. JAWA BARAT,32,KOTA TASIKMALAYA,3278,Negeri,65,58,43,24,190,190
2024,PROV. JAWA BARAT,32,KOTA BANJAR,3279,Negeri dan Swasta,37,57,25,12,131,131
2024,PROV. JAWA BARAT,32,KOTA BANJAR,3279,Negeri,18,48,21,9,96,96
2024,PROV. JAWA BARAT,32,KOTA BANJAR,3279,Swasta,19,9,4,3,35,35
2024,PROV. JAWA TENGAH,33,KAB. CILACAP,3301,Negeri,323,308,272,44,947,947
2024,PROV. JAWA TENGAH,33,KAB. CILACAP,3301,Swasta,135,65,39,15,254,254
2024,PROV. JAWA TENGAH,33,KAB. CILACAP,3301,Negeri dan Swasta,458,373,311,59,1201,1201
2024,PROV. JAWA TENGAH,33,KAB. BANYUMAS,3302,Negeri dan Swasta,471,356,181,142,1150,1150
2024,PROV. JAWA TENGAH,33,KAB. BANYUMAS,3302,Negeri,259,266,154,121,800,800
2024,PROV. JAWA TENGAH,33,KAB. BANYUMAS,3302,Swasta,212,90,27,21,350,350
2024,PROV. JAWA TENGAH,33,KAB. PURBALINGGA,3303,Swasta,44,17,7,5,73,73
2024,PROV. JAWA TENGAH,33,KAB. PURBALINGGA,3303,Negeri dan Swasta,189,169,103,65,526,526
2024,PROV. JAWA TENGAH,33,KAB. PURBALINGGA,3303,Negeri,145,152,96,60,453,453
2024,PROV. JAWA TENGAH,33,KAB. BANJARNEGARA,3304,Swasta,29,17,5,3,54,54
2024,PROV. JAWA TENGAH,33,KAB. BANJARNEGARA,3304,Negeri dan Swasta,203,227,139,73,642,642
2024,PROV. JAWA TENGAH,33,KAB. BANJARNEGARA,3304,Negeri,174,210,134,70,588,588
2024,PROV. JAWA TENGAH,33,KAB. KEBUMEN,3305,Swasta,120,50,21,9,200,200
2024,PROV. JAWA TENGAH,33,KAB. KEBUMEN,3305,Negeri,203,357,111,88,759,759
2024,PROV. JAWA TENGAH,33,KAB. KEBUMEN,3305,Negeri dan Swasta,323,407,132,97,959,959
2024,PROV. JAWA TENGAH,33,KAB. PURWOREJO,3306,Swasta,82,39,16,6,143,143
2024,PROV. JAWA TENGAH,33,KAB. PURWOREJO,3306,Negeri,213,156,94,28,491,491
2024,PROV. JAWA TENGAH,33,KAB. PURWOREJO,3306,Negeri dan Swasta,295,195,110,34,634,634
2024,PROV. JAWA TENGAH,33,KAB. WONOSOBO,3307,Negeri,208,154,91,37,490,490
2024,PROV. JAWA TENGAH,33,KAB. WONOSOBO,3307,Swasta,79,25,10,3,117,117
2024,PROV. JAWA TENGAH,33,KAB. WONOSOBO,3307,Negeri dan Swasta,287,179,101,40,607,607
2024,PROV. JAWA TENGAH,33,KAB. MAGELANG,3308,Negeri,199,164,87,60,510,510
2024,PROV. JAWA TENGAH,33,KAB. MAGELANG,3308,Swasta,146,74,30,13,263,263
2024,PROV. JAWA TENGAH,33,KAB. MAGELANG,3308,Negeri dan Swasta,345,238,117,73,773,773
2024,PROV. JAWA TENGAH,33,KAB. BOYOLALI,3309,Negeri,197,200,99,78,574,574
2024,PROV. JAWA TENGAH,33,KAB. BOYOLALI,3309,Swasta,103,50,26,19,198,198
2024,PROV. JAWA TENGAH,33,KAB. BOYOLALI,3309,Negeri dan Swasta,300,250,125,97,772,772
2024,PROV. JAWA TENGAH,33,KAB. KLATEN,3310,Swasta,169,80,8,3,260,260
2024,PROV. JAWA TENGAH,33,KAB. KLATEN,3310,Negeri,243,222,129,71,665,665
2024,PROV. JAWA TENGAH,33,KAB. KLATEN,3310,Negeri dan Swasta,412,302,137,74,925,925
2024,PROV. JAWA TENGAH,33,KAB. SUKOHARJO,3311,Swasta,108,57,13,6,184,184
2024,PROV. JAWA TENGAH,33,KAB. SUKOHARJO,3311,Negeri dan Swasta,269,277,89,32,667,667
2024,PROV. JAWA TENGAH,33,KAB. SUKOHARJO,3311,Negeri,161,220,76,26,483,483
2024,PROV. JAWA TENGAH,33,KAB. WONOGIRI,3312,Negeri dan Swasta,394,334,138,50,916,916
2024,PROV. JAWA TENGAH,33,KAB. WONOGIRI,3312,Negeri,335,286,125,41,787,787
2024,PROV. JAWA TENGAH,33,KAB. WONOGIRI,3312,Swasta,59,48,13,9,129,129
2024,PROV. JAWA TENGAH,33,KAB. KARANGANYAR,3313,Swasta,121,57,27,6,211,211
2024,PROV. JAWA TENGAH,33,KAB. KARANGANYAR,3313,Negeri dan Swasta,268,251,137,39,695,695
2024,PROV. JAWA TENGAH,33,KAB. KARANGANYAR,3313,Negeri,147,194,110,33,484,484
2024,PROV. JAWA TENGAH,33,KAB. SRAGEN,3314,Swasta,106,51,12,9,178,178
2024,PROV. JAWA TENGAH,33,KAB. SRAGEN,3314,Negeri dan Swasta,267,215,129,74,685,685
2024,PROV. JAWA TENGAH,33,KAB. SRAGEN,3314,Negeri,161,164,117,65,507,507
2024,PROV. JAWA TENGAH,33,KAB. GROBOGAN,3315,Swasta,69,62,33,30,194,194
2024,PROV. JAWA TENGAH,33,KAB. GROBOGAN,3315,Negeri,144,215,171,191,721,721
2024,PROV. JAWA TENGAH,33,KAB. GROBOGAN,3315,Negeri dan Swasta,213,277,204,221,915,915
2024,PROV. JAWA TENGAH,33,KAB. BLORA,3316,Negeri dan Swasta,242,188,134,95,659,659
2024,PROV. JAWA TENGAH,33,KAB. BLORA,3316,Negeri,166,149,119,83,517,517
2024,PROV. JAWA TENGAH,33,KAB. BLORA,3316,Swasta,76,39,15,12,142,142
2024,PROV. JAWA TENGAH,33,KAB. REMBANG,3317,Negeri,47,197,85,88,417,417
2024,PROV. JAWA TENGAH,33,KAB. REMBANG,3317,Negeri dan Swasta,82,218,91,93,484,484
2024,PROV. JAWA TENGAH,33,KAB. REMBANG,3317,Swasta,35,21,6,5,67,67
2024,PROV. JAWA TENGAH,33,KAB. PATI,3318,Swasta,131,52,11,9,203,203
2024,PROV. JAWA TENGAH,33,KAB. PATI,3318,Negeri dan Swasta,302,247,158,58,765,765
2024,PROV. JAWA TENGAH,33,KAB. PATI,3318,Negeri,171,195,147,49,562,562
2024,PROV. JAWA TENGAH,33,KAB. KUDUS,3319,Negeri dan Swasta,203,139,93,90,525,525
2024,PROV. JAWA TENGAH,33,KAB. KUDUS,3319,Swasta,69,28,11,7,115,115
2024,PROV. JAWA TENGAH,33,KAB. KUDUS,3319,Negeri,134,111,82,83,410,410
2024,PROV. JAWA TENGAH,33,KAB. JEPARA,3320,Negeri,193,158,110,32,493,493
2024,PROV. JAWA TENGAH,33,KAB. JEPARA,3320,Negeri dan Swasta,287,201,127,47,662,662
2024,PROV. JAWA TENGAH,33,KAB. JEPARA,3320,Swasta,94,43,17,15,169,169
2024,PROV. JAWA TENGAH,33,KAB. DEMAK,3321,Negeri dan Swasta,292,216,135,90,733,733
2024,PROV. JAWA TENGAH,33,KAB. DEMAK,3321,Swasta,119,52,18,18,207,207
2024,PROV. JAWA TENGAH,33,KAB. DEMAK,3321,Negeri,173,164,117,72,526,526
2024,PROV. JAWA TENGAH,33,KAB. SEMARANG,3322,Negeri dan Swasta,272,199,140,43,654,654
2024,PROV. JAWA TENGAH,33,KAB. SEMARANG,3322,Negeri,175,134,115,36,460,460
2024,PROV. JAWA TENGAH,33,KAB. SEMARANG,3322,Swasta,97,65,25,7,194,194
2024,PROV. JAWA TENGAH,33,KAB. TEMANGGUNG,3323,Negeri,199,155,77,24,455,455
2024,PROV. JAWA TENGAH,33,KAB. TEMANGGUNG,3323,Swasta,75,25,11,6,117,117
2024,PROV. JAWA TENGAH,33,KAB. TEMANGGUNG,3323,Negeri dan Swasta,274,180,88,30,572,572
2024,PROV. JAWA TENGAH,33,KAB. KENDAL,3324,Negeri,159,171,132,39,501,501
2024,PROV. JAWA TENGAH,33,KAB. KENDAL,3324,Negeri dan Swasta,244,213,152,52,661,661
2024,PROV. JAWA TENGAH,33,KAB. KENDAL,3324,Swasta,85,42,20,13,160,160
2024,PROV. JAWA TENGAH,33,KAB. BATANG,3325,Negeri dan Swasta,197,164,94,24,479,479
2024,PROV. JAWA TENGAH,33,KAB. BATANG,3325,Negeri,153,136,83,21,393,393
2024,PROV. JAWA TENGAH,33,KAB. BATANG,3325,Swasta,44,28,11,3,86,86
2024,PROV. JAWA TENGAH,33,KAB. PEKALONGAN,3326,Negeri,96,200,81,50,427,427
2024,PROV. JAWA TENGAH,33,KAB. PEKALONGAN,3326,Swasta,53,38,10,3,104,104
2024,PROV. JAWA TENGAH,33,KAB. PEKALONGAN,3326,Negeri dan Swasta,149,238,91,53,531,531
2024,PROV. JAWA TENGAH,33,KAB. PEMALANG,3327,Negeri dan Swasta,262,262,164,101,789,789
2024,PROV. JAWA TENGAH,33,KAB. PEMALANG,3327,Swasta,98,62,24,13,197,197
2024,PROV. JAWA TENGAH,33,KAB. PEMALANG,3327,Negeri,164,200,140,88,592,592
2024,PROV. JAWA TENGAH,33,KAB. TEGAL,3328,Negeri,130,158,135,145,568,568
2024,PROV. JAWA TENGAH,33,KAB. TEGAL,3328,Negeri dan Swasta,232,212,157,158,759,759
2024,PROV. JAWA TENGAH,33,KAB. TEGAL,3328,Swasta,102,54,22,13,191,191
2024,PROV. JAWA TENGAH,33,KAB. BREBES,3329,Negeri,228,153,218,83,682,682
2024,PROV. JAWA TENGAH,33,KAB. BREBES,3329,Negeri dan Swasta,338,203,261,97,899,899
2024,PROV. JAWA TENGAH,33,KAB. BREBES,3329,Swasta,110,50,43,14,217,217
2024,PROV. JAWA TENGAH,33,KOTA MAGELANG,3371,Swasta,49,20,4,4,77,77
2024,PROV. JAWA TENGAH,33,KOTA MAGELANG,3371,Negeri dan Swasta,90,44,17,9,160,160
2024,PROV. JAWA TENGAH,33,KOTA MAGELANG,3371,Negeri,41,24,13,5,83,83
2024,PROV. JAWA TENGAH,33,KOTA SURAKARTA,3372,Negeri dan Swasta,302,85,37,17,441,441
2024,PROV. JAWA TENGAH,33,KOTA SURAKARTA,3372,Negeri,98,40,27,14,179,179
2024,PROV. JAWA TENGAH,33,KOTA SURAKARTA,3372,Swasta,204,45,10,3,262,262
2024,PROV. JAWA TENGAH,33,KOTA SALATIGA,3373,Swasta,55,22,10,3,90,90
2024,PROV. JAWA TENGAH,33,KOTA SALATIGA,3373,Negeri,46,18,11,6,81,81
2024,PROV. JAWA TENGAH,33,KOTA SALATIGA,3373,Negeri dan Swasta,101,40,21,9,171,171
2024,PROV. JAWA TENGAH,33,KOTA SEMARANG,3374,Negeri,217,84,40,39,380,380
2024,PROV. JAWA TENGAH,33,KOTA SEMARANG,3374,Swasta,521,97,21,14,653,653
2024,PROV. JAWA TENGAH,33,KOTA SEMARANG,3374,Negeri dan Swasta,738,181,61,53,1033,1033
2024,PROV. JAWA TENGAH,33,KOTA PEKALONGAN,3375,Swasta,46,25,10,2,83,83
2024,PROV. JAWA TENGAH,33,KOTA PEKALONGAN,3375,Negeri dan Swasta,71,73,35,11,190,190
2024,PROV. JAWA TENGAH,33,KOTA PEKALONGAN,3375,Negeri,25,48,25,9,107,107
2024,PROV. JAWA TENGAH,33,KOTA TEGAL,3376,Negeri,77,34,14,25,150,150
2024,PROV. JAWA TENGAH,33,KOTA TEGAL,3376,Swasta,47,17,8,5,77,77
2024,PROV. JAWA TENGAH,33,KOTA TEGAL,3376,Negeri dan Swasta,124,51,22,30,227,227
2024,PROV. D.I. YOGYAKARTA,34,KAB. KULON PROGO,3401,Negeri,158,121,51,18,348,348
2024,PROV. D.I. YOGYAKARTA,34,KAB. KULON PROGO,3401,Negeri dan Swasta,274,174,78,30,556,556
2024,PROV. D.I. YOGYAKARTA,34,KAB. KULON PROGO,3401,Swasta,116,53,27,12,208,208
2024,PROV. D.I. YOGYAKARTA,34,KAB. BANTUL,3402,Negeri dan Swasta,561,196,72,24,853,853
2024,PROV. D.I. YOGYAKARTA,34,KAB. BANTUL,3402,Negeri,231,107,49,11,398,398
2024,PROV. D.I. YOGYAKARTA,34,KAB. BANTUL,3402,Swasta,330,89,23,13,455,455
2024,PROV. D.I. YOGYAKARTA,34,KAB. GUNUNGKIDUL,3403,Negeri dan Swasta,277,186,173,50,686,686
2024,PROV. D.I. YOGYAKARTA,34,KAB. GUNUNGKIDUL,3403,Negeri,178,138,136,38,490,490
2024,PROV. D.I. YOGYAKARTA,34,KAB. GUNUNGKIDUL,3403,Swasta,99,48,37,12,196,196
2024,PROV. D.I. YOGYAKARTA,34,KAB. SLEMAN,3404,Negeri,226,112,65,34,437,437
2024,PROV. D.I. YOGYAKARTA,34,KAB. SLEMAN,3404,Negeri dan Swasta,571,221,95,52,939,939
2024,PROV. D.I. YOGYAKARTA,34,KAB. SLEMAN,3404,Swasta,345,109,30,18,502,502
2024,PROV. D.I. YOGYAKARTA,34,KOTA YOGYAKARTA,3471,Negeri,81,37,13,3,134,134
2024,PROV. D.I. YOGYAKARTA,34,KOTA YOGYAKARTA,3471,Negeri dan Swasta,292,95,24,13,424,424
2024,PROV. D.I. YOGYAKARTA,34,KOTA YOGYAKARTA,3471,Swasta,211,58,11,10,290,290
2024,PROV. JAWA TIMUR,35,KAB. PACITAN,3501,Negeri dan Swasta,164,107,73,99,443,443
2024,PROV. JAWA TIMUR,35,KAB. PACITAN,3501,Swasta,14,17,12,5,48,48
2024,PROV. JAWA TIMUR,35,KAB. PACITAN,3501,Negeri,150,90,61,94,395,395
2024,PROV. JAWA TIMUR,35,KAB. PONOROGO,3502,Negeri,149,168,122,97,536,536
2024,PROV. JAWA TIMUR,35,KAB. PONOROGO,3502,Negeri dan Swasta,217,213,135,105,670,670
2024,PROV. JAWA TIMUR,35,KAB. PONOROGO,3502,Swasta,68,45,13,8,134,134
2024,PROV. JAWA TIMUR,35,KAB. TRENGGALEK,3503,Negeri dan Swasta,204,173,145,24,546,546
2024,PROV. JAWA TIMUR,35,KAB. TRENGGALEK,3503,Swasta,57,25,4,4,90,90
2024,PROV. JAWA TIMUR,35,KAB. TRENGGALEK,3503,Negeri,147,148,141,20,456,456
2024,PROV. JAWA TIMUR,35,KAB. TULUNGAGUNG,3504,Swasta,95,47,17,4,163,163
2024,PROV. JAWA TIMUR,35,KAB. TULUNGAGUNG,3504,Negeri,185,158,88,53,484,484
2024,PROV. JAWA TIMUR,35,KAB. TULUNGAGUNG,3504,Negeri dan Swasta,280,205,105,57,647,647
2024,PROV. JAWA TIMUR,35,KAB. BLITAR,3505,Swasta,100,48,14,13,175,175
2024,PROV. JAWA TIMUR,35,KAB. BLITAR,3505,Negeri,196,189,123,51,559,559
2024,PROV. JAWA TIMUR,35,KAB. BLITAR,3505,Negeri dan Swasta,296,237,137,64,734,734
2024,PROV. JAWA TIMUR,35,KAB. KEDIRI,3506,Negeri dan Swasta,337,189,159,37,722,722
2024,PROV. JAWA TIMUR,35,KAB. KEDIRI,3506,Negeri,177,144,148,32,501,501
2024,PROV. JAWA TIMUR,35,KAB. KEDIRI,3506,Swasta,160,45,11,5,221,221
2024,PROV. JAWA TIMUR,35,KAB. MALANG,3507,Swasta,283,200,66,33,582,582
2024,PROV. JAWA TIMUR,35,KAB. MALANG,3507,Negeri dan Swasta,586,454,179,115,1334,1334
2024,PROV. JAWA TIMUR,35,KAB. MALANG,3507,Negeri,303,254,113,82,752,752
2024,PROV. JAWA TIMUR,35,KAB. LUMAJANG,3508,Negeri dan Swasta,240,204,99,40,583,583
2024,PROV. JAWA TIMUR,35,KAB. LUMAJANG,3508,Swasta,84,52,15,8,159,159
2024,PROV. JAWA TIMUR,35,KAB. LUMAJANG,3508,Negeri,156,152,84,32,424,424
2024,PROV. JAWA TIMUR,35,KAB. JEMBER,3509,Negeri dan Swasta,685,373,162,149,1369,1369
2024,PROV. JAWA TIMUR,35,KAB. JEMBER,3509,Swasta,277,151,63,50,541,541
2024,PROV. JAWA TIMUR,35,KAB. JEMBER,3509,Negeri,408,222,99,99,828,828
2024,PROV. JAWA TIMUR,35,KAB. BANYUWANGI,3510,Swasta,199,89,36,16,340,340
2024,PROV. JAWA TIMUR,35,KAB. BANYUWANGI,3510,Negeri dan Swasta,385,319,152,103,959,959
2024,PROV. JAWA TIMUR,35,KAB. BANYUWANGI,3510,Negeri,186,230,116,87,619,619
2024,PROV. JAWA TIMUR,35,KAB. BONDOWOSO,3511,Swasta,59,34,18,20,131,131
2024,PROV. JAWA TIMUR,35,KAB. BONDOWOSO,3511,Negeri dan Swasta,232,151,101,71,555,555
2024,PROV. JAWA TIMUR,35,KAB. BONDOWOSO,3511,Negeri,173,117,83,51,424,424
2024,PROV. JAWA TIMUR,35,KAB. SITUBONDO,3512,Swasta,64,28,13,3,108,108
2024,PROV. JAWA TIMUR,35,KAB. SITUBONDO,3512,Negeri dan Swasta,188,168,103,39,498,498
2024,PROV. JAWA TIMUR,35,KAB. SITUBONDO,3512,Negeri,124,140,90,36,390,390
2024,PROV. JAWA TIMUR,35,KAB. PROBOLINGGO,3513,Negeri dan Swasta,253,208,126,120,707,707
2024,PROV. JAWA TIMUR,35,KAB. PROBOLINGGO,3513,Negeri,152,141,97,92,482,482
2024,PROV. JAWA TIMUR,35,KAB. PROBOLINGGO,3513,Swasta,101,67,29,28,225,225
2024,PROV. JAWA TIMUR,35,KAB. PASURUAN,3514,Swasta,143,71,34,13,261,261
2024,PROV. JAWA TIMUR,35,KAB. PASURUAN,3514,Negeri dan Swasta,344,219,128,110,801,801
2024,PROV. JAWA TIMUR,35,KAB. PASURUAN,3514,Negeri,201,148,94,97,540,540
2024,PROV. JAWA TIMUR,35,KAB. SIDOARJO,3515,Swasta,443,111,28,5,587,587
2024,PROV. JAWA TIMUR,35,KAB. SIDOARJO,3515,Negeri dan Swasta,721,262,75,34,1092,1092
2024,PROV. JAWA TIMUR,35,KAB. SIDOARJO,3515,Negeri,278,151,47,29,505,505
2024,PROV. JAWA TIMUR,35,KAB. MOJOKERTO,3516,Negeri dan Swasta,250,165,96,75,586,586
2024,PROV. JAWA TIMUR,35,KAB. MOJOKERTO,3516,Swasta,125,67,22,10,224,224
2024,PROV. JAWA TIMUR,35,KAB. MOJOKERTO,3516,Negeri,125,98,74,65,362,362
2024,PROV. JAWA TIMUR,35,KAB. JOMBANG,3517,Negeri,172,165,166,25,528,528
2024,PROV. JAWA TIMUR,35,KAB. JOMBANG,3517,Negeri dan Swasta,322,233,190,36,781,781
2024,PROV. JAWA TIMUR,35,KAB. JOMBANG,3517,Swasta,150,68,24,11,253,253
2024,PROV. JAWA TIMUR,35,KAB. NGANJUK,3518,Negeri dan Swasta,311,128,112,107,658,658
2024,PROV. JAWA TIMUR,35,KAB. NGANJUK,3518,Negeri,216,88,100,99,503,503
2024,PROV. JAWA TIMUR,35,KAB. NGANJUK,3518,Swasta,95,40,12,8,155,155
2024,PROV. JAWA TIMUR,35,KAB. MADIUN,3519,Swasta,27,13,6,5,51,51
2024,PROV. JAWA TIMUR,35,KAB. MADIUN,3519,Negeri dan Swasta,172,129,64,60,425,425
2024,PROV. JAWA TIMUR,35,KAB. MADIUN,3519,Negeri,145,116,58,55,374,374
2024,PROV. JAWA TIMUR,35,KAB. MAGETAN,3520,Negeri dan Swasta,173,157,117,41,488,488
2024,PROV. JAWA TIMUR,35,KAB. MAGETAN,3520,Negeri,114,136,110,39,399,399
2024,PROV. JAWA TIMUR,35,KAB. MAGETAN,3520,Swasta,59,21,7,2,89,89
2024,PROV. JAWA TIMUR,35,KAB. NGAWI,3521,Swasta,49,40,26,2,117,117
2024,PROV. JAWA TIMUR,35,KAB. NGAWI,3521,Negeri,180,179,128,60,547,547
2024,PROV. JAWA TIMUR,35,KAB. NGAWI,3521,Negeri dan Swasta,229,219,154,62,664,664
2024,PROV. JAWA TIMUR,35,KAB. BOJONEGORO,3522,Negeri,184,128,102,119,533,533
2024,PROV. JAWA TIMUR,35,KAB. BOJONEGORO,3522,Negeri dan Swasta,283,161,122,128,694,694
2024,PROV. JAWA TIMUR,35,KAB. BOJONEGORO,3522,Swasta,99,33,20,9,161,161
2024,PROV. JAWA TIMUR,35,KAB. TUBAN,3523,Negeri,197,134,96,107,534,534
2024,PROV. JAWA TIMUR,35,KAB. TUBAN,3523,Swasta,89,34,16,14,153,153
2024,PROV. JAWA TIMUR,35,KAB. TUBAN,3523,Negeri dan Swasta,286,168,112,121,687,687
2024,PROV. JAWA TIMUR,35,KAB. LAMONGAN,3524,Negeri dan Swasta,352,246,193,99,890,890
2024,PROV. JAWA TIMUR,35,KAB. LAMONGAN,3524,Negeri,149,112,139,68,468,468
2024,PROV. JAWA TIMUR,35,KAB. LAMONGAN,3524,Swasta,203,134,54,31,422,422
2024,PROV. JAWA TIMUR,35,KAB. GRESIK,3525,Swasta,283,110,16,17,426,426
2024,PROV. JAWA TIMUR,35,KAB. GRESIK,3525,Negeri,104,110,67,100,381,381
2024,PROV. JAWA TIMUR,35,KAB. GRESIK,3525,Negeri dan Swasta,387,220,83,117,807,807
2024,PROV. JAWA TIMUR,35,KAB. BANGKALAN,3526,Swasta,108,93,42,38,281,281
2024,PROV. JAWA TIMUR,35,KAB. BANGKALAN,3526,Negeri dan Swasta,235,248,156,126,765,765
2024,PROV. JAWA TIMUR,35,KAB. BANGKALAN,3526,Negeri,127,155,114,88,484,484
2024,PROV. JAWA TIMUR,35,KAB. SAMPANG,3527,Negeri,155,148,129,61,493,493
2024,PROV. JAWA TIMUR,35,KAB. SAMPANG,3527,Negeri dan Swasta,281,241,176,88,786,786
2024,PROV. JAWA TIMUR,35,KAB. SAMPANG,3527,Swasta,126,93,47,27,293,293
2024,PROV. JAWA TIMUR,35,KAB. PAMEKASAN,3528,Negeri,139,136,91,80,446,446
2024,PROV. JAWA TIMUR,35,KAB. PAMEKASAN,3528,Negeri dan Swasta,278,237,153,110,778,778
2024,PROV. JAWA TIMUR,35,KAB. PAMEKASAN,3528,Swasta,139,101,62,30,332,332
2024,PROV. JAWA TIMUR,35,KAB. SUMENEP,3529,Swasta,92,69,47,34,242,242
2024,PROV. JAWA TIMUR,35,KAB. SUMENEP,3529,Negeri,112,148,106,94,460,460
2024,PROV. JAWA TIMUR,35,KAB. SUMENEP,3529,Negeri dan Swasta,204,217,153,128,702,702
2024,PROV. JAWA TIMUR,35,KOTA KEDIRI,3571,Negeri,48,47,33,9,137,137
2024,PROV. JAWA TIMUR,35,KOTA KEDIRI,3571,Negeri dan Swasta,128,78,48,14,268,268
2024,PROV. JAWA TIMUR,35,KOTA KEDIRI,3571,Swasta,80,31,15,5,131,131
2024,PROV. JAWA TIMUR,35,KOTA BLITAR,3572,Negeri dan Swasta,71,38,10,4,123,123
2024,PROV. JAWA TIMUR,35,KOTA BLITAR,3572,Swasta,37,14,4,1,56,56
2024,PROV. JAWA TIMUR,35,KOTA BLITAR,3572,Negeri,34,24,6,3,67,67
2024,PROV. JAWA TIMUR,35,KOTA MALANG,3573,Negeri dan Swasta,419,137,38,35,629,629
2024,PROV. JAWA TIMUR,35,KOTA MALANG,3573,Negeri,150,50,24,31,255,255
2024,PROV. JAWA TIMUR,35,KOTA MALANG,3573,Swasta,269,87,14,4,374,374
2024,PROV. JAWA TIMUR,35,KOTA PROBOLINGGO,3574,Negeri dan Swasta,104,44,15,18,181,181
2024,PROV. JAWA TIMUR,35,KOTA PROBOLINGGO,3574,Negeri,58,24,10,15,107,107
2024,PROV. JAWA TIMUR,35,KOTA PROBOLINGGO,3574,Swasta,46,20,5,3,74,74
2024,PROV. JAWA TIMUR,35,KOTA PASURUAN,3575,Swasta,49,17,3,6,75,75
2024,PROV. JAWA TIMUR,35,KOTA PASURUAN,3575,Negeri,33,18,8,9,68,68
2024,PROV. JAWA TIMUR,35,KOTA PASURUAN,3575,Negeri dan Swasta,82,35,11,15,143,143
2024,PROV. JAWA TIMUR,35,KOTA MOJOKERTO,3576,Negeri dan Swasta,72,33,10,12,127,127
2024,PROV. JAWA TIMUR,35,KOTA MOJOKERTO,3576,Swasta,43,13,0,1,57,57
2024,PROV. JAWA TIMUR,35,KOTA MOJOKERTO,3576,Negeri,29,20,10,11,70,70
2024,PROV. JAWA TIMUR,35,KOTA MADIUN,3577,Negeri dan Swasta,119,26,17,9,171,171
2024,PROV. JAWA TIMUR,35,KOTA MADIUN,3577,Negeri,48,13,13,7,81,81
2024,PROV. JAWA TIMUR,35,KOTA MADIUN,3577,Swasta,71,13,4,2,90,90
2024,PROV. JAWA TIMUR,35,KOTA SURABAYA,3578,Negeri dan Swasta,1310,252,49,33,1644,1644
2024,PROV. JAWA TIMUR,35,KOTA SURABAYA,3578,Swasta,988,171,32,16,1207,1207
2024,PROV. JAWA TIMUR,35,KOTA SURABAYA,3578,Negeri,322,81,17,17,437,437
2024,PROV. JAWA TIMUR,35,KOTA BATU,3579,Negeri dan Swasta,81,31,15,13,140,140
2024,PROV. JAWA TIMUR,35,KOTA BATU,3579,Swasta,40,12,4,6,62,62
2024,PROV. JAWA TIMUR,35,KOTA BATU,3579,Negeri,41,19,11,7,78,78
2024,PROV. BANTEN,36,KAB. PANDEGLANG,3601,Negeri,230,192,189,147,758,758
2024,PROV. BANTEN,36,KAB. PANDEGLANG,3601,Negeri dan Swasta,299,253,211,161,924,924
2024,PROV. BANTEN,36,KAB. PANDEGLANG,3601,Swasta,69,61,22,14,166,166
2024,PROV. BANTEN,36,KAB. LEBAK,3602,Swasta,58,33,29,4,124,124
2024,PROV. BANTEN,36,KAB. LEBAK,3602,Negeri dan Swasta,316,173,171,158,818,818
2024,PROV. BANTEN,36,KAB. LEBAK,3602,Negeri,258,140,142,154,694,694
2024,PROV. BANTEN,36,KAB. TANGERANG,3603,Negeri,272,167,71,58,568,568
2024,PROV. BANTEN,36,KAB. TANGERANG,3603,Swasta,609,184,62,41,896,896
2024,PROV. BANTEN,36,KAB. TANGERANG,3603,Negeri dan Swasta,881,351,133,99,1464,1464
2024,PROV. BANTEN,36,KAB. SERANG,3604,Negeri,236,233,140,72,681,681
2024,PROV. BANTEN,36,KAB. SERANG,3604,Negeri dan Swasta,347,298,197,93,935,935
2024,PROV. BANTEN,36,KAB. SERANG,3604,Swasta,111,65,57,21,254,254
2024,PROV. BANTEN,36,KOTA TANGERANG,3671,Swasta,456,90,22,16,584,584
2024,PROV. BANTEN,36,KOTA TANGERANG,3671,Negeri dan Swasta,690,138,36,25,889,889
2024,PROV. BANTEN,36,KOTA TANGERANG,3671,Negeri,234,48,14,9,305,305
2024,PROV. BANTEN,36,KOTA CILEGON,3672,Negeri dan Swasta,195,63,19,9,286,286
2024,PROV. BANTEN,36,KOTA CILEGON,3672,Negeri,92,32,16,5,145,145
2024,PROV. BANTEN,36,KOTA CILEGON,3672,Swasta,103,31,3,4,141,141
2024,PROV. BANTEN,36,KOTA SERANG,3673,Negeri,126,57,65,21,269,269
2024,PROV. BANTEN,36,KOTA SERANG,3673,Negeri dan Swasta,234,99,82,24,439,439
2024,PROV. BANTEN,36,KOTA SERANG,3673,Swasta,108,42,17,3,170,170
2024,PROV. BANTEN,36,KOTA TANGERANG SELATAN,3674,Negeri,102,53,18,15,188,188
2024,PROV. BANTEN,36,KOTA TANGERANG SELATAN,3674,Negeri dan Swasta,567,163,49,32,811,811
2024,PROV. BANTEN,36,KOTA TANGERANG SELATAN,3674,Swasta,465,110,31,17,623,623
2024,PROV. BALI,51,KAB. JEMBRANA,5101,Negeri,84,64,26,21,195,195
2024,PROV. BALI,51,KAB. JEMBRANA,5101,Swasta,13,4,0,0,17,17
2024,PROV. BALI,51,KAB. JEMBRANA,5101,Negeri dan Swasta,97,68,26,21,212,212
2024,PROV. BALI,51,KAB. TABANAN,5102,Swasta,29,4,3,0,36,36
2024,PROV. BALI,51,KAB. TABANAN,5102,Negeri dan Swasta,147,93,48,16,304,304
2024,PROV. BALI,51,KAB. TABANAN,5102,Negeri,118,89,45,16,268,268
2024,PROV. BALI,51,KAB. BADUNG,5103,Negeri,201,55,17,30,303,303
2024,PROV. BALI,51,KAB. BADUNG,5103,Swasta,163,13,2,0,178,178
2024,PROV. BALI,51,KAB. BADUNG,5103,Negeri dan Swasta,364,68,19,30,481,481
2024,PROV. BALI,51,KAB. GIANYAR,5104,Swasta,44,12,1,0,57,57
2024,PROV. BALI,51,KAB. GIANYAR,5104,Negeri,125,122,47,24,318,318
2024,PROV. BALI,51,KAB. GIANYAR,5104,Negeri dan Swasta,169,134,48,24,375,375
2024,PROV. BALI,51,KAB. KLUNGKUNG,5105,Negeri,84,53,19,19,175,175
2024,PROV. BALI,51,KAB. KLUNGKUNG,5105,Negeri dan Swasta,93,54,19,19,185,185
2024,PROV. BALI,51,KAB. KLUNGKUNG,5105,Swasta,9,1,0,0,10,10
2024,PROV. BALI,51,KAB. BANGLI,5106,Negeri dan Swasta,88,46,75,3,212,212
2024,PROV. BALI,51,KAB. BANGLI,5106,Negeri,82,45,75,3,205,205
2024,PROV. BALI,51,KAB. BANGLI,5106,Swasta,6,1,0,0,7,7
2024,PROV. BALI,51,KAB. KARANGASEM,5107,Negeri dan Swasta,200,154,51,15,420,420
2024,PROV. BALI,51,KAB. KARANGASEM,5107,Negeri,183,150,49,14,396,396
2024,PROV. BALI,51,KAB. KARANGASEM,5107,Swasta,17,4,2,1,24,24
2024,PROV. BALI,51,KAB. BULELENG,5108,Swasta,47,7,5,0,59,59
2024,PROV. BALI,51,KAB. BULELENG,5108,Negeri,218,199,65,20,502,502
2024,PROV. BALI,51,KAB. BULELENG,5108,Negeri dan Swasta,265,206,70,20,561,561
2024,PROV. BALI,51,KOTA DENPASAR,5171,Negeri,146,30,17,15,208,208
2024,PROV. BALI,51,KOTA DENPASAR,5171,Negeri dan Swasta,360,68,22,17,467,467
2024,PROV. BALI,51,KOTA DENPASAR,5171,Swasta,214,38,5,2,259,259
2024,PROV. NUSA TENGGARA BARAT,52,KAB. LOMBOK BARAT,5201,Negeri,117,109,167,37,430,430
2024,PROV. NUSA TENGGARA BARAT,52,KAB. LOMBOK BARAT,5201,Negeri dan Swasta,160,128,182,40,510,510
2024,PROV. NUSA TENGGARA BARAT,52,KAB. LOMBOK BARAT,5201,Swasta,43,19,15,3,80,80
2024,PROV. NUSA TENGGARA BARAT,52,KAB. LOMBOK TENGAH,5202,Negeri dan Swasta,194,209,399,53,855,855
2024,PROV. NUSA TENGGARA BARAT,52,KAB. LOMBOK TENGAH,5202,Swasta,63,29,46,9,147,147
2024,PROV. NUSA TENGGARA BARAT,52,KAB. LOMBOK TENGAH,5202,Negeri,131,180,353,44,708,708
2024,PROV. NUSA TENGGARA BARAT,52,KAB. LOMBOK TIMUR,5203,Swasta,120,60,44,25,249,249
2024,PROV. NUSA TENGGARA BARAT,52,KAB. LOMBOK TIMUR,5203,Negeri dan Swasta,337,302,177,60,876,876
2024,PROV. NUSA TENGGARA BARAT,52,KAB. LOMBOK TIMUR,5203,Negeri,217,242,133,35,627,627
2024,PROV. NUSA TENGGARA BARAT,52,KAB. SUMBAWA,5204,Swasta,26,13,6,7,52,52
2024,PROV. NUSA TENGGARA BARAT,52,KAB. SUMBAWA,5204,Negeri dan Swasta,155,124,111,69,459,459
2024,PROV. NUSA TENGGARA BARAT,52,KAB. SUMBAWA,5204,Negeri,129,111,105,62,407,407
2024,PROV. NUSA TENGGARA BARAT,52,KAB. DOMPU,5205,Swasta,11,12,11,6,40,40
2024,PROV. NUSA TENGGARA BARAT,52,KAB. DOMPU,5205,Negeri,52,104,79,36,271,271
2024,PROV. NUSA TENGGARA BARAT,52,KAB. DOMPU,5205,Negeri dan Swasta,63,116,90,42,311,311
2024,PROV. NUSA TENGGARA BARAT,52,KAB. BIMA,5206,Negeri,113,156,159,43,471,471
2024,PROV. NUSA TENGGARA BARAT,52,KAB. BIMA,5206,Swasta,19,16,18,3,56,56
2024,PROV. NUSA TENGGARA BARAT,52,KAB. BIMA,5206,Negeri dan Swasta,132,172,177,46,527,527
2024,PROV. NUSA TENGGARA BARAT,52,KAB. SUMBAWA BARAT,5207,Negeri dan Swasta,64,57,30,7,158,158
2024,PROV. NUSA TENGGARA BARAT,52,KAB. SUMBAWA BARAT,5207,Swasta,13,4,1,0,18,18
2024,PROV. NUSA TENGGARA BARAT,52,KAB. SUMBAWA BARAT,5207,Negeri,51,53,29,7,140,140
2024,PROV. NUSA TENGGARA BARAT,52,KAB. LOMBOK UTARA,5208,Negeri,76,24,15,28,143,143
2024,PROV. NUSA TENGGARA BARAT,52,KAB. LOMBOK UTARA,5208,Swasta,8,3,4,5,20,20
2024,PROV. NUSA TENGGARA BARAT,52,KAB. LOMBOK UTARA,5208,Negeri dan Swasta,84,27,19,33,163,163
2024,PROV. NUSA TENGGARA BARAT,52,KOTA MATARAM,5271,Negeri,91,77,33,9,210,210
2024,PROV. NUSA TENGGARA BARAT,52,KOTA MATARAM,5271,Negeri dan Swasta,171,106,37,14,328,328
2024,PROV. NUSA TENGGARA BARAT,52,KOTA MATARAM,5271,Swasta,80,29,4,5,118,118
2024,PROV. NUSA TENGGARA BARAT,52,KOTA BIMA,5272,Negeri,31,40,34,8,113,113
2024,PROV. NUSA TENGGARA BARAT,52,KOTA BIMA,5272,Negeri dan Swasta,42,50,46,9,147,147
2024,PROV. NUSA TENGGARA BARAT,52,KOTA BIMA,5272,Swasta,11,10,12,1,34,34
2024,PROV. NUSA TENGGARA TIMUR,53,KAB. KUPANG,5301,Negeri dan Swasta,196,157,121,106,580,580
2024,PROV. NUSA TENGGARA TIMUR,53,KAB. KUPANG,5301,Swasta,47,30,21,29,127,127
2024,PROV. NUSA TENGGARA TIMUR,53,KAB. KUPANG,5301,Negeri,149,127,100,77,453,453
2024,PROV. NUSA TENGGARA TIMUR,53,KAB. TIMOR TENGAH SELATAN,5302,Negeri dan Swasta,200,179,113,97,589,589
2024,PROV. NUSA TENGGARA TIMUR,53,KAB. TIMOR TENGAH SELATAN,5302,Negeri,145,133,91,76,445,445
2024,PROV. NUSA TENGGARA TIMUR,53,KAB. TIMOR TENGAH SELATAN,5302,Swasta,55,46,22,21,144,144
2024,PROV. NUSA TENGGARA TIMUR,53,KAB. TIMOR TENGAH UTARA,5303,Negeri,105,77,74,55,311,311
2024,PROV. NUSA TENGGARA TIMUR,53,KAB. TIMOR TENGAH UTARA,5303,Negeri dan Swasta,157,120,105,82,464,464
2024,PROV. NUSA TENGGARA TIMUR,53,KAB. TIMOR TENGAH UTARA,5303,Swasta,52,43,31,27,153,153
2024,PROV. NUSA TENGGARA TIMUR,53,KAB. BELU,5304,Negeri,72,50,24,20,166,166
2024,PROV. NUSA TENGGARA TIMUR,53,KAB. BELU,5304,Swasta,41,25,7,16,89,89
2024,PROV. NUSA TENGGARA TIMUR,53,KAB. BELU,5304,Negeri dan Swasta,113,75,31,36,255,255
2024,PROV. NUSA TENGGARA TIMUR,53,KAB. ALOR,5305,Negeri dan Swasta,146,104,170,54,474,474
2024,PROV. NUSA TENGGARA TIMUR,53,KAB. ALOR,5305,Negeri,115,79,125,41,360,360
2024,PROV. NUSA TENGGARA TIMUR,53,KAB. ALOR,5305,Swasta,31,25,45,13,114,114
2024,PROV. NUSA TENGGARA TIMUR,53,KAB. FLORES TIMUR,5306,Swasta,69,40,43,20,172,172
2024,PROV. NUSA TENGGARA TIMUR,53,KAB. FLORES TIMUR,5306,Negeri,49,55,33,23,160,160
2024,PROV. NUSA TENGGARA TIMUR,53,KAB. FLORES TIMUR,5306,Negeri dan Swasta,118,95,76,43,332,332
2024,PROV. NUSA TENGGARA TIMUR,53,KAB. SIKKA,5307,Negeri dan Swasta,159,107,89,71,426,426
2024,PROV. NUSA TENGGARA TIMUR,53,KAB. SIKKA,5307,Negeri,88,61,43,50,242,242
2024,PROV. NUSA TENGGARA TIMUR,53,KAB. SIKKA,5307,Swasta,71,46,46,21,184,184
2024,PROV. NUSA TENGGARA TIMUR,53,KAB. ENDE,5308,Negeri,81,75,60,45,261,261
2024,PROV. NUSA TENGGARA TIMUR,53,KAB. ENDE,5308,Swasta,76,61,33,31,201,201
2024,PROV. NUSA TENGGARA TIMUR,53,KAB. ENDE,5308,Negeri dan Swasta,157,136,93,76,462,462
2024,PROV. NUSA TENGGARA TIMUR,53,KAB. NGADA,5309,Negeri,76,49,40,35,200,200
2024,PROV. NUSA TENGGARA TIMUR,53,KAB. NGADA,5309,Swasta,25,24,18,19,86,86
2024,PROV. NUSA TENGGARA TIMUR,53,KAB. NGADA,5309,Negeri dan Swasta,101,73,58,54,286,286
2024,PROV. NUSA TENGGARA TIMUR,53,KAB. MANGGARAI,5310,Negeri dan Swasta,178,110,54,67,409,409
2024,PROV. NUSA TENGGARA TIMUR,53,KAB. MANGGARAI,5310,Swasta,59,48,16,21,144,144
2024,PROV. NUSA TENGGARA TIMUR,53,KAB. MANGGARAI,5310,Negeri,119,62,38,46,265,265
2024,PROV. NUSA TENGGARA TIMUR,53,KAB. SUMBA TIMUR,5311,Negeri,93,87,46,28,254,254
2024,PROV. NUSA TENGGARA TIMUR,53,KAB. SUMBA TIMUR,5311,Swasta,21,29,14,8,72,72
2024,PROV. NUSA TENGGARA TIMUR,53,KAB. SUMBA TIMUR,5311,Negeri dan Swasta,114,116,60,36,326,326
2024,PROV. NUSA TENGGARA TIMUR,53,KAB. SUMBA BARAT,5312,Swasta,14,17,12,2,45,45
2024,PROV. NUSA TENGGARA TIMUR,53,KAB. SUMBA BARAT,5312,Negeri dan Swasta,55,64,35,8,162,162
2024,PROV. NUSA TENGGARA TIMUR,53,KAB. SUMBA BARAT,5312,Negeri,41,47,23,6,117,117
2024,PROV. NUSA TENGGARA TIMUR,53,KAB. LEMBATA,5313,Negeri dan Swasta,66,52,49,81,248,248
2024,PROV. NUSA TENGGARA TIMUR,53,KAB. LEMBATA,5313,Swasta,22,14,13,38,87,87
2024,PROV. NUSA TENGGARA TIMUR,53,KAB. LEMBATA,5313,Negeri,44,38,36,43,161,161
2024,PROV. NUSA TENGGARA TIMUR,53,KAB. ROTE NDAO,5314,Swasta,10,6,9,3,28,28
2024,PROV. NUSA TENGGARA TIMUR,53,KAB. ROTE NDAO,5314,Negeri dan Swasta,106,39,40,23,208,208
2024,PROV. NUSA TENGGARA TIMUR,53,KAB. ROTE NDAO,5314,Negeri,96,33,31,20,180,180
2024,PROV. NUSA TENGGARA TIMUR,53,KAB. MANGGARAI BARAT,5315,Negeri dan Swasta,152,117,47,73,389,389
2024,PROV. NUSA TENGGARA TIMUR,53,KAB. MANGGARAI BARAT,5315,Negeri,112,84,30,46,272,272
2024,PROV. NUSA TENGGARA TIMUR,53,KAB. MANGGARAI BARAT,5315,Swasta,40,33,17,27,117,117
2024,PROV. NUSA TENGGARA TIMUR,53,KAB. NAGEKEO,5316,Swasta,36,30,20,21,107,107
2024,PROV. NUSA TENGGARA TIMUR,53,KAB. NAGEKEO,5316,Negeri dan Swasta,120,74,47,49,290,290
2024,PROV. NUSA TENGGARA TIMUR,53,KAB. NAGEKEO,5316,Negeri,84,44,27,28,183,183
2024,PROV. NUSA TENGGARA TIMUR,53,KAB. SUMBA TENGAH,5317,Swasta,7,12,11,12,42,42
2024,PROV. NUSA TENGGARA TIMUR,53,KAB. SUMBA TENGAH,5317,Negeri,25,32,23,18,98,98
2024,PROV. NUSA TENGGARA TIMUR,53,KAB. SUMBA TENGAH,5317,Negeri dan Swasta,32,44,34,30,140,140
2024,PROV. NUSA TENGGARA TIMUR,53,KAB. SUMBA BARAT DAYA,5318,Swasta,48,50,45,34,177,177
2024,PROV. NUSA TENGGARA TIMUR,53,KAB. SUMBA BARAT DAYA,5318,Negeri,74,53,55,34,216,216
2024,PROV. NUSA TENGGARA TIMUR,53,KAB. SUMBA BARAT DAYA,5318,Negeri dan Swasta,122,103,100,68,393,393
2024,PROV. NUSA TENGGARA TIMUR,53,KAB. MANGGARAI TIMUR,5319,Swasta,50,35,29,20,134,134
2024,PROV. NUSA TENGGARA TIMUR,53,KAB. MANGGARAI TIMUR,5319,Negeri dan Swasta,196,138,120,73,527,527
2024,PROV. NUSA TENGGARA TIMUR,53,KAB. MANGGARAI TIMUR,5319,Negeri,146,103,91,53,393,393
2024,PROV. NUSA TENGGARA TIMUR,53,KAB. SABU RAIJUA,5320,Negeri dan Swasta,55,45,28,11,139,139
2024,PROV. NUSA TENGGARA TIMUR,53,KAB. SABU RAIJUA,5320,Swasta,10,14,10,4,38,38
2024,PROV. NUSA TENGGARA TIMUR,53,KAB. SABU RAIJUA,5320,Negeri,45,31,18,7,101,101
2024,PROV. NUSA TENGGARA TIMUR,53,KAB. MALAKA,5321,Negeri dan Swasta,80,78,44,24,226,226
2024,PROV. NUSA TENGGARA TIMUR,53,KAB. MALAKA,5321,Negeri,53,55,27,11,146,146
2024,PROV. NUSA TENGGARA TIMUR,53,KAB. MALAKA,5321,Swasta,27,23,17,13,80,80
2024,PROV. NUSA TENGGARA TIMUR,53,KOTA KUPANG,5371,Swasta,100,27,19,19,165,165
2024,PROV. NUSA TENGGARA TIMUR,53,KOTA KUPANG,5371,Negeri,53,26,25,37,141,141
2024,PROV. NUSA TENGGARA TIMUR,53,KOTA KUPANG,5371,Negeri dan Swasta,153,53,44,56,306,306
2024,PROV. KALIMANTAN BARAT,61,KAB. SAMBAS,6101,Negeri dan Swasta,231,111,131,95,568,568
2024,PROV. KALIMANTAN BARAT,61,KAB. SAMBAS,6101,Negeri,201,98,122,92,513,513
2024,PROV. KALIMANTAN BARAT,61,KAB. SAMBAS,6101,Swasta,30,13,9,3,55,55
2024,PROV. KALIMANTAN BARAT,61,KAB. MEMPAWAH,6102,Negeri,81,47,77,16,221,221
2024,PROV. KALIMANTAN BARAT,61,KAB. MEMPAWAH,6102,Swasta,14,10,9,3,36,36
2024,PROV. KALIMANTAN BARAT,61,KAB. MEMPAWAH,6102,Negeri dan Swasta,95,57,86,19,257,257
2024,PROV. KALIMANTAN BARAT,61,KAB. SANGGAU,6103,Negeri,158,185,164,21,528,528
2024,PROV. KALIMANTAN BARAT,61,KAB. SANGGAU,6103,Negeri dan Swasta,192,196,171,22,581,581
2024,PROV. KALIMANTAN BARAT,61,KAB. SANGGAU,6103,Swasta,34,11,7,1,53,53
2024,PROV. KALIMANTAN BARAT,61,KAB. KETAPANG,6104,Negeri dan Swasta,227,187,121,59,594,594
2024,PROV. KALIMANTAN BARAT,61,KAB. KETAPANG,6104,Negeri,170,168,106,53,497,497
2024,PROV. KALIMANTAN BARAT,61,KAB. KETAPANG,6104,Swasta,57,19,15,6,97,97
2024,PROV. KALIMANTAN BARAT,61,KAB. SINTANG,6105,Negeri,117,159,111,49,436,436
2024,PROV. KALIMANTAN BARAT,61,KAB. SINTANG,6105,Swasta,22,12,5,2,41,41
2024,PROV. KALIMANTAN BARAT,61,KAB. SINTANG,6105,Negeri dan Swasta,139,171,116,51,477,477
2024,PROV. KALIMANTAN BARAT,61,KAB. KAPUAS HULU,6106,Swasta,15,4,2,0,21,21
2024,PROV. KALIMANTAN BARAT,61,KAB. KAPUAS HULU,6106,Negeri,139,135,97,58,429,429
2024,PROV. KALIMANTAN BARAT,61,KAB. KAPUAS HULU,6106,Negeri dan Swasta,154,139,99,58,450,450
2024,PROV. KALIMANTAN BARAT,61,KAB. BENGKAYANG,6107,Negeri,101,92,62,66,321,321
2024,PROV. KALIMANTAN BARAT,61,KAB. BENGKAYANG,6107,Negeri dan Swasta,117,99,68,71,355,355
2024,PROV. KALIMANTAN BARAT,61,KAB. BENGKAYANG,6107,Swasta,16,7,6,5,34,34
2024,PROV. KALIMANTAN BARAT,61,KAB. LANDAK,6108,Swasta,27,17,12,6,62,62
2024,PROV. KALIMANTAN BARAT,61,KAB. LANDAK,6108,Negeri,108,82,128,60,378,378
2024,PROV. KALIMANTAN BARAT,61,KAB. LANDAK,6108,Negeri dan Swasta,135,99,140,66,440,440
2024,PROV. KALIMANTAN BARAT,61,KAB. SEKADAU,6109,Negeri,99,74,68,72,313,313
2024,PROV. KALIMANTAN BARAT,61,KAB. SEKADAU,6109,Swasta,11,2,1,1,15,15
2024,PROV. KALIMANTAN BARAT,61,KAB. SEKADAU,6109,Negeri dan Swasta,110,76,69,73,328,328
2024,PROV. KALIMANTAN BARAT,61,KAB. MELAWI,6110,Swasta,13,11,4,3,31,31
2024,PROV. KALIMANTAN BARAT,61,KAB. MELAWI,6110,Negeri dan Swasta,84,93,69,74,320,320
2024,PROV. KALIMANTAN BARAT,61,KAB. MELAWI,6110,Negeri,71,82,65,71,289,289
2024,PROV. KALIMANTAN BARAT,61,KAB. KAYONG UTARA,6111,Negeri,78,37,31,11,157,157
2024,PROV. KALIMANTAN BARAT,61,KAB. KAYONG UTARA,6111,Negeri dan Swasta,79,40,33,12,164,164
2024,PROV. KALIMANTAN BARAT,61,KAB. KAYONG UTARA,6111,Swasta,1,3,2,1,7,7
2024,PROV. KALIMANTAN BARAT,61,KAB. KUBU RAYA,6112,Swasta,87,27,19,16,149,149
2024,PROV. KALIMANTAN BARAT,61,KAB. KUBU RAYA,6112,Negeri dan Swasta,280,143,81,99,603,603
2024,PROV. KALIMANTAN BARAT,61,KAB. KUBU RAYA,6112,Negeri,193,116,62,83,454,454
2024,PROV. KALIMANTAN BARAT,61,KOTA PONTIANAK,6171,Swasta,135,28,17,16,196,196
2024,PROV. KALIMANTAN BARAT,61,KOTA PONTIANAK,6171,Negeri,89,32,19,40,180,180
2024,PROV. KALIMANTAN BARAT,61,KOTA PONTIANAK,6171,Negeri dan Swasta,224,60,36,56,376,376
2024,PROV. KALIMANTAN BARAT,61,KOTA SINGKAWANG,6172,Negeri dan Swasta,95,45,26,20,186,186
2024,PROV. KALIMANTAN BARAT,61,KOTA SINGKAWANG,6172,Negeri,46,32,26,19,123,123
2024,PROV. KALIMANTAN BARAT,61,KOTA SINGKAWANG,6172,Swasta,49,13,0,1,63,63
2024,PROV. KALIMANTAN TENGAH,62,KAB. KOTAWARINGIN BARAT,6201,Negeri dan Swasta,143,50,64,22,279,279
2024,PROV. KALIMANTAN TENGAH,62,KAB. KOTAWARINGIN BARAT,6201,Negeri,97,42,60,21,220,220
2024,PROV. KALIMANTAN TENGAH,62,KAB. KOTAWARINGIN BARAT,6201,Swasta,46,8,4,1,59,59
2024,PROV. KALIMANTAN TENGAH,62,KAB. KOTAWARINGIN TIMUR,6202,Negeri dan Swasta,217,95,37,32,381,381
2024,PROV. KALIMANTAN TENGAH,62,KAB. KOTAWARINGIN TIMUR,6202,Negeri,130,72,29,31,262,262
2024,PROV. KALIMANTAN TENGAH,62,KAB. KOTAWARINGIN TIMUR,6202,Swasta,87,23,8,1,119,119
2024,PROV. KALIMANTAN TENGAH,62,KAB. KAPUAS,6203,Swasta,18,13,6,2,39,39
2024,PROV. KALIMANTAN TENGAH,62,KAB. KAPUAS,6203,Negeri,119,99,65,86,369,369
2024,PROV. KALIMANTAN TENGAH,62,KAB. KAPUAS,6203,Negeri dan Swasta,137,112,71,88,408,408
2024,PROV. KALIMANTAN TENGAH,62,KAB. BARITO SELATAN,6204,Negeri,65,44,42,19,170,170
2024,PROV. KALIMANTAN TENGAH,62,KAB. BARITO SELATAN,6204,Negeri dan Swasta,76,50,42,20,188,188
2024,PROV. KALIMANTAN TENGAH,62,KAB. BARITO SELATAN,6204,Swasta,11,6,0,1,18,18
2024,PROV. KALIMANTAN TENGAH,62,KAB. BARITO UTARA,6205,Negeri dan Swasta,77,71,59,31,238,238
2024,PROV. KALIMANTAN TENGAH,62,KAB. BARITO UTARA,6205,Swasta,4,3,1,1,9,9
2024,PROV. KALIMANTAN TENGAH,62,KAB. BARITO UTARA,6205,Negeri,73,68,58,30,229,229
2024,PROV. KALIMANTAN TENGAH,62,KAB. KATINGAN,6206,Negeri,93,69,52,34,248,248
2024,PROV. KALIMANTAN TENGAH,62,KAB. KATINGAN,6206,Swasta,14,3,5,3,25,25
2024,PROV. KALIMANTAN TENGAH,62,KAB. KATINGAN,6206,Negeri dan Swasta,107,72,57,37,273,273
2024,PROV. KALIMANTAN TENGAH,62,KAB. SERUYAN,6207,Swasta,55,7,1,1,64,64
2024,PROV. KALIMANTAN TENGAH,62,KAB. SERUYAN,6207,Negeri dan Swasta,131,54,36,22,243,243
2024,PROV. KALIMANTAN TENGAH,62,KAB. SERUYAN,6207,Negeri,76,47,35,21,179,179
2024,PROV. KALIMANTAN TENGAH,62,KAB. SUKAMARA,6208,Negeri dan Swasta,24,23,20,9,76,76
2024,PROV. KALIMANTAN TENGAH,62,KAB. SUKAMARA,6208,Negeri,21,22,20,9,72,72
2024,PROV. KALIMANTAN TENGAH,62,KAB. SUKAMARA,6208,Swasta,3,1,0,0,4,4
2024,PROV. KALIMANTAN TENGAH,62,KAB. LAMANDAU,6209,Swasta,7,0,1,0,8,8
2024,PROV. KALIMANTAN TENGAH,62,KAB. LAMANDAU,6209,Negeri,46,60,46,37,189,189
2024,PROV. KALIMANTAN TENGAH,62,KAB. LAMANDAU,6209,Negeri dan Swasta,53,60,47,37,197,197
2024,PROV. KALIMANTAN TENGAH,62,KAB. GUNUNG MAS,6210,Swasta,5,1,0,1,7,7
2024,PROV. KALIMANTAN TENGAH,62,KAB. GUNUNG MAS,6210,Negeri,85,69,29,22,205,205
2024,PROV. KALIMANTAN TENGAH,62,KAB. GUNUNG MAS,6210,Negeri dan Swasta,90,70,29,23,212,212
2024,PROV. KALIMANTAN TENGAH,62,KAB. PULANG PISAU,6211,Negeri,88,56,65,16,225,225
2024,PROV. KALIMANTAN TENGAH,62,KAB. PULANG PISAU,6211,Negeri dan Swasta,94,61,66,18,239,239
2024,PROV. KALIMANTAN TENGAH,62,KAB. PULANG PISAU,6211,Swasta,6,5,1,2,14,14
2024,PROV. KALIMANTAN TENGAH,62,KAB. MURUNG RAYA,6212,Negeri,50,34,30,12,126,126
2024,PROV. KALIMANTAN TENGAH,62,KAB. MURUNG RAYA,6212,Negeri dan Swasta,56,36,30,12,134,134
2024,PROV. KALIMANTAN TENGAH,62,KAB. MURUNG RAYA,6212,Swasta,6,2,0,0,8,8
2024,PROV. KALIMANTAN TENGAH,62,KAB. BARITO TIMUR,6213,Negeri,60,45,28,33,166,166
2024,PROV. KALIMANTAN TENGAH,62,KAB. BARITO TIMUR,6213,Swasta,7,0,0,0,7,7
2024,PROV. KALIMANTAN TENGAH,62,KAB. BARITO TIMUR,6213,Negeri dan Swasta,67,45,28,33,173,173
2024,PROV. KALIMANTAN TENGAH,62,KOTA PALANGKA RAYA,6271,Swasta,61,12,8,3,84,84
2024,PROV. KALIMANTAN TENGAH,62,KOTA PALANGKA RAYA,6271,Negeri,48,38,34,16,136,136
2024,PROV. KALIMANTAN TENGAH,62,KOTA PALANGKA RAYA,6271,Negeri dan Swasta,109,50,42,19,220,220
2024,PROV. KALIMANTAN SELATAN,63,KAB. TANAH LAUT,6301,Negeri,84,112,46,5,247,247
2024,PROV. KALIMANTAN SELATAN,63,KAB. TANAH LAUT,6301,Swasta,16,8,0,1,25,25
2024,PROV. KALIMANTAN SELATAN,63,KAB. TANAH LAUT,6301,Negeri dan Swasta,100,120,46,6,272,272
2024,PROV. KALIMANTAN SELATAN,63,KAB. KOTABARU,6302,Swasta,24,11,5,3,43,43
2024,PROV. KALIMANTAN SELATAN,63,KAB. KOTABARU,6302,Negeri,103,53,29,31,216,216
2024,PROV. KALIMANTAN SELATAN,63,KAB. KOTABARU,6302,Negeri dan Swasta,127,64,34,34,259,259
2024,PROV. KALIMANTAN SELATAN,63,KAB. BANJAR,6303,Negeri,127,118,99,15,359,359
2024,PROV. KALIMANTAN SELATAN,63,KAB. BANJAR,6303,Swasta,30,6,3,1,40,40
2024,PROV. KALIMANTAN SELATAN,63,KAB. BANJAR,6303,Negeri dan Swasta,157,124,102,16,399,399
2024,PROV. KALIMANTAN SELATAN,63,KAB. BARITO KUALA,6304,Negeri,90,60,165,44,359,359
2024,PROV. KALIMANTAN SELATAN,63,KAB. BARITO KUALA,6304,Swasta,10,0,1,0,11,11
2024,PROV. KALIMANTAN SELATAN,63,KAB. BARITO KUALA,6304,Negeri dan Swasta,100,60,166,44,370,370
2024,PROV. KALIMANTAN SELATAN,63,KAB. TAPIN,6305,Negeri dan Swasta,78,84,38,15,215,215
2024,PROV. KALIMANTAN SELATAN,63,KAB. TAPIN,6305,Swasta,8,5,1,0,14,14
2024,PROV. KALIMANTAN SELATAN,63,KAB. TAPIN,6305,Negeri,70,79,37,15,201,201
2024,PROV. KALIMANTAN SELATAN,63,KAB. HULU SUNGAI SELATAN,6306,Negeri dan Swasta,132,61,44,32,269,269
2024,PROV. KALIMANTAN SELATAN,63,KAB. HULU SUNGAI SELATAN,6306,Swasta,11,0,2,1,14,14
2024,PROV. KALIMANTAN SELATAN,63,KAB. HULU SUNGAI SELATAN,6306,Negeri,121,61,42,31,255,255
2024,PROV. KALIMANTAN SELATAN,63,KAB. HULU SUNGAI TENGAH,6307,Negeri dan Swasta,91,66,102,32,291,291
2024,PROV. KALIMANTAN SELATAN,63,KAB. HULU SUNGAI TENGAH,6307,Negeri,75,62,98,31,266,266
2024,PROV. KALIMANTAN SELATAN,63,KAB. HULU SUNGAI TENGAH,6307,Swasta,16,4,4,1,25,25
2024,PROV. KALIMANTAN SELATAN,63,KAB. HULU SUNGAI UTARA,6308,Negeri,75,66,42,37,220,220
2024,PROV. KALIMANTAN SELATAN,63,KAB. HULU SUNGAI UTARA,6308,Swasta,11,4,4,1,20,20
2024,PROV. KALIMANTAN SELATAN,63,KAB. HULU SUNGAI UTARA,6308,Negeri dan Swasta,86,70,46,38,240,240
2024,PROV. KALIMANTAN SELATAN,63,KAB. TABALONG,6309,Negeri dan Swasta,147,54,48,20,269,269
2024,PROV. KALIMANTAN SELATAN,63,KAB. TABALONG,6309,Negeri,134,51,47,19,251,251
2024,PROV. KALIMANTAN SELATAN,63,KAB. TABALONG,6309,Swasta,13,3,1,1,18,18
2024,PROV. KALIMANTAN SELATAN,63,KAB. TANAH BUMBU,6310,Negeri dan Swasta,137,60,39,17,253,253
2024,PROV. KALIMANTAN SELATAN,63,KAB. TANAH BUMBU,6310,Negeri,112,55,35,16,218,218
2024,PROV. KALIMANTAN SELATAN,63,KAB. TANAH BUMBU,6310,Swasta,25,5,4,1,35,35
2024,PROV. KALIMANTAN SELATAN,63,KAB. BALANGAN,6311,Negeri dan Swasta,71,48,54,48,221,221
2024,PROV. KALIMANTAN SELATAN,63,KAB. BALANGAN,6311,Swasta,3,1,1,1,6,6
2024,PROV. KALIMANTAN SELATAN,63,KAB. BALANGAN,6311,Negeri,68,47,53,47,215,215
2024,PROV. KALIMANTAN SELATAN,63,KOTA BANJARMASIN,6371,Swasta,116,39,9,6,170,170
2024,PROV. KALIMANTAN SELATAN,63,KOTA BANJARMASIN,6371,Negeri dan Swasta,226,97,39,65,427,427
2024,PROV. KALIMANTAN SELATAN,63,KOTA BANJARMASIN,6371,Negeri,110,58,30,59,257,257
2024,PROV. KALIMANTAN SELATAN,63,KOTA BANJARBARU,6372,Negeri dan Swasta,121,37,26,9,193,193
2024,PROV. KALIMANTAN SELATAN,63,KOTA BANJARBARU,6372,Swasta,74,9,3,3,89,89
2024,PROV. KALIMANTAN SELATAN,63,KOTA BANJARBARU,6372,Negeri,47,28,23,6,104,104
2024,PROV. KALIMANTAN TIMUR,64,KAB. PASER,6401,Negeri,96,46,33,28,203,203
2024,PROV. KALIMANTAN TIMUR,64,KAB. PASER,6401,Negeri dan Swasta,115,51,33,31,230,230
2024,PROV. KALIMANTAN TIMUR,64,KAB. PASER,6401,Swasta,19,5,0,3,27,27
2024,PROV. KALIMANTAN TIMUR,64,KAB. KUTAI KARTANEGARA,6402,Swasta,75,28,15,13,131,131
2024,PROV. KALIMANTAN TIMUR,64,KAB. KUTAI KARTANEGARA,6402,Negeri dan Swasta,297,127,98,95,617,617
2024,PROV. KALIMANTAN TIMUR,64,KAB. KUTAI KARTANEGARA,6402,Negeri,222,99,83,82,486,486
2024,PROV. KALIMANTAN TIMUR,64,KAB. BERAU,6403,Swasta,26,8,2,0,36,36
2024,PROV. KALIMANTAN TIMUR,64,KAB. BERAU,6403,Negeri,128,37,11,13,189,189
2024,PROV. KALIMANTAN TIMUR,64,KAB. BERAU,6403,Negeri dan Swasta,154,45,13,13,225,225
2024,PROV. KALIMANTAN TIMUR,64,KAB. KUTAI BARAT,6407,Negeri dan Swasta,129,90,38,30,287,287
2024,PROV. KALIMANTAN TIMUR,64,KAB. KUTAI BARAT,6407,Negeri,105,81,36,28,250,250
2024,PROV. KALIMANTAN TIMUR,64,KAB. KUTAI BARAT,6407,Swasta,24,9,2,2,37,37
2024,PROV. KALIMANTAN TIMUR,64,KAB. KUTAI TIMUR,6408,Negeri,139,65,37,41,282,282
2024,PROV. KALIMANTAN TIMUR,64,KAB. KUTAI TIMUR,6408,Negeri dan Swasta,200,81,40,48,369,369
2024,PROV. KALIMANTAN TIMUR,64,KAB. KUTAI TIMUR,6408,Swasta,61,16,3,7,87,87
2024,PROV. KALIMANTAN TIMUR,64,KAB. PENAJAM PASER UTARA,6409,Negeri,66,23,12,8,109,109
2024,PROV. KALIMANTAN TIMUR,64,KAB. PENAJAM PASER UTARA,6409,Negeri dan Swasta,78,33,13,10,134,134
2024,PROV. KALIMANTAN TIMUR,64,KAB. PENAJAM PASER UTARA,6409,Swasta,12,10,1,2,25,25
2024,PROV. KALIMANTAN TIMUR,64,KAB. MAHAKAM ULU,6411,Negeri,23,26,10,6,65,65
2024,PROV. KALIMANTAN TIMUR,64,KAB. MAHAKAM ULU,6411,Swasta,3,2,0,1,6,6
2024,PROV. KALIMANTAN TIMUR,64,KAB. MAHAKAM ULU,6411,Negeri dan Swasta,26,28,10,7,71,71
2024,PROV. KALIMANTAN TIMUR,64,KOTA BALIKPAPAN,6471,Negeri,106,39,29,12,186,186
2024,PROV. KALIMANTAN TIMUR,64,KOTA BALIKPAPAN,6471,Negeri dan Swasta,266,63,42,14,385,385
2024,PROV. KALIMANTAN TIMUR,64,KOTA BALIKPAPAN,6471,Swasta,160,24,13,2,199,199
2024,PROV. KALIMANTAN TIMUR,64,KOTA SAMARINDA,6472,Negeri,105,70,36,43,254,254
2024,PROV. KALIMANTAN TIMUR,64,KOTA SAMARINDA,6472,Negeri dan Swasta,240,101,50,51,442,442
2024,PROV. KALIMANTAN TIMUR,64,KOTA SAMARINDA,6472,Swasta,135,31,14,8,188,188
2024,PROV. KALIMANTAN TIMUR,64,KOTA BONTANG,6474,Negeri dan Swasta,92,25,15,7,139,139
2024,PROV. KALIMANTAN TIMUR,64,KOTA BONTANG,6474,Swasta,59,21,8,5,93,93
2024,PROV. KALIMANTAN TIMUR,64,KOTA BONTANG,6474,Negeri,33,4,7,2,46,46
2024,PROV. KALIMANTAN UTARA,65,KAB. BULUNGAN,6501,Swasta,16,7,4,2,29,29
2024,PROV. KALIMANTAN UTARA,65,KAB. BULUNGAN,6501,Negeri,79,48,22,24,173,173
2024,PROV. KALIMANTAN UTARA,65,KAB. BULUNGAN,6501,Negeri dan Swasta,95,55,26,26,202,202
2024,PROV. KALIMANTAN UTARA,65,KAB. MALINAU,6502,Negeri,52,38,21,22,133,133
2024,PROV. KALIMANTAN UTARA,65,KAB. MALINAU,6502,Swasta,3,4,0,0,7,7
2024,PROV. KALIMANTAN UTARA,65,KAB. MALINAU,6502,Negeri dan Swasta,55,42,21,22,140,140
2024,PROV. KALIMANTAN UTARA,65,KAB. NUNUKAN,6503,Swasta,12,5,4,4,25,25
2024,PROV. KALIMANTAN UTARA,65,KAB. NUNUKAN,6503,Negeri dan Swasta,75,47,31,39,192,192
2024,PROV. KALIMANTAN UTARA,65,KAB. NUNUKAN,6503,Negeri,63,42,27,35,167,167
2024,PROV. KALIMANTAN UTARA,65,KAB. TANA TIDUNG,6504,Negeri,22,11,1,2,36,36
2024,PROV. KALIMANTAN UTARA,65,KAB. TANA TIDUNG,6504,Negeri dan Swasta,24,13,1,2,40,40
2024,PROV. KALIMANTAN UTARA,65,KAB. TANA TIDUNG,6504,Swasta,2,2,0,0,4,4
2024,PROV. KALIMANTAN UTARA,65,KOTA TARAKAN,6571,Swasta,33,12,5,2,52,52
2024,PROV. KALIMANTAN UTARA,65,KOTA TARAKAN,6571,Negeri dan Swasta,89,18,10,11,128,128
2024,PROV. KALIMANTAN UTARA,65,KOTA TARAKAN,6571,Negeri,56,6,5,9,76,76
2024,PROV. SULAWESI UTARA,71,KAB. BOLAANG MONGONDOW,7101,Negeri,105,77,24,21,227,227
2024,PROV. SULAWESI UTARA,71,KAB. BOLAANG MONGONDOW,7101,Negeri dan Swasta,126,88,29,27,270,270
2024,PROV. SULAWESI UTARA,71,KAB. BOLAANG MONGONDOW,7101,Swasta,21,11,5,6,43,43
2024,PROV. SULAWESI UTARA,71,KAB. MINAHASA,7102,Swasta,63,32,25,15,135,135
2024,PROV. SULAWESI UTARA,71,KAB. MINAHASA,7102,Negeri dan Swasta,140,74,69,54,337,337
2024,PROV. SULAWESI UTARA,71,KAB. MINAHASA,7102,Negeri,77,42,44,39,202,202
2024,PROV. SULAWESI UTARA,71,KAB. KEPULAUAN SANGIHE,7103,Negeri dan Swasta,111,69,62,50,292,292
2024,PROV. SULAWESI UTARA,71,KAB. KEPULAUAN SANGIHE,7103,Swasta,34,22,22,16,94,94
2024,PROV. SULAWESI UTARA,71,KAB. KEPULAUAN SANGIHE,7103,Negeri,77,47,40,34,198,198
2024,PROV. SULAWESI UTARA,71,KAB. KEPULAUAN TALAUD,7104,Negeri dan Swasta,63,32,32,69,196,196
2024,PROV. SULAWESI UTARA,71,KAB. KEPULAUAN TALAUD,7104,Negeri,50,25,24,40,139,139
2024,PROV. SULAWESI UTARA,71,KAB. KEPULAUAN TALAUD,7104,Swasta,13,7,8,29,57,57
2024,PROV. SULAWESI UTARA,71,KAB. MINAHASA SELATAN,7105,Swasta,38,18,19,17,92,92
2024,PROV. SULAWESI UTARA,71,KAB. MINAHASA SELATAN,7105,Negeri dan Swasta,95,59,46,49,249,249
2024,PROV. SULAWESI UTARA,71,KAB. MINAHASA SELATAN,7105,Negeri,57,41,27,32,157,157
2024,PROV. SULAWESI UTARA,71,KAB. MINAHASA UTARA,7106,Negeri dan Swasta,85,57,78,55,275,275
2024,PROV. SULAWESI UTARA,71,KAB. MINAHASA UTARA,7106,Swasta,35,30,21,25,111,111
2024,PROV. SULAWESI UTARA,71,KAB. MINAHASA UTARA,7106,Negeri,50,27,57,30,164,164
2024,PROV. SULAWESI UTARA,71,KAB. MINAHASA TENGGARA,7107,Negeri dan Swasta,62,47,23,28,160,160
2024,PROV. SULAWESI UTARA,71,KAB. MINAHASA TENGGARA,7107,Swasta,20,17,7,7,51,51
2024,PROV. SULAWESI UTARA,71,KAB. MINAHASA TENGGARA,7107,Negeri,42,30,16,21,109,109
2024,PROV. SULAWESI UTARA,71,KAB. BOLAANG MONGONDOW UTARA,7108,Swasta,2,0,2,0,4,4
2024,PROV. SULAWESI UTARA,71,KAB. BOLAANG MONGONDOW UTARA,7108,Negeri dan Swasta,53,27,19,20,119,119
2024,PROV. SULAWESI UTARA,71,KAB. BOLAANG MONGONDOW UTARA,7108,Negeri,51,27,17,20,115,115
2024,PROV. SULAWESI UTARA,71,KAB. KEP. SIAU TAGULANDANG BIARO,7109,Negeri,23,13,16,33,85,85
2024,PROV. SULAWESI UTARA,71,KAB. KEP. SIAU TAGULANDANG BIARO,7109,Swasta,13,9,19,15,56,56
2024,PROV. SULAWESI UTARA,71,KAB. KEP. SIAU TAGULANDANG BIARO,7109,Negeri dan Swasta,36,22,35,48,141,141
2024,PROV. SULAWESI UTARA,71,KAB. BOLAANG MONGONDOW TIMUR,7110,Negeri dan Swasta,51,20,16,10,97,97
2024,PROV. SULAWESI UTARA,71,KAB. BOLAANG MONGONDOW TIMUR,7110,Swasta,6,1,2,1,10,10
2024,PROV. SULAWESI UTARA,71,KAB. BOLAANG MONGONDOW TIMUR,7110,Negeri,45,19,14,9,87,87
2024,PROV. SULAWESI UTARA,71,KAB. BOLAANG MONGONDOW SELATAN,7111,Negeri dan Swasta,49,23,19,11,102,102
2024,PROV. SULAWESI UTARA,71,KAB. BOLAANG MONGONDOW SELATAN,7111,Swasta,9,1,1,0,11,11
2024,PROV. SULAWESI UTARA,71,KAB. BOLAANG MONGONDOW SELATAN,7111,Negeri,40,22,18,11,91,91
2024,PROV. SULAWESI UTARA,71,KOTA MANADO,7171,Negeri,53,23,27,20,123,123
2024,PROV. SULAWESI UTARA,71,KOTA MANADO,7171,Negeri dan Swasta,173,86,73,47,379,379
2024,PROV. SULAWESI UTARA,71,KOTA MANADO,7171,Swasta,120,63,46,27,256,256
2024,PROV. SULAWESI UTARA,71,KOTA BITUNG,7172,Swasta,33,18,20,11,82,82
2024,PROV. SULAWESI UTARA,71,KOTA BITUNG,7172,Negeri dan Swasta,65,31,30,22,148,148
2024,PROV. SULAWESI UTARA,71,KOTA BITUNG,7172,Negeri,32,13,10,11,66,66
2024,PROV. SULAWESI UTARA,71,KOTA TOMOHON,7173,Negeri,3,6,13,8,30,30
2024,PROV. SULAWESI UTARA,71,KOTA TOMOHON,7173,Negeri dan Swasta,35,22,47,15,119,119
2024,PROV. SULAWESI UTARA,71,KOTA TOMOHON,7173,Swasta,32,16,34,7,89,89
2024,PROV. SULAWESI UTARA,71,KOTA KOTAMOBAGU,7174,Negeri,45,13,12,18,88,88
2024,PROV. SULAWESI UTARA,71,KOTA KOTAMOBAGU,7174,Swasta,16,3,4,5,28,28
2024,PROV. SULAWESI UTARA,71,KOTA KOTAMOBAGU,7174,Negeri dan Swasta,61,16,16,23,116,116
2024,PROV. SULAWESI TENGAH,72,KAB. BANGGAI,7201,Negeri,143,125,126,89,483,483
2024,PROV. SULAWESI TENGAH,72,KAB. BANGGAI,7201,Swasta,29,17,5,10,61,61
2024,PROV. SULAWESI TENGAH,72,KAB. BANGGAI,7201,Negeri dan Swasta,172,142,131,99,544,544
2024,PROV. SULAWESI TENGAH,72,KAB. POSO,7202,Negeri dan Swasta,124,64,45,48,281,281
2024,PROV. SULAWESI TENGAH,72,KAB. POSO,7202,Negeri,107,55,40,42,244,244
2024,PROV. SULAWESI TENGAH,72,KAB. POSO,7202,Swasta,17,9,5,6,37,37
2024,PROV. SULAWESI TENGAH,72,KAB. DONGGALA,7203,Swasta,18,4,6,4,32,32
2024,PROV. SULAWESI TENGAH,72,KAB. DONGGALA,7203,Negeri dan Swasta,199,149,100,73,521,521
2024,PROV. SULAWESI TENGAH,72,KAB. DONGGALA,7203,Negeri,181,145,94,69,489,489
2024,PROV. SULAWESI TENGAH,72,KAB. TOLITOLI,7204,Negeri dan Swasta,130,59,48,29,266,266
2024,PROV. SULAWESI TENGAH,72,KAB. TOLITOLI,7204,Swasta,14,5,4,2,25,25
2024,PROV. SULAWESI TENGAH,72,KAB. TOLITOLI,7204,Negeri,116,54,44,27,241,241
2024,PROV. SULAWESI TENGAH,72,KAB. BUOL,7205,Swasta,2,2,2,0,6,6
2024,PROV. SULAWESI TENGAH,72,KAB. BUOL,7205,Negeri,66,53,42,44,205,205
2024,PROV. SULAWESI TENGAH,72,KAB. BUOL,7205,Negeri dan Swasta,68,55,44,44,211,211
2024,PROV. SULAWESI TENGAH,72,KAB. MOROWALI,7206,Negeri,80,50,46,20,196,196
2024,PROV. SULAWESI TENGAH,72,KAB. MOROWALI,7206,Swasta,2,5,2,2,11,11
2024,PROV. SULAWESI TENGAH,72,KAB. MOROWALI,7206,Negeri dan Swasta,82,55,48,22,207,207
2024,PROV. SULAWESI TENGAH,72,KAB. BANGGAI KEPULAUAN,7207,Negeri,64,40,47,54,205,205
2024,PROV. SULAWESI TENGAH,72,KAB. BANGGAI KEPULAUAN,7207,Negeri dan Swasta,67,43,53,56,219,219
2024,PROV. SULAWESI TENGAH,72,KAB. BANGGAI KEPULAUAN,7207,Swasta,3,3,6,2,14,14
2024,PROV. SULAWESI TENGAH,72,KAB. PARIGI MOUTONG,7208,Negeri,165,75,97,47,384,384
2024,PROV. SULAWESI TENGAH,72,KAB. PARIGI MOUTONG,7208,Swasta,13,9,10,2,34,34
2024,PROV. SULAWESI TENGAH,72,KAB. PARIGI MOUTONG,7208,Negeri dan Swasta,178,84,107,49,418,418
2024,PROV. SULAWESI TENGAH,72,KAB. TOJO UNA UNA,7209,Swasta,8,0,1,1,10,10
2024,PROV. SULAWESI TENGAH,72,KAB. TOJO UNA UNA,7209,Negeri dan Swasta,108,66,80,20,274,274
2024,PROV. SULAWESI TENGAH,72,KAB. TOJO UNA UNA,7209,Negeri,100,66,79,19,264,264
2024,PROV. SULAWESI TENGAH,72,KAB. SIGI,7210,Negeri,131,51,45,32,259,259
2024,PROV. SULAWESI TENGAH,72,KAB. SIGI,7210,Negeri dan Swasta,159,54,47,35,295,295
2024,PROV. SULAWESI TENGAH,72,KAB. SIGI,7210,Swasta,28,3,2,3,36,36
2024,PROV. SULAWESI TENGAH,72,KAB. BANGGAI LAUT,7211,Swasta,2,0,1,2,5,5
2024,PROV. SULAWESI TENGAH,72,KAB. BANGGAI LAUT,7211,Negeri,21,24,21,40,106,106
2024,PROV. SULAWESI TENGAH,72,KAB. BANGGAI LAUT,7211,Negeri dan Swasta,23,24,22,42,111,111
2024,PROV. SULAWESI TENGAH,72,KAB. MOROWALI UTARA,7212,Swasta,9,6,1,2,18,18
2024,PROV. SULAWESI TENGAH,72,KAB. MOROWALI UTARA,7212,Negeri dan Swasta,86,47,29,18,180,180
2024,PROV. SULAWESI TENGAH,72,KAB. MOROWALI UTARA,7212,Negeri,77,41,28,16,162,162
2024,PROV. SULAWESI TENGAH,72,KOTA PALU,7271,Swasta,82,13,4,6,105,105
2024,PROV. SULAWESI TENGAH,72,KOTA PALU,7271,Negeri,90,37,38,22,187,187
2024,PROV. SULAWESI TENGAH,72,KOTA PALU,7271,Negeri dan Swasta,172,50,42,28,292,292
2024,PROV. SULAWESI SELATAN,73,KAB. KEPULAUAN SELAYAR,7301,Swasta,6,6,0,0,12,12
2024,PROV. SULAWESI SELATAN,73,KAB. KEPULAUAN SELAYAR,7301,Negeri,82,67,33,31,213,213
2024,PROV. SULAWESI SELATAN,73,KAB. KEPULAUAN SELAYAR,7301,Negeri dan Swasta,88,73,33,31,225,225
2024,PROV. SULAWESI SELATAN,73,KAB. BULUKUMBA,7302,Negeri dan Swasta,120,128,216,29,493,493
2024,PROV. SULAWESI SELATAN,73,KAB. BULUKUMBA,7302,Negeri,117,117,203,26,463,463
2024,PROV. SULAWESI SELATAN,73,KAB. BULUKUMBA,7302,Swasta,3,11,13,3,30,30
2024,PROV. SULAWESI SELATAN,73,KAB. BANTAENG,7303,Negeri dan Swasta,68,53,48,34,203,203
2024,PROV. SULAWESI SELATAN,73,KAB. BANTAENG,7303,Swasta,6,7,9,4,26,26
2024,PROV. SULAWESI SELATAN,73,KAB. BANTAENG,7303,Negeri,62,46,39,30,177,177
2024,PROV. SULAWESI SELATAN,73,KAB. JENEPONTO,7304,Negeri,104,92,131,33,360,360
2024,PROV. SULAWESI SELATAN,73,KAB. JENEPONTO,7304,Swasta,7,8,10,7,32,32
2024,PROV. SULAWESI SELATAN,73,KAB. JENEPONTO,7304,Negeri dan Swasta,111,100,141,40,392,392
2024,PROV. SULAWESI SELATAN,73,KAB. TAKALAR,7305,Swasta,21,6,5,2,34,34
2024,PROV. SULAWESI SELATAN,73,KAB. TAKALAR,7305,Negeri,83,40,47,94,264,264
2024,PROV. SULAWESI SELATAN,73,KAB. TAKALAR,7305,Negeri dan Swasta,104,46,52,96,298,298
2024,PROV. SULAWESI SELATAN,73,KAB. GOWA,7306,Negeri dan Swasta,192,141,164,39,536,536
2024,PROV. SULAWESI SELATAN,73,KAB. GOWA,7306,Swasta,56,25,17,4,102,102
2024,PROV. SULAWESI SELATAN,73,KAB. GOWA,7306,Negeri,136,116,147,35,434,434
2024,PROV. SULAWESI SELATAN,73,KAB. SINJAI,7307,Negeri dan Swasta,90,95,107,23,315,315
2024,PROV. SULAWESI SELATAN,73,KAB. SINJAI,7307,Swasta,11,3,2,0,16,16
2024,PROV. SULAWESI SELATAN,73,KAB. SINJAI,7307,Negeri,79,92,105,23,299,299
2024,PROV. SULAWESI SELATAN,73,KAB. BONE,7308,Negeri dan Swasta,365,151,136,104,756,756
2024,PROV. SULAWESI SELATAN,73,KAB. BONE,7308,Negeri,331,136,128,100,695,695
2024,PROV. SULAWESI SELATAN,73,KAB. BONE,7308,Swasta,34,15,8,4,61,61
2024,PROV. SULAWESI SELATAN,73,KAB. MAROS,7309,Negeri,96,78,104,20,298,298
2024,PROV. SULAWESI SELATAN,73,KAB. MAROS,7309,Swasta,35,19,23,2,79,79
2024,PROV. SULAWESI SELATAN,73,KAB. MAROS,7309,Negeri dan Swasta,131,97,127,22,377,377
2024,PROV. SULAWESI SELATAN,73,KAB. PANGKAJENE DAN KEPULAUAN,7310,Negeri,101,121,120,38,380,380
2024,PROV. SULAWESI SELATAN,73,KAB. PANGKAJENE DAN KEPULAUAN,7310,Negeri dan Swasta,126,126,125,40,417,417
2024,PROV. SULAWESI SELATAN,73,KAB. PANGKAJENE DAN KEPULAUAN,7310,Swasta,25,5,5,2,37,37
2024,PROV. SULAWESI SELATAN,73,KAB. BARRU,7311,Negeri dan Swasta,120,83,25,37,265,265
2024,PROV. SULAWESI SELATAN,73,KAB. BARRU,7311,Negeri,115,79,25,34,253,253
2024,PROV. SULAWESI SELATAN,73,KAB. BARRU,7311,Swasta,5,4,0,3,12,12
2024,PROV. SULAWESI SELATAN,73,KAB. SOPPENG,7312,Swasta,24,10,6,3,43,43
2024,PROV. SULAWESI SELATAN,73,KAB. SOPPENG,7312,Negeri,103,54,57,90,304,304
2024,PROV. SULAWESI SELATAN,73,KAB. SOPPENG,7312,Negeri dan Swasta,127,64,63,93,347,347
2024,PROV. SULAWESI SELATAN,73,KAB. WAJO,7313,Negeri,120,142,130,78,470,470
2024,PROV. SULAWESI SELATAN,73,KAB. WAJO,7313,Swasta,26,5,3,2,36,36
2024,PROV. SULAWESI SELATAN,73,KAB. WAJO,7313,Negeri dan Swasta,146,147,133,80,506,506
2024,PROV. SULAWESI SELATAN,73,KAB. SIDENRENG RAPPANG,7314,Negeri dan Swasta,155,70,104,16,345,345
2024,PROV. SULAWESI SELATAN,73,KAB. SIDENRENG RAPPANG,7314,Swasta,14,10,1,0,25,25
2024,PROV. SULAWESI SELATAN,73,KAB. SIDENRENG RAPPANG,7314,Negeri,141,60,103,16,320,320
2024,PROV. SULAWESI SELATAN,73,KAB. PINRANG,7315,Negeri,131,90,115,24,360,360
2024,PROV. SULAWESI SELATAN,73,KAB. PINRANG,7315,Negeri dan Swasta,149,97,119,24,389,389
2024,PROV. SULAWESI SELATAN,73,KAB. PINRANG,7315,Swasta,18,7,4,0,29,29
2024,PROV. SULAWESI SELATAN,73,KAB. ENREKANG,7316,Negeri,63,91,96,25,275,275
2024,PROV. SULAWESI SELATAN,73,KAB. ENREKANG,7316,Swasta,15,2,6,2,25,25
2024,PROV. SULAWESI SELATAN,73,KAB. ENREKANG,7316,Negeri dan Swasta,78,93,102,27,300,300
2024,PROV. SULAWESI SELATAN,73,KAB. LUWU,7317,Negeri,125,80,95,38,338,338
2024,PROV. SULAWESI SELATAN,73,KAB. LUWU,7317,Negeri dan Swasta,143,86,100,42,371,371
2024,PROV. SULAWESI SELATAN,73,KAB. LUWU,7317,Swasta,18,6,5,4,33,33
2024,PROV. SULAWESI SELATAN,73,KAB. TANA TORAJA,7318,Negeri,99,108,43,33,283,283
2024,PROV. SULAWESI SELATAN,73,KAB. TANA TORAJA,7318,Negeri dan Swasta,123,123,49,35,330,330
2024,PROV. SULAWESI SELATAN,73,KAB. TANA TORAJA,7318,Swasta,24,15,6,2,47,47
2024,PROV. SULAWESI SELATAN,73,KAB. LUWU UTARA,7322,Negeri,102,91,76,65,334,334
2024,PROV. SULAWESI SELATAN,73,KAB. LUWU UTARA,7322,Negeri dan Swasta,108,94,78,66,346,346
2024,PROV. SULAWESI SELATAN,73,KAB. LUWU UTARA,7322,Swasta,6,3,2,1,12,12
2024,PROV. SULAWESI SELATAN,73,KAB. LUWU TIMUR,7324,Negeri dan Swasta,103,69,52,28,252,252
2024,PROV. SULAWESI SELATAN,73,KAB. LUWU TIMUR,7324,Swasta,15,7,7,4,33,33
2024,PROV. SULAWESI SELATAN,73,KAB. LUWU TIMUR,7324,Negeri,88,62,45,24,219,219
2024,PROV. SULAWESI SELATAN,73,KAB. TORAJA UTARA,7326,Swasta,23,10,3,2,38,38
2024,PROV. SULAWESI SELATAN,73,KAB. TORAJA UTARA,7326,Negeri,86,80,55,50,271,271
2024,PROV. SULAWESI SELATAN,73,KAB. TORAJA UTARA,7326,Negeri dan Swasta,109,90,58,52,309,309
2024,PROV. SULAWESI SELATAN,73,KOTA MAKASSAR,7371,Negeri dan Swasta,556,218,139,92,1005,1005
2024,PROV. SULAWESI SELATAN,73,KOTA MAKASSAR,7371,Negeri,171,93,82,60,406,406
2024,PROV. SULAWESI SELATAN,73,KOTA MAKASSAR,7371,Swasta,385,125,57,32,599,599
2024,PROV. SULAWESI SELATAN,73,KOTA PAREPARE,7372,Swasta,30,9,9,3,51,51
2024,PROV. SULAWESI SELATAN,73,KOTA PAREPARE,7372,Negeri,36,32,29,9,106,106
2024,PROV. SULAWESI SELATAN,73,KOTA PAREPARE,7372,Negeri dan Swasta,66,41,38,12,157,157
2024,PROV. SULAWESI SELATAN,73,KOTA PALOPO,7373,Negeri dan Swasta,90,25,28,11,154,154
2024,PROV. SULAWESI SELATAN,73,KOTA PALOPO,7373,Negeri,53,19,15,9,96,96
2024,PROV. SULAWESI SELATAN,73,KOTA PALOPO,7373,Swasta,37,6,13,2,58,58
2024,PROV. SULAWESI TENGGARA,74,KAB. KOLAKA,7401,Negeri,88,81,25,15,209,209
2024,PROV. SULAWESI TENGGARA,74,KAB. KOLAKA,7401,Negeri dan Swasta,101,83,28,16,228,228
2024,PROV. SULAWESI TENGGARA,74,KAB. KOLAKA,7401,Swasta,13,2,3,1,19,19
2024,PROV. SULAWESI TENGGARA,74,KAB. KONAWE,7402,Swasta,10,3,0,1,14,14
2024,PROV. SULAWESI TENGGARA,74,KAB. KONAWE,7402,Negeri,125,83,54,85,347,347
2024,PROV. SULAWESI TENGGARA,74,KAB. KONAWE,7402,Negeri dan Swasta,135,86,54,86,361,361
2024,PROV. SULAWESI TENGGARA,74,KAB. MUNA,7403,Negeri,98,32,62,88,280,280
2024,PROV. SULAWESI TENGGARA,74,KAB. MUNA,7403,Swasta,20,5,10,8,43,43
2024,PROV. SULAWESI TENGGARA,74,KAB. MUNA,7403,Negeri dan Swasta,118,37,72,96,323,323
2024,PROV. SULAWESI TENGGARA,74,KAB. BUTON,7404,Swasta,2,1,2,0,5,5
2024,PROV. SULAWESI TENGGARA,74,KAB. BUTON,7404,Negeri,92,60,37,31,220,220
2024,PROV. SULAWESI TENGGARA,74,KAB. BUTON,7404,Negeri dan Swasta,94,61,39,31,225,225
2024,PROV. SULAWESI TENGGARA,74,KAB. KONAWE SELATAN,7405,Swasta,7,3,0,0,10,10
2024,PROV. SULAWESI TENGGARA,74,KAB. KONAWE SELATAN,7405,Negeri dan Swasta,121,153,138,35,447,447
2024,PROV. SULAWESI TENGGARA,74,KAB. KONAWE SELATAN,7405,Negeri,114,150,138,35,437,437
2024,PROV. SULAWESI TENGGARA,74,KAB. BOMBANA,7406,Swasta,12,1,3,4,20,20
2024,PROV. SULAWESI TENGGARA,74,KAB. BOMBANA,7406,Negeri,96,51,36,32,215,215
2024,PROV. SULAWESI TENGGARA,74,KAB. BOMBANA,7406,Negeri dan Swasta,108,52,39,36,235,235
2024,PROV. SULAWESI TENGGARA,74,KAB. WAKATOBI,7407,Swasta,4,2,2,2,10,10
2024,PROV. SULAWESI TENGGARA,74,KAB. WAKATOBI,7407,Negeri dan Swasta,40,57,61,32,190,190
2024,PROV. SULAWESI TENGGARA,74,KAB. WAKATOBI,7407,Negeri,36,55,59,30,180,180
2024,PROV. SULAWESI TENGGARA,74,KAB. KOLAKA UTARA,7408,Negeri dan Swasta,58,43,23,33,157,157
2024,PROV. SULAWESI TENGGARA,74,KAB. KOLAKA UTARA,7408,Negeri,57,40,22,33,152,152
2024,PROV. SULAWESI TENGGARA,74,KAB. KOLAKA UTARA,7408,Swasta,1,3,1,0,5,5
2024,PROV. SULAWESI TENGGARA,74,KAB. KONAWE UTARA,7409,Negeri dan Swasta,74,46,29,15,164,164
2024,PROV. SULAWESI TENGGARA,74,KAB. KONAWE UTARA,7409,Negeri,74,45,29,14,162,162
2024,PROV. SULAWESI TENGGARA,74,KAB. KONAWE UTARA,7409,Swasta,0,1,0,1,2,2
2024,PROV. SULAWESI TENGGARA,74,KAB. BUTON UTARA,7410,Negeri dan Swasta,58,17,36,24,135,135
2024,PROV. SULAWESI TENGGARA,74,KAB. BUTON UTARA,7410,Negeri,58,17,36,24,135,135
2024,PROV. SULAWESI TENGGARA,74,KAB. BUTON UTARA,7410,Swasta,0,0,0,0,0,0
2024,PROV. SULAWESI TENGGARA,74,KAB. KOLAKA TIMUR,7411,Negeri dan Swasta,73,49,31,19,172,172
2024,PROV. SULAWESI TENGGARA,74,KAB. KOLAKA TIMUR,7411,Swasta,4,1,0,0,5,5
2024,PROV. SULAWESI TENGGARA,74,KAB. KOLAKA TIMUR,7411,Negeri,69,48,31,19,167,167
2024,PROV. SULAWESI TENGGARA,74,KAB. KONAWE KEPULAUAN,7412,Negeri dan Swasta,26,15,38,3,82,82
2024,PROV. SULAWESI TENGGARA,74,KAB. KONAWE KEPULAUAN,7412,Negeri,26,15,38,2,81,81
2024,PROV. SULAWESI TENGGARA,74,KAB. KONAWE KEPULAUAN,7412,Swasta,0,0,0,1,1,1
2024,PROV. SULAWESI TENGGARA,74,KAB. MUNA BARAT,7413,Swasta,4,1,1,2,8,8
2024,PROV. SULAWESI TENGGARA,74,KAB. MUNA BARAT,7413,Negeri dan Swasta,61,23,27,44,155,155
2024,PROV. SULAWESI TENGGARA,74,KAB. MUNA BARAT,7413,Negeri,57,22,26,42,147,147
2024,PROV. SULAWESI TENGGARA,74,KAB. BUTON TENGAH,7414,Negeri dan Swasta,60,40,44,9,153,153
2024,PROV. SULAWESI TENGGARA,74,KAB. BUTON TENGAH,7414,Swasta,5,0,0,0,5,5
2024,PROV. SULAWESI TENGGARA,74,KAB. BUTON TENGAH,7414,Negeri,55,40,44,9,148,148
2024,PROV. SULAWESI TENGGARA,74,KAB. BUTON SELATAN,7415,Negeri,45,27,22,22,116,116
2024,PROV. SULAWESI TENGGARA,74,KAB. BUTON SELATAN,7415,Negeri dan Swasta,45,28,22,22,117,117
2024,PROV. SULAWESI TENGGARA,74,KAB. BUTON SELATAN,7415,Swasta,0,1,0,0,1,1
2024,PROV. SULAWESI TENGGARA,74,KOTA KENDARI,7471,Swasta,51,17,11,5,84,84
2024,PROV. SULAWESI TENGGARA,74,KOTA KENDARI,7471,Negeri,86,25,55,9,175,175
2024,PROV. SULAWESI TENGGARA,74,KOTA KENDARI,7471,Negeri dan Swasta,137,42,66,14,259,259
2024,PROV. SULAWESI TENGGARA,74,KOTA BAU BAU,7472,Swasta,10,8,5,0,23,23
2024,PROV. SULAWESI TENGGARA,74,KOTA BAU BAU,7472,Negeri,41,21,16,28,106,106
2024,PROV. SULAWESI TENGGARA,74,KOTA BAU BAU,7472,Negeri dan Swasta,51,29,21,28,129,129
2024,PROV. GORONTALO,75,KAB. GORONTALO,7501,Negeri dan Swasta,175,94,70,50,389,389
2024,PROV. GORONTALO,75,KAB. GORONTALO,7501,Swasta,29,4,3,0,36,36
2024,PROV. GORONTALO,75,KAB. GORONTALO,7501,Negeri,146,90,67,50,353,353
2024,PROV. GORONTALO,75,KAB. BOALEMO,7502,Negeri,137,50,65,17,269,269
2024,PROV. GORONTALO,75,KAB. BOALEMO,7502,Swasta,3,0,0,0,3,3
2024,PROV. GORONTALO,75,KAB. BOALEMO,7502,Negeri dan Swasta,140,50,65,17,272,272
2024,PROV. GORONTALO,75,KAB. BONE BOLANGO,7503,Negeri,86,36,71,5,198,198
2024,PROV. GORONTALO,75,KAB. BONE BOLANGO,7503,Swasta,6,0,0,0,6,6
2024,PROV. GORONTALO,75,KAB. BONE BOLANGO,7503,Negeri dan Swasta,92,36,71,5,204,204
2024,PROV. GORONTALO,75,KAB. POHUWATO,7504,Negeri,66,64,35,26,191,191
2024,PROV. GORONTALO,75,KAB. POHUWATO,7504,Swasta,6,3,0,1,10,10
2024,PROV. GORONTALO,75,KAB. POHUWATO,7504,Negeri dan Swasta,72,67,35,27,201,201
2024,PROV. GORONTALO,75,KAB. GORONTALO UTARA,7505,Negeri dan Swasta,86,37,27,53,203,203
2024,PROV. GORONTALO,75,KAB. GORONTALO UTARA,7505,Swasta,3,0,0,0,3,3
2024,PROV. GORONTALO,75,KAB. GORONTALO UTARA,7505,Negeri,83,37,27,53,200,200
2024,PROV. GORONTALO,75,KOTA GORONTALO,7571,Swasta,25,6,4,0,35,35
2024,PROV. GORONTALO,75,KOTA GORONTALO,7571,Negeri,70,26,28,8,132,132
2024,PROV. GORONTALO,75,KOTA GORONTALO,7571,Negeri dan Swasta,95,32,32,8,167,167
2024,PROV. SULAWESI BARAT,76,KAB. PASANGKAYU,7601,Swasta,10,1,3,0,14,14
2024,PROV. SULAWESI BARAT,76,KAB. PASANGKAYU,7601,Negeri dan Swasta,119,36,43,20,218,218
2024,PROV. SULAWESI BARAT,76,KAB. PASANGKAYU,7601,Negeri,109,35,40,20,204,204
2024,PROV. SULAWESI BARAT,76,KAB. MAMUJU,7602,Negeri,78,39,70,80,267,267
2024,PROV. SULAWESI BARAT,76,KAB. MAMUJU,7602,Swasta,10,5,5,2,22,22
2024,PROV. SULAWESI BARAT,76,KAB. MAMUJU,7602,Negeri dan Swasta,88,44,75,82,289,289
2024,PROV. SULAWESI BARAT,76,KAB. MAMASA,7603,Negeri dan Swasta,58,67,92,84,301,301
2024,PROV. SULAWESI BARAT,76,KAB. MAMASA,7603,Swasta,10,11,8,10,39,39
2024,PROV. SULAWESI BARAT,76,KAB. MAMASA,7603,Negeri,48,56,84,74,262,262
2024,PROV. SULAWESI BARAT,76,KAB. POLEWALI MANDAR,7604,Negeri,126,132,91,51,400,400
2024,PROV. SULAWESI BARAT,76,KAB. POLEWALI MANDAR,7604,Negeri dan Swasta,139,135,93,53,420,420
2024,PROV. SULAWESI BARAT,76,KAB. POLEWALI MANDAR,7604,Swasta,13,3,2,2,20,20
2024,PROV. SULAWESI BARAT,76,KAB. MAJENE,7605,Swasta,3,1,0,4,8,8
2024,PROV. SULAWESI BARAT,76,KAB. MAJENE,7605,Negeri dan Swasta,90,39,61,59,249,249
2024,PROV. SULAWESI BARAT,76,KAB. MAJENE,7605,Negeri,87,38,61,55,241,241
2024,PROV. SULAWESI BARAT,76,KAB. MAMUJU TENGAH,7606,Negeri dan Swasta,51,46,44,25,166,166
2024,PROV. SULAWESI BARAT,76,KAB. MAMUJU TENGAH,7606,Swasta,4,0,2,3,9,9
2024,PROV. SULAWESI BARAT,76,KAB. MAMUJU TENGAH,7606,Negeri,47,46,42,22,157,157
2024,PROV. MALUKU,81,KAB. MALUKU TENGAH,8101,Negeri dan Swasta,268,102,102,72,544,544
2024,PROV. MALUKU,81,KAB. MALUKU TENGAH,8101,Negeri,230,91,97,62,480,480
2024,PROV. MALUKU,81,KAB. MALUKU TENGAH,8101,Swasta,38,11,5,10,64,64
2024,PROV. MALUKU,81,KAB. MALUKU TENGGARA,8102,Negeri,43,20,36,2,101,101
2024,PROV. MALUKU,81,KAB. MALUKU TENGGARA,8102,Swasta,46,23,40,4,113,113
2024,PROV. MALUKU,81,KAB. MALUKU TENGGARA,8102,Negeri dan Swasta,89,43,76,6,214,214
2024,PROV. MALUKU,81,KAB. KEPULAUAN TANIMBAR,8103,Negeri,47,18,23,15,103,103
2024,PROV. MALUKU,81,KAB. KEPULAUAN TANIMBAR,8103,Negeri dan Swasta,66,42,38,31,177,177
2024,PROV. MALUKU,81,KAB. KEPULAUAN TANIMBAR,8103,Swasta,19,24,15,16,74,74
2024,PROV. MALUKU,81,KAB. BURU,8104,Swasta,13,8,7,19,47,47
2024,PROV. MALUKU,81,KAB. BURU,8104,Negeri,55,27,34,79,195,195
2024,PROV. MALUKU,81,KAB. BURU,8104,Negeri dan Swasta,68,35,41,98,242,242
2024,PROV. MALUKU,81,KAB. SERAM BAGIAN TIMUR,8105,Swasta,7,6,6,9,28,28
2024,PROV. MALUKU,81,KAB. SERAM BAGIAN TIMUR,8105,Negeri,29,57,51,44,181,181
2024,PROV. MALUKU,81,KAB. SERAM BAGIAN TIMUR,8105,Negeri dan Swasta,36,63,57,53,209,209
2024,PROV. MALUKU,81,KAB. SERAM BAGIAN BARAT,8106,Negeri,100,49,64,31,244,244
2024,PROV. MALUKU,81,KAB. SERAM BAGIAN BARAT,8106,Swasta,25,9,22,5,61,61
2024,PROV. MALUKU,81,KAB. SERAM BAGIAN BARAT,8106,Negeri dan Swasta,125,58,86,36,305,305
2024,PROV. MALUKU,81,KAB. KEPULAUAN ARU,8107,Negeri,43,13,17,15,88,88
2024,PROV. MALUKU,81,KAB. KEPULAUAN ARU,8107,Negeri dan Swasta,86,19,26,22,153,153
2024,PROV. MALUKU,81,KAB. KEPULAUAN ARU,8107,Swasta,43,6,9,7,65,65
2024,PROV. MALUKU,81,KAB. MALUKU BARAT DAYA,8108,Swasta,10,11,10,9,40,40
2024,PROV. MALUKU,81,KAB. MALUKU BARAT DAYA,8108,Negeri dan Swasta,50,40,29,31,150,150
2024,PROV. MALUKU,81,KAB. MALUKU BARAT DAYA,8108,Negeri,40,29,19,22,110,110
2024,PROV. MALUKU,81,KAB. BURU SELATAN,8109,Negeri dan Swasta,71,19,24,17,131,131
2024,PROV. MALUKU,81,KAB. BURU SELATAN,8109,Swasta,9,4,6,5,24,24
2024,PROV. MALUKU,81,KAB. BURU SELATAN,8109,Negeri,62,15,18,12,107,107
2024,PROV. MALUKU,81,KOTA AMBON,8171,Negeri,81,38,48,42,209,209
2024,PROV. MALUKU,81,KOTA AMBON,8171,Swasta,57,28,20,8,113,113
2024,PROV. MALUKU,81,KOTA AMBON,8171,Negeri dan Swasta,138,66,68,50,322,322
2024,PROV. MALUKU,81,KOTA TUAL,8172,Negeri,36,10,13,8,67,67
2024,PROV. MALUKU,81,KOTA TUAL,8172,Negeri dan Swasta,50,13,15,11,89,89
2024,PROV. MALUKU,81,KOTA TUAL,8172,Swasta,14,3,2,3,22,22
2024,PROV. MALUKU UTARA,82,KAB. HALMAHERA BARAT,8201,Negeri dan Swasta,64,56,91,31,242,242
2024,PROV. MALUKU UTARA,82,KAB. HALMAHERA BARAT,8201,Negeri,47,46,74,26,193,193
2024,PROV. MALUKU UTARA,82,KAB. HALMAHERA BARAT,8201,Swasta,17,10,17,5,49,49
2024,PROV. MALUKU UTARA,82,KAB. HALMAHERA TENGAH,8202,Swasta,1,1,0,0,2,2
2024,PROV. MALUKU UTARA,82,KAB. HALMAHERA TENGAH,8202,Negeri,16,32,27,15,90,90
2024,PROV. MALUKU UTARA,82,KAB. HALMAHERA TENGAH,8202,Negeri dan Swasta,17,33,27,15,92,92
2024,PROV. MALUKU UTARA,82,KAB. HALMAHERA UTARA,8203,Swasta,36,20,8,20,84,84
2024,PROV. MALUKU UTARA,82,KAB. HALMAHERA UTARA,8203,Negeri dan Swasta,94,54,28,51,227,227
2024,PROV. MALUKU UTARA,82,KAB. HALMAHERA UTARA,8203,Negeri,58,34,20,31,143,143
2024,PROV. MALUKU UTARA,82,KAB. HALMAHERA SELATAN,8204,Swasta,18,13,16,4,51,51
2024,PROV. MALUKU UTARA,82,KAB. HALMAHERA SELATAN,8204,Negeri,58,71,105,48,282,282
2024,PROV. MALUKU UTARA,82,KAB. HALMAHERA SELATAN,8204,Negeri dan Swasta,76,84,121,52,333,333
2024,PROV. MALUKU UTARA,82,KAB. KEPULAUAN SULA,8205,Swasta,2,1,3,1,7,7
2024,PROV. MALUKU UTARA,82,KAB. KEPULAUAN SULA,8205,Negeri dan Swasta,51,36,50,25,162,162
2024,PROV. MALUKU UTARA,82,KAB. KEPULAUAN SULA,8205,Negeri,49,35,47,24,155,155
2024,PROV. MALUKU UTARA,82,KAB. HALMAHERA TIMUR,8206,Swasta,5,3,3,0,11,11
2024,PROV. MALUKU UTARA,82,KAB. HALMAHERA TIMUR,8206,Negeri,52,45,40,12,149,149
2024,PROV. MALUKU UTARA,82,KAB. HALMAHERA TIMUR,8206,Negeri dan Swasta,57,48,43,12,160,160
2024,PROV. MALUKU UTARA,82,KAB. PULAU MOROTAI,8207,Swasta,10,7,2,12,31,31
2024,PROV. MALUKU UTARA,82,KAB. PULAU MOROTAI,8207,Negeri,15,10,18,15,58,58
2024,PROV. MALUKU UTARA,82,KAB. PULAU MOROTAI,8207,Negeri dan Swasta,25,17,20,27,89,89
2024,PROV. MALUKU UTARA,82,KAB. PULAU TALIABU,8208,Negeri,22,30,22,16,90,90
2024,PROV. MALUKU UTARA,82,KAB. PULAU TALIABU,8208,Negeri dan Swasta,24,31,22,16,93,93
2024,PROV. MALUKU UTARA,82,KAB. PULAU TALIABU,8208,Swasta,2,1,0,0,3,3
2024,PROV. MALUKU UTARA,82,KOTA TERNATE,8271,Negeri,44,13,23,44,124,124
2024,PROV. MALUKU UTARA,82,KOTA TERNATE,8271,Negeri dan Swasta,72,21,31,56,180,180
2024,PROV. MALUKU UTARA,82,KOTA TERNATE,8271,Swasta,28,8,8,12,56,56
2024,PROV. MALUKU UTARA,82,KOTA TIDORE KEPULAUAN,8272,Negeri,62,28,64,12,166,166
2024,PROV. MALUKU UTARA,82,KOTA TIDORE KEPULAUAN,8272,Swasta,8,4,10,3,25,25
2024,PROV. MALUKU UTARA,82,KOTA TIDORE KEPULAUAN,8272,Negeri dan Swasta,70,32,74,15,191,191
2024,PROV. PAPUA,91,KAB. JAYAPURA,9103,Swasta,38,29,26,9,102,102
2024,PROV. PAPUA,91,KAB. JAYAPURA,9103,Negeri dan Swasta,67,67,65,32,231,231
2024,PROV. PAPUA,91,KAB. JAYAPURA,9103,Negeri,29,38,39,23,129,129
2024,PROV. PAPUA,91,KAB. KEPULAUAN YAPEN,9105,Negeri,13,13,9,13,48,48
2024,PROV. PAPUA,91,KAB. KEPULAUAN YAPEN,9105,Negeri dan Swasta,22,19,15,25,81,81
2024,PROV. PAPUA,91,KAB. KEPULAUAN YAPEN,9105,Swasta,9,6,6,12,33,33
2024,PROV. PAPUA,91,KAB. BIAK NUMFOR,9106,Negeri dan Swasta,71,51,77,27,226,226
2024,PROV. PAPUA,91,KAB. BIAK NUMFOR,9106,Swasta,27,20,30,8,85,85
2024,PROV. PAPUA,91,KAB. BIAK NUMFOR,9106,Negeri,44,31,47,19,141,141
2024,PROV. PAPUA,91,KAB. SARMI,9110,Negeri,7,11,6,10,34,34
2024,PROV. PAPUA,91,KAB. SARMI,9110,Swasta,4,2,1,0,7,7
2024,PROV. PAPUA,91,KAB. SARMI,9110,Negeri dan Swasta,11,13,7,10,41,41
2024,PROV. PAPUA,91,KAB. KEEROM,9111,Negeri dan Swasta,21,19,17,14,71,71
2024,PROV. PAPUA,91,KAB. KEEROM,9111,Swasta,6,8,3,1,18,18
2024,PROV. PAPUA,91,KAB. KEEROM,9111,Negeri,15,11,14,13,53,53
2024,PROV. PAPUA,91,KAB. WAROPEN,9115,Negeri dan Swasta,8,12,10,15,45,45
2024,PROV. PAPUA,91,KAB. WAROPEN,9115,Swasta,2,0,0,7,9,9
2024,PROV. PAPUA,91,KAB. WAROPEN,9115,Negeri,6,12,10,8,36,36
2024,PROV. PAPUA,91,KAB. SUPIORI,9119,Negeri,19,11,18,22,70,70
2024,PROV. PAPUA,91,KAB. SUPIORI,9119,Swasta,1,1,0,0,2,2
2024,PROV. PAPUA,91,KAB. SUPIORI,9119,Negeri dan Swasta,20,12,18,22,72,72
2024,PROV. PAPUA,91,KAB. MAMBERAMO RAYA,9120,Swasta,0,0,0,1,1,1
2024,PROV. PAPUA,91,KAB. MAMBERAMO RAYA,9120,Negeri dan Swasta,6,1,1,12,20,20
2024,PROV. PAPUA,91,KAB. MAMBERAMO RAYA,9120,Negeri,6,1,1,11,19,19
2024,PROV. PAPUA,91,KOTA JAYAPURA,9171,Swasta,42,21,19,17,99,99
2024,PROV. PAPUA,91,KOTA JAYAPURA,9171,Negeri dan Swasta,78,34,39,33,184,184
2024,PROV. PAPUA,91,KOTA JAYAPURA,9171,Negeri,36,13,20,16,85,85
2024,PROV. PAPUA BARAT,92,KAB. MANOKWARI,9202,Negeri,47,19,19,10,95,95
2024,PROV. PAPUA BARAT,92,KAB. MANOKWARI,9202,Swasta,20,14,3,6,43,43
2024,PROV. PAPUA BARAT,92,KAB. MANOKWARI,9202,Negeri dan Swasta,67,33,22,16,138,138
2024,PROV. PAPUA BARAT,92,KAB. FAK FAK,9203,Swasta,22,7,2,2,33,33
2024,PROV. PAPUA BARAT,92,KAB. FAK FAK,9203,Negeri dan Swasta,49,31,16,19,115,115
2024,PROV. PAPUA BARAT,92,KAB. FAK FAK,9203,Negeri,27,24,14,17,82,82
2024,PROV. PAPUA BARAT,92,KAB. TELUK BINTUNI,9206,Negeri,18,19,12,11,60,60
2024,PROV. PAPUA BARAT,92,KAB. TELUK BINTUNI,9206,Swasta,6,9,8,3,26,26
2024,PROV. PAPUA BARAT,92,KAB. TELUK BINTUNI,9206,Negeri dan Swasta,24,28,20,14,86,86
2024,PROV. PAPUA BARAT,92,KAB. TELUK WONDAMA,9207,Swasta,8,5,1,2,16,16
2024,PROV. PAPUA BARAT,92,KAB. TELUK WONDAMA,9207,Negeri,12,12,8,5,37,37
2024,PROV. PAPUA BARAT,92,KAB. TELUK WONDAMA,9207,Negeri dan Swasta,20,17,9,7,53,53
2024,PROV. PAPUA BARAT,92,KAB. KAIMANA,9208,Negeri dan Swasta,17,10,5,8,40,40
2024,PROV. PAPUA BARAT,92,KAB. KAIMANA,9208,Swasta,6,4,2,1,13,13
2024,PROV. PAPUA BARAT,92,KAB. KAIMANA,9208,Negeri,11,6,3,7,27,27
2024,PROV. PAPUA BARAT,92,KAB. MANOKWARI SELATAN,9211,Negeri,8,9,1,2,20,20
2024,PROV. PAPUA BARAT,92,KAB. MANOKWARI SELATAN,9211,Negeri dan Swasta,9,16,3,2,30,30
2024,PROV. PAPUA BARAT,92,KAB. MANOKWARI SELATAN,9211,Swasta,1,7,2,0,10,10
2024,PROV. PAPUA BARAT,92,KAB. PEGUNUNGAN ARFAK,9212,Negeri dan Swasta,20,7,2,3,32,32
2024,PROV. PAPUA BARAT,92,KAB. PEGUNUNGAN ARFAK,9212,Swasta,0,0,0,0,0,0
2024,PROV. PAPUA BARAT,92,KAB. PEGUNUNGAN ARFAK,9212,Negeri,20,7,2,3,32,32
2024,PROV. PAPUA SELATAN,93,KAB. MERAUKE,9301,Negeri dan Swasta,107,58,48,24,237,237
2024,PROV. PAPUA SELATAN,93,KAB. MERAUKE,9301,Negeri,64,36,31,17,148,148
2024,PROV. PAPUA SELATAN,93,KAB. MERAUKE,9301,Swasta,43,22,17,7,89,89
2024,PROV. PAPUA SELATAN,93,KAB. BOVEN DIGOEL,9302,Swasta,13,14,4,2,33,33
2024,PROV. PAPUA SELATAN,93,KAB. BOVEN DIGOEL,9302,Negeri,12,19,14,7,52,52
2024,PROV. PAPUA SELATAN,93,KAB. BOVEN DIGOEL,9302,Negeri dan Swasta,25,33,18,9,85,85
2024,PROV. PAPUA SELATAN,93,KAB. MAPPI,9303,Negeri,24,12,4,3,43,43
2024,PROV. PAPUA SELATAN,93,KAB. MAPPI,9303,Negeri dan Swasta,31,20,7,6,64,64
2024,PROV. PAPUA SELATAN,93,KAB. MAPPI,9303,Swasta,7,8,3,3,21,21
2024,PROV. PAPUA SELATAN,93,KAB. ASMAT,9304,Negeri,13,10,5,4,32,32
2024,PROV. PAPUA SELATAN,93,KAB. ASMAT,9304,Negeri dan Swasta,22,15,7,4,48,48
2024,PROV. PAPUA SELATAN,93,KAB. ASMAT,9304,Swasta,9,5,2,0,16,16
2024,PROV. PAPUA TENGAH,94,KAB. NABIRE,9401,Negeri,21,28,15,7,71,71
2024,PROV. PAPUA TENGAH,94,KAB. NABIRE,9401,Negeri dan Swasta,46,43,32,11,132,132
2024,PROV. PAPUA TENGAH,94,KAB. NABIRE,9401,Swasta,25,15,17,4,61,61
2024,PROV. PAPUA TENGAH,94,KAB. PUNCAK JAYA,9402,Negeri dan Swasta,4,5,0,2,11,11
2024,PROV. PAPUA TENGAH,94,KAB. PUNCAK JAYA,9402,Negeri,4,5,0,2,11,11
2024,PROV. PAPUA TENGAH,94,KAB. PUNCAK JAYA,9402,Swasta,0,0,0,0,0,0
2024,PROV. PAPUA TENGAH,94,KAB. PANIAI,9403,Negeri,5,15,6,5,31,31
2024,PROV. PAPUA TENGAH,94,KAB. PANIAI,9403,Swasta,9,32,8,1,50,50
2024,PROV. PAPUA TENGAH,94,KAB. PANIAI,9403,Negeri dan Swasta,14,47,14,6,81,81
2024,PROV. PAPUA TENGAH,94,KAB. MIMIKA,9404,Swasta,69,18,4,15,106,106
2024,PROV. PAPUA TENGAH,94,KAB. MIMIKA,9404,Negeri,31,25,6,8,70,70
2024,PROV. PAPUA TENGAH,94,KAB. MIMIKA,9404,Negeri dan Swasta,100,43,10,23,176,176
2024,PROV. PAPUA TENGAH,94,KAB. PUNCAK,9405,Negeri,7,2,0,4,13,13
2024,PROV. PAPUA TENGAH,94,KAB. PUNCAK,9405,Swasta,0,0,1,2,3,3
2024,PROV. PAPUA TENGAH,94,KAB. PUNCAK,9405,Negeri dan Swasta,7,2,1,6,16,16
2024,PROV. PAPUA TENGAH,94,KAB. DOGIYAI,9406,Swasta,6,3,7,7,23,23
2024,PROV. PAPUA TENGAH,94,KAB. DOGIYAI,9406,Negeri,6,3,12,6,27,27
2024,PROV. PAPUA TENGAH,94,KAB. DOGIYAI,9406,Negeri dan Swasta,12,6,19,13,50,50
2024,PROV. PAPUA TENGAH,94,KAB. INTAN JAYA,9407,Negeri dan Swasta,5,6,7,7,25,25
2024,PROV. PAPUA TENGAH,94,KAB. INTAN JAYA,9407,Negeri,3,4,6,5,18,18
2024,PROV. PAPUA TENGAH,94,KAB. INTAN JAYA,9407,Swasta,2,2,1,2,7,7
2024,PROV. PAPUA TENGAH,94,KAB. DEIYAI,9408,Negeri,11,1,3,6,21,21
2024,PROV. PAPUA TENGAH,94,KAB. DEIYAI,9408,Swasta,16,7,3,7,33,33
2024,PROV. PAPUA TENGAH,94,KAB. DEIYAI,9408,Negeri dan Swasta,27,8,6,13,54,54
2024,PROV. PAPUA PEGUNUNGAN,95,KAB. JAYAWIJAYA,9501,Swasta,29,20,7,12,68,68
2024,PROV. PAPUA PEGUNUNGAN,95,KAB. JAYAWIJAYA,9501,Negeri dan Swasta,63,34,14,19,130,130
2024,PROV. PAPUA PEGUNUNGAN,95,KAB. JAYAWIJAYA,9501,Negeri,34,14,7,7,62,62
2024,PROV. PAPUA PEGUNUNGAN,95,KAB. PEGUNUNGAN BINTANG,9502,Negeri,10,11,3,1,25,25
2024,PROV. PAPUA PEGUNUNGAN,95,KAB. PEGUNUNGAN BINTANG,9502,Swasta,5,2,0,1,8,8
2024,PROV. PAPUA PEGUNUNGAN,95,KAB. PEGUNUNGAN BINTANG,9502,Negeri dan Swasta,15,13,3,2,33,33
2024,PROV. PAPUA PEGUNUNGAN,95,KAB. YAHUKIMO,9503,Swasta,7,5,7,0,19,19
2024,PROV. PAPUA PEGUNUNGAN,95,KAB. YAHUKIMO,9503,Negeri,7,11,10,9,37,37
2024,PROV. PAPUA PEGUNUNGAN,95,KAB. YAHUKIMO,9503,Negeri dan Swasta,14,16,17,9,56,56
2024,PROV. PAPUA PEGUNUNGAN,95,KAB. TOLIKARA,9504,Negeri,11,7,4,12,34,34
2024,PROV. PAPUA PEGUNUNGAN,95,KAB. TOLIKARA,9504,Swasta,4,4,2,0,10,10
2024,PROV. PAPUA PEGUNUNGAN,95,KAB. TOLIKARA,9504,Negeri dan Swasta,15,11,6,12,44,44
2024,PROV. PAPUA PEGUNUNGAN,95,KAB. MAMBERAMO TENGAH,9505,Negeri dan Swasta,14,1,1,1,17,17
2024,PROV. PAPUA PEGUNUNGAN,95,KAB. MAMBERAMO TENGAH,9505,Negeri,10,1,1,1,13,13
2024,PROV. PAPUA PEGUNUNGAN,95,KAB. MAMBERAMO TENGAH,9505,Swasta,4,0,0,0,4,4
2024,PROV. PAPUA PEGUNUNGAN,95,KAB. YALIMO,9506,Swasta,2,6,5,1,14,14
2024,PROV. PAPUA PEGUNUNGAN,95,KAB. YALIMO,9506,Negeri,17,15,17,9,58,58
2024,PROV. PAPUA PEGUNUNGAN,95,KAB. YALIMO,9506,Negeri dan Swasta,19,21,22,10,72,72
2024,PROV. PAPUA PEGUNUNGAN,95,KAB. LANNY JAYA,9507,Swasta,1,0,1,3,5,5
2024,PROV. PAPUA PEGUNUNGAN,95,KAB. LANNY JAYA,9507,Negeri,7,3,3,20,33,33
2024,PROV. PAPUA PEGUNUNGAN,95,KAB. LANNY JAYA,9507,Negeri dan Swasta,8,3,4,23,38,38
2024,PROV. PAPUA PEGUNUNGAN,95,KAB. NDUGA,9508,Negeri dan Swasta,5,3,3,6,17,17
2024,PROV. PAPUA PEGUNUNGAN,95,KAB. NDUGA,9508,Swasta,1,0,0,0,1,1
2024,PROV. PAPUA PEGUNUNGAN,95,KAB. NDUGA,9508,Negeri,4,3,3,6,16,16
2024,PROV. PAPUA BARAT DAYA,96,KAB. SORONG,9601,Negeri dan Swasta,56,19,39,27,141,141
2024,PROV. PAPUA BARAT DAYA,96,KAB. SORONG,9601,Negeri,38,11,33,23,105,105
2024,PROV. PAPUA BARAT DAYA,96,KAB. SORONG,9601,Swasta,18,8,6,4,36,36
2024,PROV. PAPUA BARAT DAYA,96,KAB. SORONG SELATAN,9602,Negeri dan Swasta,35,22,22,29,108,108
2024,PROV. PAPUA BARAT DAYA,96,KAB. SORONG SELATAN,9602,Negeri,18,8,14,14,54,54
2024,PROV. PAPUA BARAT DAYA,96,KAB. SORONG SELATAN,9602,Swasta,17,14,8,15,54,54
2024,PROV. PAPUA BARAT DAYA,96,KAB. RAJA AMPAT,9603,Negeri,21,19,8,23,71,71
2024,PROV. PAPUA BARAT DAYA,96,KAB. RAJA AMPAT,9603,Negeri dan Swasta,24,24,12,28,88,88
2024,PROV. PAPUA BARAT DAYA,96,KAB. RAJA AMPAT,9603,Swasta,3,5,4,5,17,17
2024,PROV. PAPUA BARAT DAYA,96,KAB. TAMBRAUW,9604,Swasta,11,3,4,4,22,22
2024,PROV. PAPUA BARAT DAYA,96,KAB. TAMBRAUW,9604,Negeri,13,5,7,7,32,32
2024,PROV. PAPUA BARAT DAYA,96,KAB. TAMBRAUW,9604,Negeri dan Swasta,24,8,11,11,54,54
2024,PROV. PAPUA BARAT DAYA,96,KAB. MAYBRAT,9605,Negeri,11,4,8,2,25,25
2024,PROV. PAPUA BARAT DAYA,96,KAB. MAYBRAT,9605,Negeri dan Swasta,17,16,15,8,56,56
2024,PROV. PAPUA BARAT DAYA,96,KAB. MAYBRAT,9605,Swasta,6,12,7,6,31,31
2024,PROV. PAPUA BARAT DAYA,96,KOTA SORONG,9671,Negeri dan Swasta,72,34,21,25,152,152
2024,PROV. PAPUA BARAT DAYA,96,KOTA SORONG,9671,Swasta,49,21,14,11,95,95
2024,PROV. PAPUA BARAT DAYA,96,KOTA SORONG,9671,Negeri,23,13,7,14,57,57
